{"type": "FeatureCollection", "features": [{"type": "Feature", "geometry": {"type": "Polygon", "coordinates": [[[395.0, 132.5], [394.0, 132.5], [393.0, 132.5], [392.0, 132.5], [391.5, 132.0], [391.0, 131.5], [390.5, 131.0], [390.5, 130.0], [390.5, 129.0], [390.0, 128.5], [389.5, 128.0], [390.0, 127.5], [390.5, 127.0], [390.5, 126.0], [390.5, 125.0], [391.0, 124.5], [391.5, 124.0], [392.0, 123.5], [393.0, 123.5], [394.0, 123.5], [394.5, 124.0], [395.0, 124.5], [395.5, 125.0], [396.0, 125.5], [396.5, 126.0], [396.5, 127.0], [396.5, 128.0], [396.5, 129.0], [396.5, 130.0], [396.5, 131.0], [396.0, 131.5], [395.5, 132.0], [395.0, 132.5], [395.0, 132.5]]]}, "properties": {"image": "4galiv38pbkmmrz4d3bo_al_3_si_4_af_10.png", "iceberg_id": 0, "confidence": 0.6405813694000244}}, {"type": "Feature", "geometry": {"type": "Polygon", "coordinates": [[[331.0, 171.5], [330.0, 171.5], [329.0, 171.5], [328.0, 171.5], [327.0, 171.5], [326.5, 171.0], [326.0, 170.5], [325.5, 170.0], [325.0, 169.5], [324.0, 169.5], [323.5, 169.0], [323.0, 168.5], [322.5, 168.0], [322.0, 167.5], [321.0, 167.5], [320.5, 167.0], [320.0, 166.5], [319.0, 166.5], [318.5, 166.0], [318.0, 165.5], [317.5, 165.0], [317.0, 164.5], [316.5, 164.0], [316.0, 163.5], [315.0, 163.5], [314.5, 163.0], [314.5, 162.0], [314.0, 161.5], [313.5, 161.0], [313.0, 160.5], [312.5, 160.0], [312.5, 159.0], [312.0, 158.5], [311.5, 158.0], [311.5, 157.0], [311.5, 156.0], [311.5, 155.0], [311.5, 154.0], [311.5, 153.0], [311.5, 152.0], [312.0, 151.5], [312.5, 151.0], [312.5, 150.0], [312.0, 149.5], [311.5, 149.0], [311.0, 148.5], [310.5, 148.0], [310.0, 147.5], [309.5, 147.0], [309.0, 146.5], [308.5, 146.0], [308.5, 145.0], [308.0, 144.5], [307.5, 144.0], [307.5, 143.0], [307.5, 142.0], [307.5, 141.0], [307.5, 140.0], [308.0, 139.5], [309.0, 139.5], [310.0, 139.5], [310.5, 139.0], [311.0, 138.5], [312.0, 138.5], [313.0, 138.5], [314.0, 138.5], [315.0, 138.5], [316.0, 138.5], [317.0, 138.5], [317.5, 139.0], [318.0, 139.5], [319.0, 139.5], [320.0, 139.5], [320.5, 140.0], [321.0, 140.5], [322.0, 140.5], [322.5, 141.0], [323.0, 141.5], [324.0, 141.5], [324.5, 142.0], [325.0, 142.5], [326.0, 142.5], [327.0, 142.5], [327.5, 143.0], [328.0, 143.5], [329.0, 143.5], [330.0, 143.5], [330.5, 144.0], [331.0, 144.5], [331.5, 145.0], [332.0, 145.5], [332.5, 146.0], [333.0, 146.5], [333.5, 147.0], [333.5, 148.0], [334.0, 148.5], [334.5, 149.0], [334.5, 150.0], [335.0, 150.5], [335.5, 151.0], [335.5, 152.0], [335.5, 153.0], [335.5, 154.0], [335.5, 155.0], [335.5, 156.0], [335.5, 157.0], [336.0, 157.5], [336.5, 158.0], [336.0, 158.5], [335.5, 159.0], [336.0, 159.5], [336.5, 160.0], [336.5, 161.0], [336.5, 162.0], [336.5, 163.0], [336.5, 164.0], [336.5, 165.0], [336.0, 165.5], [335.5, 166.0], [335.5, 167.0], [335.0, 167.5], [334.5, 168.0], [334.5, 169.0], [334.0, 169.5], [333.5, 170.0], [333.0, 170.5], [332.0, 170.5], [331.5, 171.0], [331.0, 171.5], [331.0, 171.5]]]}, "properties": {"image": "4galiv38pbkmmrz4d3bo_al_3_si_4_af_10.png", "iceberg_id": 1, "confidence": 0.6405813694000244}}, {"type": "Feature", "geometry": {"type": "Polygon", "coordinates": [[[585.0, 154.5], [584.0, 154.5], [583.0, 154.5], [582.0, 154.5], [581.0, 154.5], [580.5, 154.0], [580.0, 153.5], [579.5, 153.0], [579.0, 152.5], [578.5, 152.0], [578.0, 151.5], [577.5, 151.0], [577.5, 150.0], [577.5, 149.0], [577.5, 148.0], [578.0, 147.5], [578.5, 147.0], [579.0, 146.5], [580.0, 146.5], [581.0, 146.5], [581.5, 147.0], [582.0, 147.5], [583.0, 147.5], [583.5, 148.0], [584.0, 148.5], [584.5, 149.0], [585.0, 149.5], [585.5, 150.0], [585.5, 151.0], [585.5, 152.0], [585.5, 153.0], [585.5, 154.0], [585.0, 154.5], [585.0, 154.5]]]}, "properties": {"image": "4galiv38pbkmmrz4d3bo_al_3_si_4_af_10.png", "iceberg_id": 2, "confidence": 0.6405813694000244}}, {"type": "Feature", "geometry": {"type": "Polygon", "coordinates": [[[175.0, 169.5], [174.0, 169.5], [173.0, 169.5], [172.0, 169.5], [171.5, 169.0], [171.0, 168.5], [170.0, 168.5], [169.5, 168.0], [169.0, 167.5], [168.5, 167.0], [168.0, 166.5], [167.5, 166.0], [167.5, 165.0], [167.5, 164.0], [167.5, 163.0], [168.0, 162.5], [168.5, 162.0], [169.0, 161.5], [170.0, 161.5], [170.5, 161.0], [171.0, 160.5], [172.0, 160.5], [173.0, 160.5], [173.5, 161.0], [174.0, 161.5], [175.0, 161.5], [175.5, 162.0], [176.0, 162.5], [176.5, 163.0], [176.5, 164.0], [177.0, 164.5], [177.5, 165.0], [177.5, 166.0], [177.0, 166.5], [176.5, 167.0], [176.5, 168.0], [176.0, 168.5], [175.5, 169.0], [175.0, 169.5], [175.0, 169.5]]]}, "properties": {"image": "4galiv38pbkmmrz4d3bo_al_3_si_4_af_10.png", "iceberg_id": 3, "confidence": 0.6405813694000244}}, {"type": "Feature", "geometry": {"type": "Polygon", "coordinates": [[[123.0, 242.5], [122.0, 242.5], [121.0, 242.5], [120.0, 242.5], [119.5, 242.0], [119.0, 241.5], [118.0, 241.5], [117.0, 241.5], [116.5, 241.0], [116.0, 240.5], [115.0, 240.5], [114.5, 240.0], [114.0, 239.5], [113.0, 239.5], [112.5, 239.0], [112.0, 238.5], [111.5, 238.0], [111.0, 237.5], [110.5, 237.0], [110.5, 236.0], [110.0, 235.5], [109.5, 235.0], [109.5, 234.0], [109.0, 233.5], [108.5, 233.0], [108.5, 232.0], [109.0, 231.5], [109.5, 231.0], [109.5, 230.0], [110.0, 229.5], [110.5, 229.0], [111.0, 228.5], [111.5, 228.0], [112.0, 227.5], [113.0, 227.5], [114.0, 227.5], [115.0, 227.5], [116.0, 227.5], [117.0, 227.5], [118.0, 227.5], [118.5, 228.0], [119.0, 228.5], [120.0, 228.5], [120.5, 229.0], [121.0, 229.5], [121.5, 230.0], [122.0, 230.5], [122.5, 231.0], [123.0, 231.5], [123.5, 232.0], [123.5, 233.0], [124.0, 233.5], [124.5, 234.0], [124.5, 235.0], [124.5, 236.0], [125.0, 236.5], [125.5, 237.0], [125.5, 238.0], [125.5, 239.0], [125.0, 239.5], [124.5, 240.0], [124.5, 241.0], [124.0, 241.5], [123.5, 242.0], [123.0, 242.5], [123.0, 242.5]]]}, "properties": {"image": "4galiv38pbkmmrz4d3bo_al_3_si_4_af_10.png", "iceberg_id": 4, "confidence": 0.6405813694000244}}, {"type": "Feature", "geometry": {"type": "Polygon", "coordinates": [[[612.0, 268.5], [611.0, 268.5], [610.0, 268.5], [609.0, 268.5], [608.0, 268.5], [607.0, 268.5], [606.0, 268.5], [605.5, 268.0], [605.0, 267.5], [604.0, 267.5], [603.0, 267.5], [602.5, 267.0], [602.0, 266.5], [601.0, 266.5], [600.5, 266.0], [600.0, 265.5], [599.0, 265.5], [598.5, 265.0], [598.0, 264.5], [597.5, 264.0], [597.0, 263.5], [596.5, 263.0], [596.0, 262.5], [595.5, 262.0], [595.0, 261.5], [594.5, 261.0], [594.0, 260.5], [593.5, 260.0], [593.0, 259.5], [592.5, 259.0], [592.0, 258.5], [591.5, 258.0], [591.0, 257.5], [590.0, 257.5], [589.0, 257.5], [588.5, 257.0], [588.0, 256.5], [587.0, 256.5], [586.0, 256.5], [585.5, 256.0], [585.0, 255.5], [584.0, 255.5], [583.5, 255.0], [583.0, 254.5], [582.5, 254.0], [582.0, 253.5], [581.5, 253.0], [581.0, 252.5], [580.5, 252.0], [580.0, 251.5], [579.5, 251.0], [579.0, 250.5], [578.5, 250.0], [578.0, 249.5], [577.5, 249.0], [577.0, 248.5], [576.5, 248.0], [576.5, 247.0], [576.0, 246.5], [575.5, 246.0], [575.5, 245.0], [575.5, 244.0], [575.5, 243.0], [575.5, 242.0], [576.0, 241.5], [576.5, 241.0], [577.0, 240.5], [578.0, 240.5], [579.0, 240.5], [579.5, 240.0], [580.0, 239.5], [581.0, 239.5], [582.0, 239.5], [583.0, 239.5], [583.5, 239.0], [584.0, 238.5], [584.5, 238.0], [585.0, 237.5], [586.0, 237.5], [586.5, 237.0], [587.0, 236.5], [587.5, 236.0], [588.0, 235.5], [589.0, 235.5], [589.5, 235.0], [590.0, 234.5], [591.0, 234.5], [592.0, 234.5], [593.0, 234.5], [594.0, 234.5], [594.5, 235.0], [595.0, 235.5], [596.0, 235.5], [597.0, 235.5], [597.5, 236.0], [598.0, 236.5], [599.0, 236.5], [599.5, 237.0], [600.0, 237.5], [601.0, 237.5], [601.5, 238.0], [602.0, 238.5], [602.5, 239.0], [603.0, 239.5], [604.0, 239.5], [604.5, 240.0], [605.0, 240.5], [605.5, 241.0], [606.0, 241.5], [606.5, 242.0], [607.0, 242.5], [607.5, 243.0], [608.0, 243.5], [608.5, 244.0], [609.0, 244.5], [609.5, 245.0], [610.0, 245.5], [610.5, 246.0], [611.0, 246.5], [611.5, 247.0], [612.0, 247.5], [612.5, 248.0], [613.0, 248.5], [613.5, 249.0], [614.0, 249.5], [614.5, 250.0], [615.0, 250.5], [615.5, 251.0], [616.0, 251.5], [616.5, 252.0], [617.0, 252.5], [617.5, 253.0], [618.0, 253.5], [618.5, 254.0], [618.5, 255.0], [619.0, 255.5], [619.5, 256.0], [619.5, 257.0], [620.0, 257.5], [620.5, 258.0], [621.0, 258.5], [621.5, 259.0], [621.5, 260.0], [622.0, 260.5], [622.5, 261.0], [622.5, 262.0], [622.5, 263.0], [622.5, 264.0], [622.0, 264.5], [621.5, 265.0], [621.0, 265.5], [620.0, 265.5], [619.5, 266.0], [619.0, 266.5], [618.0, 266.5], [617.5, 267.0], [617.0, 267.5], [616.0, 267.5], [615.0, 267.5], [614.0, 267.5], [613.0, 267.5], [612.5, 268.0], [612.0, 268.5], [612.0, 268.5]]]}, "properties": {"image": "4galiv38pbkmmrz4d3bo_al_3_si_4_af_10.png", "iceberg_id": 5, "confidence": 0.6405813694000244}}, {"type": "Feature", "geometry": {"type": "Polygon", "coordinates": [[[412.0, 303.5], [411.0, 303.5], [410.5, 303.0], [410.0, 302.5], [409.5, 302.0], [409.0, 301.5], [408.5, 301.0], [408.5, 300.0], [408.5, 299.0], [409.0, 298.5], [409.5, 298.0], [409.5, 297.0], [410.0, 296.5], [410.5, 296.0], [411.0, 295.5], [412.0, 295.5], [413.0, 295.5], [413.5, 296.0], [414.0, 296.5], [414.5, 297.0], [414.5, 298.0], [415.0, 298.5], [415.5, 299.0], [415.0, 299.5], [414.5, 300.0], [414.5, 301.0], [414.5, 302.0], [414.0, 302.5], [413.0, 302.5], [412.5, 303.0], [412.0, 303.5], [412.0, 303.5]]]}, "properties": {"image": "4galiv38pbkmmrz4d3bo_al_3_si_4_af_10.png", "iceberg_id": 6, "confidence": 0.6405813694000244}}, {"type": "Feature", "geometry": {"type": "Polygon", "coordinates": [[[184.0, 315.5], [183.0, 315.5], [182.0, 315.5], [181.0, 315.5], [180.0, 315.5], [179.5, 315.0], [179.0, 314.5], [178.5, 314.0], [178.0, 313.5], [177.0, 313.5], [176.5, 313.0], [176.0, 312.5], [175.5, 312.0], [175.0, 311.5], [174.5, 311.0], [174.0, 310.5], [173.5, 310.0], [173.0, 309.5], [172.5, 309.0], [172.0, 308.5], [171.5, 308.0], [171.0, 307.5], [170.5, 307.0], [170.5, 306.0], [171.0, 305.5], [171.5, 305.0], [172.0, 304.5], [172.5, 305.0], [173.0, 305.5], [174.0, 305.5], [175.0, 305.5], [175.5, 306.0], [176.0, 306.5], [177.0, 306.5], [177.5, 307.0], [178.0, 307.5], [178.5, 308.0], [179.0, 308.5], [180.0, 308.5], [180.5, 309.0], [181.0, 309.5], [181.5, 310.0], [182.0, 310.5], [182.5, 311.0], [183.0, 311.5], [183.5, 312.0], [184.0, 312.5], [184.5, 313.0], [184.5, 314.0], [184.5, 315.0], [184.0, 315.5], [184.0, 315.5]]]}, "properties": {"image": "4galiv38pbkmmrz4d3bo_al_3_si_4_af_10.png", "iceberg_id": 7, "confidence": 0.6405813694000244}}, {"type": "Feature", "geometry": {"type": "Polygon", "coordinates": [[[75.0, 367.5], [74.0, 367.5], [73.0, 367.5], [72.5, 367.0], [72.0, 366.5], [71.0, 366.5], [70.5, 366.0], [70.0, 365.5], [69.5, 365.0], [69.5, 364.0], [69.0, 363.5], [68.5, 363.0], [68.5, 362.0], [68.5, 361.0], [69.0, 360.5], [69.5, 360.0], [70.0, 359.5], [70.5, 360.0], [71.0, 360.5], [72.0, 360.5], [73.0, 360.5], [73.5, 361.0], [74.0, 361.5], [75.0, 361.5], [75.5, 362.0], [75.5, 363.0], [76.0, 363.5], [76.5, 364.0], [76.5, 365.0], [76.5, 366.0], [76.0, 366.5], [75.5, 367.0], [75.0, 367.5], [75.0, 367.5]]]}, "properties": {"image": "4galiv38pbkmmrz4d3bo_al_3_si_4_af_10.png", "iceberg_id": 8, "confidence": 0.6405813694000244}}, {"type": "Feature", "geometry": {"type": "Polygon", "coordinates": [[[55.0, 400.5], [54.0, 400.5], [53.0, 400.5], [52.0, 400.5], [51.0, 400.5], [50.5, 400.0], [50.0, 399.5], [49.0, 399.5], [48.5, 399.0], [48.5, 398.0], [48.0, 397.5], [47.5, 397.0], [47.5, 396.0], [47.5, 395.0], [47.0, 394.5], [46.5, 394.0], [46.5, 393.0], [46.5, 392.0], [47.0, 391.5], [47.5, 391.0], [47.5, 390.0], [47.5, 389.0], [48.0, 388.5], [48.5, 388.0], [49.0, 387.5], [50.0, 387.5], [50.5, 387.0], [51.0, 386.5], [52.0, 386.5], [53.0, 386.5], [53.5, 387.0], [54.0, 387.5], [55.0, 387.5], [55.5, 388.0], [55.5, 389.0], [56.0, 389.5], [56.5, 390.0], [56.5, 391.0], [56.5, 392.0], [56.5, 393.0], [56.5, 394.0], [57.0, 394.5], [57.5, 395.0], [57.5, 396.0], [57.5, 397.0], [57.0, 397.5], [56.5, 398.0], [56.5, 399.0], [56.0, 399.5], [55.5, 400.0], [55.0, 400.5], [55.0, 400.5]]]}, "properties": {"image": "4galiv38pbkmmrz4d3bo_al_3_si_4_af_10.png", "iceberg_id": 9, "confidence": 0.6405813694000244}}, {"type": "Feature", "geometry": {"type": "Polygon", "coordinates": [[[198.0, 418.5], [197.0, 418.5], [196.0, 418.5], [195.0, 418.5], [194.5, 418.0], [194.0, 417.5], [193.0, 417.5], [192.0, 417.5], [191.5, 417.0], [191.0, 416.5], [190.5, 416.0], [190.0, 415.5], [189.5, 415.0], [189.5, 414.0], [189.0, 413.5], [188.5, 413.0], [188.5, 412.0], [188.5, 411.0], [189.0, 410.5], [189.5, 410.0], [190.0, 409.5], [191.0, 409.5], [192.0, 409.5], [193.0, 409.5], [194.0, 409.5], [195.0, 409.5], [196.0, 409.5], [197.0, 409.5], [198.0, 409.5], [199.0, 409.5], [200.0, 409.5], [201.0, 409.5], [202.0, 409.5], [203.0, 409.5], [204.0, 409.5], [205.0, 409.5], [205.5, 410.0], [206.0, 410.5], [206.5, 411.0], [206.5, 412.0], [207.0, 412.5], [207.5, 413.0], [207.0, 413.5], [206.5, 414.0], [206.0, 414.5], [205.5, 415.0], [205.0, 415.5], [204.0, 415.5], [203.5, 416.0], [203.0, 416.5], [202.0, 416.5], [201.5, 417.0], [201.0, 417.5], [200.0, 417.5], [199.0, 417.5], [198.5, 418.0], [198.0, 418.5], [198.0, 418.5]]]}, "properties": {"image": "4galiv38pbkmmrz4d3bo_al_3_si_4_af_10.png", "iceberg_id": 10, "confidence": 0.6405813694000244}}, {"type": "Feature", "geometry": {"type": "Polygon", "coordinates": [[[644.0, 465.5], [643.0, 465.5], [642.0, 465.5], [641.0, 465.5], [640.0, 465.5], [639.5, 465.0], [639.0, 464.5], [638.0, 464.5], [637.5, 464.0], [637.0, 463.5], [636.0, 463.5], [635.0, 463.5], [634.5, 463.0], [634.0, 462.5], [633.0, 462.5], [632.5, 462.0], [632.0, 461.5], [631.0, 461.5], [630.5, 461.0], [630.0, 460.5], [629.0, 460.5], [628.5, 460.0], [628.0, 459.5], [627.5, 459.0], [627.0, 458.5], [626.5, 458.0], [626.0, 457.5], [625.5, 457.0], [625.0, 456.5], [624.5, 456.0], [624.5, 455.0], [624.0, 454.5], [623.5, 454.0], [623.5, 453.0], [623.5, 452.0], [623.5, 451.0], [623.5, 450.0], [623.5, 449.0], [623.5, 448.0], [623.5, 447.0], [624.0, 446.5], [624.5, 446.0], [625.0, 445.5], [625.5, 445.0], [626.0, 444.5], [627.0, 444.5], [627.5, 444.0], [628.0, 443.5], [629.0, 443.5], [630.0, 443.5], [630.5, 443.0], [631.0, 442.5], [632.0, 442.5], [633.0, 442.5], [634.0, 442.5], [635.0, 442.5], [636.0, 442.5], [637.0, 442.5], [637.5, 442.0], [638.0, 441.5], [638.5, 442.0], [639.0, 442.5], [639.5, 442.0], [640.0, 441.5], [640.5, 442.0], [641.0, 442.5], [642.0, 442.5], [643.0, 442.5], [643.5, 443.0], [644.0, 443.5], [644.5, 444.0], [644.5, 445.0], [645.0, 445.5], [645.5, 446.0], [645.5, 447.0], [645.5, 448.0], [645.5, 449.0], [645.5, 450.0], [645.5, 451.0], [645.5, 452.0], [645.5, 453.0], [645.5, 454.0], [645.5, 455.0], [645.5, 456.0], [645.5, 457.0], [645.5, 458.0], [645.5, 459.0], [645.5, 460.0], [645.5, 461.0], [645.5, 462.0], [645.5, 463.0], [645.5, 464.0], [645.0, 464.5], [644.5, 465.0], [644.0, 465.5], [644.0, 465.5]]]}, "properties": {"image": "4galiv38pbkmmrz4d3bo_al_3_si_4_af_10.png", "iceberg_id": 11, "confidence": 0.6405813694000244}}, {"type": "Feature", "geometry": {"type": "Polygon", "coordinates": [[[564.0, 488.5], [563.5, 488.0], [564.0, 487.5], [564.5, 488.0], [564.0, 488.5], [564.0, 488.5]]]}, "properties": {"image": "4galiv38pbkmmrz4d3bo_al_3_si_4_af_10.png", "iceberg_id": 12, "confidence": 0.6405813694000244}}, {"type": "Feature", "geometry": {"type": "Polygon", "coordinates": [[[597.0, 503.5], [596.0, 503.5], [595.0, 503.5], [594.0, 503.5], [593.0, 503.5], [592.0, 503.5], [591.0, 503.5], [590.5, 503.0], [590.0, 502.5], [589.5, 502.0], [589.0, 501.5], [588.5, 501.0], [588.5, 500.0], [588.5, 499.0], [588.5, 498.0], [589.0, 497.5], [590.0, 497.5], [590.5, 497.0], [591.0, 496.5], [592.0, 496.5], [593.0, 496.5], [594.0, 496.5], [594.5, 497.0], [595.0, 497.5], [596.0, 497.5], [596.5, 498.0], [597.0, 498.5], [597.5, 499.0], [598.0, 499.5], [598.5, 500.0], [598.0, 500.5], [597.5, 501.0], [597.5, 502.0], [597.5, 503.0], [597.0, 503.5], [597.0, 503.5]]]}, "properties": {"image": "4galiv38pbkmmrz4d3bo_al_3_si_4_af_10.png", "iceberg_id": 13, "confidence": 0.6405813694000244}}, {"type": "Feature", "geometry": {"type": "Polygon", "coordinates": [[[333.0, 29.5], [332.5, 29.0], [332.0, 28.5], [331.5, 28.0], [332.0, 27.5], [333.0, 27.5], [334.0, 27.5], [334.5, 28.0], [334.0, 28.5], [333.5, 29.0], [333.0, 29.5], [333.0, 29.5]]]}, "properties": {"image": "4galiv38pbkmmrz4d3bo_al_3_si_4_af_20.png", "iceberg_id": 0, "confidence": 0.6406422257423401}}, {"type": "Feature", "geometry": {"type": "Polygon", "coordinates": [[[275.0, 71.5], [274.0, 71.5], [273.0, 71.5], [272.0, 71.5], [271.0, 71.5], [270.0, 71.5], [269.5, 71.0], [269.0, 70.5], [268.0, 70.5], [267.5, 70.0], [267.0, 69.5], [266.0, 69.5], [265.5, 69.0], [265.0, 68.5], [264.0, 68.5], [263.5, 68.0], [263.0, 67.5], [262.0, 67.5], [261.0, 67.5], [260.5, 67.0], [260.0, 66.5], [259.5, 66.0], [259.0, 65.5], [258.0, 65.5], [257.5, 65.0], [257.0, 64.5], [256.5, 64.0], [256.0, 63.5], [255.5, 63.0], [255.0, 62.5], [254.5, 62.0], [254.5, 61.0], [254.0, 60.5], [253.5, 60.0], [253.5, 59.0], [253.0, 58.5], [252.5, 58.0], [252.5, 57.0], [252.5, 56.0], [252.5, 55.0], [252.0, 54.5], [251.5, 54.0], [252.0, 53.5], [252.5, 53.0], [252.0, 52.5], [251.5, 52.0], [252.0, 51.5], [252.5, 51.0], [252.5, 50.0], [252.5, 49.0], [253.0, 48.5], [253.5, 48.0], [254.0, 47.5], [255.0, 47.5], [255.5, 47.0], [256.0, 46.5], [256.5, 46.0], [256.0, 45.5], [255.5, 45.0], [255.0, 44.5], [254.5, 44.0], [254.0, 43.5], [253.5, 43.0], [253.0, 42.5], [252.5, 42.0], [252.0, 41.5], [251.5, 41.0], [251.5, 40.0], [251.0, 39.5], [250.5, 39.0], [250.5, 38.0], [250.5, 37.0], [250.5, 36.0], [250.5, 35.0], [250.5, 34.0], [251.0, 33.5], [251.5, 33.0], [252.0, 32.5], [253.0, 32.5], [254.0, 32.5], [255.0, 32.5], [256.0, 32.5], [257.0, 32.5], [258.0, 32.5], [258.5, 33.0], [259.0, 33.5], [260.0, 33.5], [260.5, 34.0], [261.0, 34.5], [262.0, 34.5], [262.5, 35.0], [263.0, 35.5], [264.0, 35.5], [264.5, 36.0], [265.0, 36.5], [265.5, 37.0], [266.0, 37.5], [267.0, 37.5], [268.0, 37.5], [268.5, 38.0], [269.0, 38.5], [270.0, 38.5], [270.5, 39.0], [271.0, 39.5], [272.0, 39.5], [272.5, 40.0], [273.0, 40.5], [274.0, 40.5], [274.5, 41.0], [275.0, 41.5], [275.5, 42.0], [276.0, 42.5], [276.5, 43.0], [277.0, 43.5], [277.5, 44.0], [278.0, 44.5], [278.5, 45.0], [278.5, 46.0], [279.0, 46.5], [279.5, 47.0], [279.5, 48.0], [279.5, 49.0], [280.0, 49.5], [280.5, 50.0], [280.5, 51.0], [280.5, 52.0], [280.5, 53.0], [280.5, 54.0], [280.5, 55.0], [281.0, 55.5], [281.5, 56.0], [281.5, 57.0], [281.5, 58.0], [281.5, 59.0], [281.5, 60.0], [281.5, 61.0], [281.5, 62.0], [281.5, 63.0], [281.0, 63.5], [280.5, 64.0], [280.5, 65.0], [280.5, 66.0], [280.0, 66.5], [279.5, 67.0], [279.0, 67.5], [278.5, 68.0], [278.0, 68.5], [277.5, 69.0], [277.0, 69.5], [276.5, 70.0], [276.0, 70.5], [275.5, 71.0], [275.0, 71.5], [275.0, 71.5]]]}, "properties": {"image": "4galiv38pbkmmrz4d3bo_al_3_si_4_af_20.png", "iceberg_id": 1, "confidence": 0.6406422257423401}}, {"type": "Feature", "geometry": {"type": "Polygon", "coordinates": [[[530.0, 65.5], [529.0, 65.5], [528.0, 65.5], [527.5, 65.0], [527.0, 64.5], [526.5, 64.0], [526.0, 63.5], [525.0, 63.5], [524.5, 63.0], [524.5, 62.0], [524.0, 61.5], [523.5, 61.0], [523.0, 60.5], [522.5, 60.0], [522.5, 59.0], [522.5, 58.0], [522.0, 57.5], [521.5, 57.0], [521.5, 56.0], [521.5, 55.0], [521.5, 54.0], [521.5, 53.0], [521.5, 52.0], [522.0, 51.5], [522.5, 51.0], [523.0, 50.5], [523.5, 50.0], [524.0, 49.5], [524.5, 50.0], [525.0, 50.5], [526.0, 50.5], [526.5, 51.0], [527.0, 51.5], [527.5, 52.0], [527.5, 53.0], [528.0, 53.5], [528.5, 54.0], [529.0, 54.5], [529.5, 55.0], [529.5, 56.0], [529.5, 57.0], [530.0, 57.5], [530.5, 58.0], [530.5, 59.0], [530.5, 60.0], [530.5, 61.0], [531.0, 61.5], [531.5, 62.0], [531.5, 63.0], [531.5, 64.0], [531.0, 64.5], [530.5, 65.0], [530.0, 65.5], [530.0, 65.5]]]}, "properties": {"image": "4galiv38pbkmmrz4d3bo_al_3_si_4_af_20.png", "iceberg_id": 2, "confidence": 0.6406422257423401}}, {"type": "Feature", "geometry": {"type": "Polygon", "coordinates": [[[135.0, 66.5], [134.0, 66.5], [133.5, 66.0], [133.0, 65.5], [132.0, 65.5], [131.5, 65.0], [131.0, 64.5], [130.5, 64.0], [130.0, 63.5], [129.5, 63.0], [129.5, 62.0], [129.5, 61.0], [129.5, 60.0], [130.0, 59.5], [131.0, 59.5], [132.0, 59.5], [133.0, 59.5], [134.0, 59.5], [134.5, 60.0], [135.0, 60.5], [135.5, 61.0], [136.0, 61.5], [136.5, 62.0], [136.5, 63.0], [136.5, 64.0], [136.5, 65.0], [136.0, 65.5], [135.5, 66.0], [135.0, 66.5], [135.0, 66.5]]]}, "properties": {"image": "4galiv38pbkmmrz4d3bo_al_3_si_4_af_20.png", "iceberg_id": 3, "confidence": 0.6406422257423401}}, {"type": "Feature", "geometry": {"type": "Polygon", "coordinates": [[[74.0, 152.5], [73.0, 152.5], [72.0, 152.5], [71.5, 152.0], [71.0, 151.5], [70.0, 151.5], [69.5, 151.0], [69.0, 150.5], [68.5, 150.0], [68.0, 149.5], [67.5, 149.0], [67.0, 148.5], [66.5, 148.0], [66.0, 147.5], [65.5, 147.0], [65.5, 146.0], [65.0, 145.5], [64.5, 145.0], [64.5, 144.0], [64.5, 143.0], [64.0, 142.5], [63.5, 142.0], [63.5, 141.0], [63.5, 140.0], [63.5, 139.0], [63.5, 138.0], [63.5, 137.0], [63.5, 136.0], [63.5, 135.0], [64.0, 134.5], [64.5, 134.0], [64.5, 133.0], [65.0, 132.5], [65.5, 132.0], [66.0, 131.5], [67.0, 131.5], [67.5, 131.0], [68.0, 130.5], [69.0, 130.5], [69.5, 130.0], [70.0, 129.5], [71.0, 129.5], [72.0, 129.5], [73.0, 129.5], [74.0, 129.5], [74.5, 130.0], [75.0, 130.5], [75.5, 131.0], [76.0, 131.5], [76.5, 132.0], [76.5, 133.0], [77.0, 133.5], [77.5, 134.0], [77.5, 135.0], [78.0, 135.5], [78.5, 136.0], [78.5, 137.0], [78.5, 138.0], [78.5, 139.0], [78.5, 140.0], [78.5, 141.0], [78.5, 142.0], [78.5, 143.0], [78.5, 144.0], [78.0, 144.5], [77.5, 145.0], [77.5, 146.0], [77.5, 147.0], [77.5, 148.0], [77.5, 149.0], [77.0, 149.5], [76.5, 150.0], [76.5, 151.0], [76.0, 151.5], [75.0, 151.5], [74.5, 152.0], [74.0, 152.5], [74.0, 152.5]]]}, "properties": {"image": "4galiv38pbkmmrz4d3bo_al_3_si_4_af_20.png", "iceberg_id": 4, "confidence": 0.6406422257423401}}, {"type": "Feature", "geometry": {"type": "Polygon", "coordinates": [[[568.0, 164.5], [567.0, 164.5], [566.0, 164.5], [565.0, 164.5], [564.0, 164.5], [563.0, 164.5], [562.0, 164.5], [561.0, 164.5], [560.0, 164.5], [559.0, 164.5], [558.0, 164.5], [557.5, 164.0], [557.0, 163.5], [556.0, 163.5], [555.0, 163.5], [554.5, 163.0], [554.0, 162.5], [553.0, 162.5], [552.5, 162.0], [552.0, 161.5], [551.0, 161.5], [550.5, 161.0], [550.0, 160.5], [549.5, 160.0], [549.0, 159.5], [548.0, 159.5], [547.5, 159.0], [547.0, 158.5], [546.5, 158.0], [546.0, 157.5], [545.5, 157.0], [545.0, 156.5], [544.5, 156.0], [544.0, 155.5], [543.0, 155.5], [542.5, 155.0], [542.0, 154.5], [541.5, 154.0], [541.0, 153.5], [540.0, 153.5], [539.0, 153.5], [538.0, 153.5], [537.0, 153.5], [536.5, 153.0], [536.0, 152.5], [535.5, 153.0], [535.0, 153.5], [534.0, 153.5], [533.0, 153.5], [532.0, 153.5], [531.0, 153.5], [530.5, 153.0], [530.0, 152.5], [529.0, 152.5], [528.0, 152.5], [527.5, 152.0], [527.0, 151.5], [526.0, 151.5], [525.0, 151.5], [524.5, 151.0], [524.0, 150.5], [523.0, 150.5], [522.5, 150.0], [522.0, 149.5], [521.5, 149.0], [521.0, 148.5], [520.5, 148.0], [520.5, 147.0], [520.5, 146.0], [520.5, 145.0], [521.0, 144.5], [521.5, 144.0], [521.5, 143.0], [522.0, 142.5], [523.0, 142.5], [523.5, 142.0], [524.0, 141.5], [524.5, 141.0], [525.0, 140.5], [526.0, 140.5], [526.5, 140.0], [527.0, 139.5], [528.0, 139.5], [528.5, 139.0], [529.0, 138.5], [529.5, 138.0], [530.0, 137.5], [530.5, 137.0], [531.0, 136.5], [531.5, 136.0], [532.0, 135.5], [532.5, 135.0], [533.0, 134.5], [533.5, 134.0], [534.0, 133.5], [535.0, 133.5], [535.5, 133.0], [536.0, 132.5], [537.0, 132.5], [537.5, 132.0], [538.0, 131.5], [539.0, 131.5], [540.0, 131.5], [541.0, 131.5], [542.0, 131.5], [542.5, 132.0], [543.0, 132.5], [544.0, 132.5], [545.0, 132.5], [546.0, 132.5], [547.0, 132.5], [547.5, 133.0], [548.0, 133.5], [549.0, 133.5], [550.0, 133.5], [550.5, 134.0], [551.0, 134.5], [552.0, 134.5], [553.0, 134.5], [553.5, 135.0], [554.0, 135.5], [554.5, 136.0], [555.0, 136.5], [556.0, 136.5], [556.5, 137.0], [557.0, 137.5], [558.0, 137.5], [558.5, 138.0], [559.0, 138.5], [559.5, 139.0], [560.0, 139.5], [561.0, 139.5], [561.5, 140.0], [562.0, 140.5], [562.5, 141.0], [563.0, 141.5], [564.0, 141.5], [564.5, 142.0], [565.0, 142.5], [565.5, 143.0], [566.0, 143.5], [566.5, 144.0], [567.0, 144.5], [567.5, 145.0], [568.0, 145.5], [568.5, 146.0], [569.0, 146.5], [569.5, 147.0], [570.0, 147.5], [570.5, 148.0], [571.0, 148.5], [571.5, 149.0], [572.0, 149.5], [572.5, 150.0], [573.0, 150.5], [573.5, 151.0], [574.0, 151.5], [574.5, 152.0], [574.5, 153.0], [575.0, 153.5], [575.5, 154.0], [576.0, 154.5], [576.5, 155.0], [576.5, 156.0], [577.0, 156.5], [577.5, 157.0], [577.5, 158.0], [577.5, 159.0], [577.5, 160.0], [577.5, 161.0], [577.0, 161.5], [576.0, 161.5], [575.0, 161.5], [574.5, 162.0], [574.0, 162.5], [573.0, 162.5], [572.0, 162.5], [571.5, 163.0], [571.0, 163.5], [570.0, 163.5], [569.0, 163.5], [568.5, 164.0], [568.0, 164.5], [568.0, 164.5]]]}, "properties": {"image": "4galiv38pbkmmrz4d3bo_al_3_si_4_af_20.png", "iceberg_id": 5, "confidence": 0.6406422257423401}}, {"type": "Feature", "geometry": {"type": "Polygon", "coordinates": [[[356.0, 205.5], [355.0, 205.5], [354.0, 205.5], [353.5, 205.0], [353.0, 204.5], [352.5, 204.0], [352.0, 203.5], [351.0, 203.5], [350.5, 203.0], [350.5, 202.0], [350.0, 201.5], [349.5, 201.0], [349.5, 200.0], [349.0, 199.5], [348.5, 199.0], [348.5, 198.0], [348.5, 197.0], [349.0, 196.5], [350.0, 196.5], [351.0, 196.5], [351.5, 197.0], [352.0, 197.5], [353.0, 197.5], [353.5, 198.0], [353.5, 199.0], [354.0, 199.5], [354.5, 200.0], [355.0, 200.5], [355.5, 201.0], [356.0, 201.5], [356.5, 202.0], [356.5, 203.0], [356.5, 204.0], [356.5, 205.0], [356.0, 205.5], [356.0, 205.5]]]}, "properties": {"image": "4galiv38pbkmmrz4d3bo_al_3_si_4_af_20.png", "iceberg_id": 6, "confidence": 0.6406422257423401}}, {"type": "Feature", "geometry": {"type": "Polygon", "coordinates": [[[117.0, 243.5], [116.5, 243.0], [116.0, 242.5], [115.0, 242.5], [114.5, 242.0], [114.0, 241.5], [113.0, 241.5], [112.5, 241.0], [112.0, 240.5], [111.5, 240.0], [111.5, 239.0], [111.5, 238.0], [112.0, 237.5], [113.0, 237.5], [114.0, 237.5], [115.0, 237.5], [116.0, 237.5], [116.5, 238.0], [117.0, 238.5], [118.0, 238.5], [118.5, 239.0], [119.0, 239.5], [119.5, 240.0], [119.5, 241.0], [119.5, 242.0], [119.0, 242.5], [118.0, 242.5], [117.5, 243.0], [117.0, 243.5], [117.0, 243.5]]]}, "properties": {"image": "4galiv38pbkmmrz4d3bo_al_3_si_4_af_20.png", "iceberg_id": 7, "confidence": 0.6406422257423401}}, {"type": "Feature", "geometry": {"type": "Polygon", "coordinates": [[[21.0, 293.5], [20.0, 293.5], [19.0, 293.5], [18.0, 293.5], [17.0, 293.5], [16.0, 293.5], [15.0, 293.5], [14.0, 293.5], [13.0, 293.5], [12.5, 293.0], [12.0, 292.5], [11.5, 292.0], [11.0, 291.5], [10.5, 291.0], [10.0, 290.5], [9.5, 290.0], [9.0, 289.5], [8.5, 289.0], [8.5, 288.0], [8.5, 287.0], [9.0, 286.5], [9.5, 286.0], [10.0, 285.5], [11.0, 285.5], [11.5, 285.0], [12.0, 284.5], [13.0, 284.5], [14.0, 284.5], [15.0, 284.5], [16.0, 284.5], [16.5, 285.0], [17.0, 285.5], [18.0, 285.5], [19.0, 285.5], [20.0, 285.5], [20.5, 286.0], [21.0, 286.5], [21.5, 287.0], [22.0, 287.5], [22.5, 288.0], [22.5, 289.0], [22.5, 290.0], [22.5, 291.0], [22.5, 292.0], [22.0, 292.5], [21.5, 293.0], [21.0, 293.5], [21.0, 293.5]]]}, "properties": {"image": "4galiv38pbkmmrz4d3bo_al_3_si_4_af_20.png", "iceberg_id": 8, "confidence": 0.6406422257423401}}, {"type": "Feature", "geometry": {"type": "Polygon", "coordinates": [[[0.0, 326.5], [0.5, 327.0], [0.5, 328.0], [0.5, 329.0], [1.0, 329.5], [1.5, 330.0], [1.5, 331.0], [1.5, 332.0], [1.5, 333.0], [1.0, 333.5], [0.5, 334.0], [0.5, 335.0], [0.0, 335.5], [0.0, 326.5]]]}, "properties": {"image": "4galiv38pbkmmrz4d3bo_al_3_si_4_af_20.png", "iceberg_id": 9, "confidence": 0.6406422257423401}}, {"type": "Feature", "geometry": {"type": "Polygon", "coordinates": [[[140.0, 350.5], [139.0, 350.5], [138.0, 350.5], [137.0, 350.5], [136.5, 350.0], [136.0, 349.5], [135.0, 349.5], [134.5, 349.0], [134.0, 348.5], [133.5, 348.0], [133.0, 347.5], [132.5, 347.0], [132.5, 346.0], [132.5, 345.0], [132.5, 344.0], [132.5, 343.0], [133.0, 342.5], [133.5, 342.0], [134.0, 341.5], [135.0, 341.5], [135.5, 341.0], [136.0, 340.5], [137.0, 340.5], [137.5, 340.0], [138.0, 339.5], [139.0, 339.5], [140.0, 339.5], [140.5, 339.0], [141.0, 338.5], [141.5, 338.0], [142.0, 337.5], [143.0, 337.5], [144.0, 337.5], [144.5, 337.0], [145.0, 336.5], [146.0, 336.5], [147.0, 336.5], [147.5, 337.0], [148.0, 337.5], [148.5, 338.0], [149.0, 338.5], [149.5, 339.0], [149.5, 340.0], [149.5, 341.0], [149.5, 342.0], [149.0, 342.5], [148.5, 343.0], [148.0, 343.5], [147.5, 344.0], [147.0, 344.5], [146.5, 345.0], [146.0, 345.5], [145.5, 346.0], [145.0, 346.5], [144.5, 347.0], [144.0, 347.5], [143.5, 348.0], [143.0, 348.5], [142.5, 349.0], [142.0, 349.5], [141.0, 349.5], [140.5, 350.0], [140.0, 350.5], [140.0, 350.5]]]}, "properties": {"image": "4galiv38pbkmmrz4d3bo_al_3_si_4_af_20.png", "iceberg_id": 10, "confidence": 0.6406422257423401}}, {"type": "Feature", "geometry": {"type": "Polygon", "coordinates": [[[582.0, 416.5], [581.0, 416.5], [580.0, 416.5], [579.0, 416.5], [578.0, 416.5], [577.5, 416.0], [577.0, 415.5], [576.0, 415.5], [575.0, 415.5], [574.0, 415.5], [573.0, 415.5], [572.5, 415.0], [572.0, 414.5], [571.0, 414.5], [570.0, 414.5], [569.0, 414.5], [568.5, 414.0], [568.0, 413.5], [567.0, 413.5], [566.0, 413.5], [565.0, 413.5], [564.5, 413.0], [564.0, 412.5], [563.0, 412.5], [562.5, 412.0], [562.0, 411.5], [561.0, 411.5], [560.5, 411.0], [560.0, 410.5], [559.0, 410.5], [558.5, 410.0], [558.0, 409.5], [557.5, 409.0], [557.0, 408.5], [556.5, 408.0], [556.5, 407.0], [556.0, 406.5], [555.5, 406.0], [555.5, 405.0], [555.0, 404.5], [554.5, 404.0], [554.5, 403.0], [554.5, 402.0], [554.5, 401.0], [554.5, 400.0], [554.5, 399.0], [554.5, 398.0], [554.5, 397.0], [554.5, 396.0], [554.5, 395.0], [555.0, 394.5], [555.5, 394.0], [555.5, 393.0], [555.5, 392.0], [556.0, 391.5], [556.5, 391.0], [556.5, 390.0], [557.0, 389.5], [557.5, 389.0], [557.5, 388.0], [558.0, 387.5], [559.0, 387.5], [559.5, 387.0], [560.0, 386.5], [561.0, 386.5], [561.5, 386.0], [562.0, 385.5], [563.0, 385.5], [564.0, 385.5], [564.5, 385.0], [565.0, 384.5], [566.0, 384.5], [567.0, 384.5], [567.5, 384.0], [568.0, 383.5], [568.5, 384.0], [569.0, 384.5], [570.0, 384.5], [571.0, 384.5], [572.0, 384.5], [573.0, 384.5], [574.0, 384.5], [575.0, 384.5], [575.5, 385.0], [576.0, 385.5], [577.0, 385.5], [578.0, 385.5], [579.0, 385.5], [580.0, 385.5], [580.5, 386.0], [581.0, 386.5], [581.5, 387.0], [582.0, 387.5], [583.0, 387.5], [583.5, 388.0], [583.5, 389.0], [583.5, 390.0], [583.5, 391.0], [583.5, 392.0], [583.5, 393.0], [583.5, 394.0], [583.5, 395.0], [583.5, 396.0], [583.5, 397.0], [583.5, 398.0], [583.5, 399.0], [583.5, 400.0], [583.5, 401.0], [583.5, 402.0], [583.5, 403.0], [583.5, 404.0], [583.5, 405.0], [583.5, 406.0], [583.5, 407.0], [583.5, 408.0], [583.5, 409.0], [583.5, 410.0], [583.5, 411.0], [583.5, 412.0], [583.5, 413.0], [583.5, 414.0], [583.5, 415.0], [583.0, 415.5], [582.5, 416.0], [582.0, 416.5], [582.0, 416.5]]]}, "properties": {"image": "4galiv38pbkmmrz4d3bo_al_3_si_4_af_20.png", "iceberg_id": 11, "confidence": 0.6406422257423401}}, {"type": "Feature", "geometry": {"type": "Polygon", "coordinates": [[[521.0, 451.5], [520.0, 451.5], [519.0, 451.5], [518.0, 451.5], [517.5, 451.0], [517.5, 450.0], [517.0, 449.5], [516.5, 449.0], [516.5, 448.0], [517.0, 447.5], [518.0, 447.5], [519.0, 447.5], [520.0, 447.5], [520.5, 448.0], [521.0, 448.5], [521.5, 449.0], [521.5, 450.0], [521.5, 451.0], [521.0, 451.5], [521.0, 451.5]]]}, "properties": {"image": "4galiv38pbkmmrz4d3bo_al_3_si_4_af_20.png", "iceberg_id": 12, "confidence": 0.6406422257423401}}, {"type": "Feature", "geometry": {"type": "Polygon", "coordinates": [[[354.0, 497.5], [353.0, 497.5], [352.5, 497.0], [353.0, 496.5], [354.0, 496.5], [354.5, 497.0], [354.0, 497.5], [354.0, 497.5]]]}, "properties": {"image": "4galiv38pbkmmrz4d3bo_al_3_si_4_af_20.png", "iceberg_id": 13, "confidence": 0.6406422257423401}}, {"type": "Feature", "geometry": {"type": "Polygon", "coordinates": [[[381.0, 143.5], [380.0, 143.5], [379.0, 143.5], [378.5, 143.0], [378.0, 142.5], [377.5, 142.0], [377.5, 141.0], [377.0, 140.5], [376.5, 140.0], [376.5, 139.0], [376.5, 138.0], [377.0, 137.5], [378.0, 137.5], [378.5, 138.0], [379.0, 138.5], [379.5, 139.0], [380.0, 139.5], [380.5, 140.0], [381.0, 140.5], [381.5, 141.0], [381.5, 142.0], [381.5, 143.0], [381.0, 143.5], [381.0, 143.5]]]}, "properties": {"image": "4galiv38pbkmmrz4d3bo_al_3_si_5_af_10.png", "iceberg_id": 0, "confidence": 0.6405847072601318}}, {"type": "Feature", "geometry": {"type": "Polygon", "coordinates": [[[333.0, 191.5], [332.0, 191.5], [331.0, 191.5], [330.0, 191.5], [329.0, 191.5], [328.0, 191.5], [327.5, 191.0], [327.0, 190.5], [326.0, 190.5], [325.5, 190.0], [325.0, 189.5], [324.0, 189.5], [323.0, 189.5], [322.5, 189.0], [322.0, 188.5], [321.5, 188.0], [321.0, 187.5], [320.0, 187.5], [319.0, 187.5], [318.5, 187.0], [318.0, 186.5], [317.0, 186.5], [316.5, 186.0], [316.0, 185.5], [315.0, 185.5], [314.0, 185.5], [313.5, 185.0], [313.0, 184.5], [312.5, 184.0], [312.0, 183.5], [311.5, 183.0], [311.0, 182.5], [310.5, 182.0], [310.0, 181.5], [309.5, 181.0], [309.0, 180.5], [308.5, 180.0], [308.0, 179.5], [307.5, 179.0], [307.5, 178.0], [307.0, 177.5], [306.5, 177.0], [306.5, 176.0], [306.5, 175.0], [306.0, 174.5], [305.5, 174.0], [305.5, 173.0], [305.5, 172.0], [305.5, 171.0], [305.5, 170.0], [305.5, 169.0], [306.0, 168.5], [306.5, 168.0], [307.0, 167.5], [308.0, 167.5], [308.5, 167.0], [309.0, 166.5], [310.0, 166.5], [311.0, 166.5], [311.5, 166.0], [311.5, 165.0], [311.0, 164.5], [310.0, 164.5], [309.5, 164.0], [309.0, 163.5], [308.0, 163.5], [307.5, 163.0], [307.0, 162.5], [306.0, 162.5], [305.5, 162.0], [305.0, 161.5], [304.5, 161.0], [304.0, 160.5], [303.5, 160.0], [303.0, 159.5], [302.5, 159.0], [302.5, 158.0], [302.0, 157.5], [301.5, 157.0], [301.5, 156.0], [301.0, 155.5], [300.5, 155.0], [300.5, 154.0], [300.5, 153.0], [300.0, 152.5], [299.5, 152.0], [300.0, 151.5], [300.5, 151.0], [300.5, 150.0], [300.5, 149.0], [301.0, 148.5], [301.5, 148.0], [302.0, 147.5], [303.0, 147.5], [304.0, 147.5], [305.0, 147.5], [306.0, 147.5], [307.0, 147.5], [308.0, 147.5], [309.0, 147.5], [309.5, 148.0], [310.0, 148.5], [311.0, 148.5], [311.5, 149.0], [312.0, 149.5], [312.5, 150.0], [313.0, 150.5], [314.0, 150.5], [314.5, 151.0], [315.0, 151.5], [316.0, 151.5], [316.5, 152.0], [317.0, 152.5], [317.5, 153.0], [318.0, 153.5], [319.0, 153.5], [320.0, 153.5], [320.5, 154.0], [321.0, 154.5], [321.5, 155.0], [322.0, 155.5], [323.0, 155.5], [323.5, 156.0], [324.0, 156.5], [324.5, 157.0], [325.0, 157.5], [325.5, 158.0], [326.0, 158.5], [326.5, 159.0], [327.0, 159.5], [327.5, 160.0], [328.0, 160.5], [328.5, 161.0], [329.0, 161.5], [329.5, 162.0], [330.0, 162.5], [330.5, 163.0], [330.5, 164.0], [331.0, 164.5], [331.5, 165.0], [332.0, 165.5], [332.5, 166.0], [332.5, 167.0], [333.0, 167.5], [333.5, 168.0], [333.5, 169.0], [333.5, 170.0], [334.0, 170.5], [334.5, 171.0], [334.5, 172.0], [334.5, 173.0], [335.0, 173.5], [335.5, 174.0], [335.5, 175.0], [336.0, 175.5], [336.5, 176.0], [336.5, 177.0], [336.5, 178.0], [337.0, 178.5], [337.5, 179.0], [337.5, 180.0], [337.5, 181.0], [338.0, 181.5], [338.5, 182.0], [338.5, 183.0], [338.5, 184.0], [338.5, 185.0], [338.5, 186.0], [338.0, 186.5], [337.5, 187.0], [337.5, 188.0], [337.0, 188.5], [336.5, 189.0], [336.0, 189.5], [335.5, 190.0], [335.0, 190.5], [334.0, 190.5], [333.5, 191.0], [333.0, 191.5], [333.0, 191.5]]]}, "properties": {"image": "4galiv38pbkmmrz4d3bo_al_3_si_5_af_10.png", "iceberg_id": 1, "confidence": 0.6405847072601318}}, {"type": "Feature", "geometry": {"type": "Polygon", "coordinates": [[[568.0, 177.5], [567.0, 177.5], [566.5, 177.0], [566.0, 176.5], [565.0, 176.5], [564.0, 176.5], [563.5, 176.0], [563.0, 175.5], [562.0, 175.5], [561.0, 175.5], [560.5, 175.0], [560.0, 174.5], [559.5, 174.0], [559.0, 173.5], [558.0, 173.5], [557.5, 173.0], [557.0, 172.5], [556.5, 172.0], [556.0, 171.5], [555.0, 171.5], [554.5, 171.0], [554.0, 170.5], [553.5, 170.0], [553.5, 169.0], [553.0, 168.5], [552.5, 168.0], [552.5, 167.0], [552.0, 166.5], [551.5, 166.0], [551.5, 165.0], [552.0, 164.5], [552.5, 164.0], [553.0, 163.5], [554.0, 163.5], [555.0, 163.5], [556.0, 163.5], [556.5, 164.0], [557.0, 164.5], [558.0, 164.5], [559.0, 164.5], [559.5, 165.0], [560.0, 165.5], [561.0, 165.5], [561.5, 166.0], [562.0, 166.5], [562.5, 167.0], [563.0, 167.5], [564.0, 167.5], [564.5, 168.0], [565.0, 168.5], [565.5, 169.0], [566.0, 169.5], [566.5, 170.0], [567.0, 170.5], [567.5, 171.0], [568.0, 171.5], [568.5, 172.0], [569.0, 172.5], [569.5, 173.0], [570.0, 173.5], [570.5, 174.0], [570.5, 175.0], [570.5, 176.0], [570.0, 176.5], [569.0, 176.5], [568.5, 177.0], [568.0, 177.5], [568.0, 177.5]]]}, "properties": {"image": "4galiv38pbkmmrz4d3bo_al_3_si_5_af_10.png", "iceberg_id": 2, "confidence": 0.6405847072601318}}, {"type": "Feature", "geometry": {"type": "Polygon", "coordinates": [[[194.0, 185.5], [193.0, 185.5], [192.0, 185.5], [191.0, 185.5], [190.5, 185.0], [190.0, 184.5], [189.0, 184.5], [188.5, 184.0], [188.0, 183.5], [187.5, 183.0], [187.0, 182.5], [186.5, 182.0], [186.0, 181.5], [185.5, 181.0], [185.0, 180.5], [184.5, 180.0], [184.5, 179.0], [184.0, 178.5], [183.5, 178.0], [184.0, 177.5], [184.5, 177.0], [184.5, 176.0], [185.0, 175.5], [186.0, 175.5], [187.0, 175.5], [188.0, 175.5], [188.5, 176.0], [189.0, 176.5], [190.0, 176.5], [190.5, 177.0], [191.0, 177.5], [192.0, 177.5], [192.5, 178.0], [193.0, 178.5], [193.5, 179.0], [193.5, 180.0], [194.0, 180.5], [194.5, 181.0], [194.5, 182.0], [195.0, 182.5], [195.5, 183.0], [195.0, 183.5], [194.5, 184.0], [194.5, 185.0], [194.0, 185.5], [194.0, 185.5]]]}, "properties": {"image": "4galiv38pbkmmrz4d3bo_al_3_si_5_af_10.png", "iceberg_id": 3, "confidence": 0.6405847072601318}}, {"type": "Feature", "geometry": {"type": "Polygon", "coordinates": [[[611.0, 265.5], [610.0, 265.5], [609.0, 265.5], [608.0, 265.5], [607.0, 265.5], [606.5, 265.0], [606.0, 264.5], [605.0, 264.5], [604.0, 264.5], [603.5, 264.0], [603.0, 263.5], [602.0, 263.5], [601.0, 263.5], [600.5, 263.0], [600.0, 262.5], [599.0, 262.5], [598.5, 262.0], [598.0, 261.5], [597.0, 261.5], [596.0, 261.5], [595.0, 261.5], [594.5, 261.0], [594.0, 260.5], [593.0, 260.5], [592.0, 260.5], [591.0, 260.5], [590.0, 260.5], [589.0, 260.5], [588.0, 260.5], [587.0, 260.5], [586.5, 260.0], [586.0, 259.5], [585.0, 259.5], [584.0, 259.5], [583.5, 259.0], [583.0, 258.5], [582.0, 258.5], [581.5, 258.0], [581.0, 257.5], [580.0, 257.5], [579.5, 257.0], [579.0, 256.5], [578.0, 256.5], [577.5, 256.0], [577.0, 255.5], [576.5, 255.0], [576.0, 254.5], [575.5, 254.0], [575.0, 253.5], [574.5, 253.0], [574.0, 252.5], [573.5, 252.0], [573.5, 251.0], [573.5, 250.0], [573.5, 249.0], [574.0, 248.5], [574.5, 248.0], [575.0, 247.5], [576.0, 247.5], [576.5, 247.0], [577.0, 246.5], [577.5, 246.0], [578.0, 245.5], [579.0, 245.5], [579.5, 245.0], [579.5, 244.0], [580.0, 243.5], [580.5, 243.0], [581.0, 242.5], [581.5, 242.0], [582.0, 241.5], [583.0, 241.5], [584.0, 241.5], [584.5, 241.0], [585.0, 240.5], [586.0, 240.5], [587.0, 240.5], [587.5, 241.0], [588.0, 241.5], [589.0, 241.5], [590.0, 241.5], [591.0, 241.5], [592.0, 241.5], [593.0, 241.5], [594.0, 241.5], [594.5, 242.0], [595.0, 242.5], [596.0, 242.5], [597.0, 242.5], [598.0, 242.5], [599.0, 242.5], [599.5, 243.0], [600.0, 243.5], [601.0, 243.5], [602.0, 243.5], [602.5, 244.0], [603.0, 244.5], [604.0, 244.5], [604.5, 245.0], [605.0, 245.5], [606.0, 245.5], [607.0, 245.5], [607.5, 246.0], [608.0, 246.5], [609.0, 246.5], [610.0, 246.5], [610.5, 247.0], [611.0, 247.5], [612.0, 247.5], [613.0, 247.5], [613.5, 248.0], [614.0, 248.5], [615.0, 248.5], [615.5, 249.0], [616.0, 249.5], [617.0, 249.5], [618.0, 249.5], [618.5, 250.0], [619.0, 250.5], [619.5, 251.0], [620.0, 251.5], [621.0, 251.5], [621.5, 252.0], [622.0, 252.5], [622.5, 253.0], [623.0, 253.5], [624.0, 253.5], [624.5, 254.0], [624.5, 255.0], [625.0, 255.5], [625.5, 256.0], [625.5, 257.0], [625.0, 257.5], [624.5, 258.0], [624.0, 258.5], [623.5, 259.0], [623.0, 259.5], [622.5, 260.0], [622.0, 260.5], [621.5, 261.0], [621.0, 261.5], [620.0, 261.5], [619.5, 262.0], [619.0, 262.5], [618.0, 262.5], [617.5, 263.0], [617.0, 263.5], [616.0, 263.5], [615.5, 264.0], [615.0, 264.5], [614.0, 264.5], [613.0, 264.5], [612.0, 264.5], [611.5, 265.0], [611.0, 265.5], [611.0, 265.5]]]}, "properties": {"image": "4galiv38pbkmmrz4d3bo_al_3_si_5_af_10.png", "iceberg_id": 4, "confidence": 0.6405847072601318}}, {"type": "Feature", "geometry": {"type": "Polygon", "coordinates": [[[169.0, 265.5], [168.0, 265.5], [167.5, 265.0], [167.0, 264.5], [166.0, 264.5], [165.0, 264.5], [164.5, 264.0], [164.0, 263.5], [163.0, 263.5], [162.5, 263.0], [162.0, 262.5], [161.0, 262.5], [160.5, 262.0], [160.0, 261.5], [159.0, 261.5], [158.5, 261.0], [158.0, 260.5], [157.5, 260.0], [157.0, 259.5], [156.5, 259.0], [156.0, 258.5], [155.5, 258.0], [155.0, 257.5], [154.5, 257.0], [154.5, 256.0], [154.0, 255.5], [153.5, 255.0], [153.5, 254.0], [153.5, 253.0], [153.5, 252.0], [153.5, 251.0], [153.5, 250.0], [154.0, 249.5], [154.5, 249.0], [155.0, 248.5], [155.5, 248.0], [156.0, 247.5], [157.0, 247.5], [158.0, 247.5], [158.5, 247.0], [159.0, 246.5], [160.0, 246.5], [161.0, 246.5], [162.0, 246.5], [162.5, 247.0], [163.0, 247.5], [164.0, 247.5], [164.5, 248.0], [165.0, 248.5], [166.0, 248.5], [166.5, 249.0], [167.0, 249.5], [167.5, 250.0], [168.0, 250.5], [168.5, 251.0], [169.0, 251.5], [169.5, 252.0], [169.5, 253.0], [170.0, 253.5], [170.5, 254.0], [170.5, 255.0], [171.0, 255.5], [171.5, 256.0], [171.5, 257.0], [171.5, 258.0], [171.5, 259.0], [172.0, 259.5], [172.5, 260.0], [172.5, 261.0], [172.5, 262.0], [172.0, 262.5], [171.5, 263.0], [171.5, 264.0], [171.0, 264.5], [170.0, 264.5], [169.5, 265.0], [169.0, 265.5], [169.0, 265.5]]]}, "properties": {"image": "4galiv38pbkmmrz4d3bo_al_3_si_5_af_10.png", "iceberg_id": 5, "confidence": 0.6405847072601318}}, {"type": "Feature", "geometry": {"type": "Polygon", "coordinates": [[[423.0, 303.5], [422.0, 303.5], [421.0, 303.5], [420.5, 303.0], [420.0, 302.5], [419.5, 302.0], [419.0, 301.5], [418.5, 301.0], [418.5, 300.0], [418.5, 299.0], [418.5, 298.0], [419.0, 297.5], [420.0, 297.5], [421.0, 297.5], [422.0, 297.5], [422.5, 298.0], [423.0, 298.5], [423.5, 299.0], [423.5, 300.0], [423.5, 301.0], [424.0, 301.5], [424.5, 302.0], [424.0, 302.5], [423.5, 303.0], [423.0, 303.5], [423.0, 303.5]]]}, "properties": {"image": "4galiv38pbkmmrz4d3bo_al_3_si_5_af_10.png", "iceberg_id": 6, "confidence": 0.6405847072601318}}, {"type": "Feature", "geometry": {"type": "Polygon", "coordinates": [[[221.0, 351.5], [220.5, 351.0], [220.0, 350.5], [219.0, 350.5], [218.5, 350.0], [218.0, 349.5], [217.5, 349.0], [217.0, 348.5], [216.5, 348.0], [216.0, 347.5], [215.5, 347.0], [215.5, 346.0], [216.0, 345.5], [216.5, 345.0], [217.0, 344.5], [217.5, 345.0], [218.0, 345.5], [219.0, 345.5], [220.0, 345.5], [220.5, 346.0], [221.0, 346.5], [221.5, 347.0], [222.0, 347.5], [222.5, 348.0], [222.5, 349.0], [222.5, 350.0], [222.0, 350.5], [221.5, 351.0], [221.0, 351.5], [221.0, 351.5]]]}, "properties": {"image": "4galiv38pbkmmrz4d3bo_al_3_si_5_af_10.png", "iceberg_id": 7, "confidence": 0.6405847072601318}}, {"type": "Feature", "geometry": {"type": "Polygon", "coordinates": [[[126.0, 395.5], [125.0, 395.5], [124.0, 395.5], [123.0, 395.5], [122.0, 395.5], [121.5, 395.0], [121.0, 394.5], [120.5, 394.0], [120.0, 393.5], [119.5, 393.0], [119.5, 392.0], [119.0, 391.5], [118.5, 391.0], [118.5, 390.0], [118.5, 389.0], [119.0, 388.5], [119.5, 388.0], [120.0, 387.5], [121.0, 387.5], [122.0, 387.5], [122.5, 388.0], [123.0, 388.5], [124.0, 388.5], [124.5, 389.0], [125.0, 389.5], [125.5, 390.0], [126.0, 390.5], [126.5, 391.0], [126.5, 392.0], [127.0, 392.5], [127.5, 393.0], [127.5, 394.0], [127.0, 394.5], [126.5, 395.0], [126.0, 395.5], [126.0, 395.5]]]}, "properties": {"image": "4galiv38pbkmmrz4d3bo_al_3_si_5_af_10.png", "iceberg_id": 8, "confidence": 0.6405847072601318}}, {"type": "Feature", "geometry": {"type": "Polygon", "coordinates": [[[110.0, 440.5], [109.0, 440.5], [108.0, 440.5], [107.0, 440.5], [106.0, 440.5], [105.5, 440.0], [105.0, 439.5], [104.0, 439.5], [103.5, 439.0], [103.5, 438.0], [103.0, 437.5], [102.5, 437.0], [102.5, 436.0], [102.0, 435.5], [101.5, 435.0], [101.5, 434.0], [101.5, 433.0], [101.5, 432.0], [101.5, 431.0], [101.5, 430.0], [101.0, 429.5], [100.5, 429.0], [101.0, 428.5], [101.5, 428.0], [101.0, 427.5], [100.5, 427.0], [101.0, 426.5], [101.5, 426.0], [101.5, 425.0], [101.5, 424.0], [102.0, 423.5], [102.5, 423.0], [103.0, 422.5], [103.5, 422.0], [104.0, 421.5], [105.0, 421.5], [106.0, 421.5], [107.0, 421.5], [107.5, 422.0], [108.0, 422.5], [108.5, 423.0], [108.5, 424.0], [109.0, 424.5], [109.5, 425.0], [109.5, 426.0], [109.5, 427.0], [109.5, 428.0], [110.0, 428.5], [110.5, 429.0], [110.5, 430.0], [110.5, 431.0], [110.5, 432.0], [111.0, 432.5], [111.5, 433.0], [111.5, 434.0], [111.5, 435.0], [111.5, 436.0], [111.5, 437.0], [111.5, 438.0], [111.0, 438.5], [110.5, 439.0], [110.5, 440.0], [110.0, 440.5], [110.0, 440.5]]]}, "properties": {"image": "4galiv38pbkmmrz4d3bo_al_3_si_5_af_10.png", "iceberg_id": 9, "confidence": 0.6405847072601318}}, {"type": "Feature", "geometry": {"type": "Polygon", "coordinates": [[[253.0, 449.5], [252.0, 449.5], [251.0, 449.5], [250.0, 449.5], [249.0, 449.5], [248.0, 449.5], [247.0, 449.5], [246.5, 449.0], [246.0, 448.5], [245.5, 448.0], [245.0, 447.5], [244.5, 447.0], [244.0, 446.5], [243.5, 446.0], [243.5, 445.0], [243.5, 444.0], [244.0, 443.5], [244.5, 443.0], [245.0, 442.5], [245.5, 442.0], [246.0, 441.5], [247.0, 441.5], [247.5, 441.0], [248.0, 440.5], [249.0, 440.5], [249.5, 440.0], [250.0, 439.5], [251.0, 439.5], [251.5, 439.0], [252.0, 438.5], [253.0, 438.5], [253.5, 438.0], [254.0, 437.5], [254.5, 437.0], [255.0, 436.5], [256.0, 436.5], [257.0, 436.5], [258.0, 436.5], [258.5, 437.0], [259.0, 437.5], [260.0, 437.5], [260.5, 438.0], [260.5, 439.0], [261.0, 439.5], [261.5, 440.0], [261.0, 440.5], [260.5, 441.0], [260.5, 442.0], [260.0, 442.5], [259.5, 443.0], [259.0, 443.5], [258.5, 444.0], [258.0, 444.5], [257.5, 445.0], [257.0, 445.5], [256.5, 446.0], [256.0, 446.5], [255.5, 447.0], [255.0, 447.5], [254.5, 448.0], [254.0, 448.5], [253.5, 449.0], [253.0, 449.5], [253.0, 449.5]]]}, "properties": {"image": "4galiv38pbkmmrz4d3bo_al_3_si_5_af_10.png", "iceberg_id": 10, "confidence": 0.6405847072601318}}, {"type": "Feature", "geometry": {"type": "Polygon", "coordinates": [[[656.0, 536.5], [655.0, 536.5], [654.0, 536.5], [653.5, 536.0], [653.0, 535.5], [652.0, 535.5], [651.5, 535.0], [651.5, 534.0], [651.0, 533.5], [650.5, 533.0], [651.0, 532.5], [651.5, 532.0], [652.0, 531.5], [653.0, 531.5], [654.0, 531.5], [654.5, 532.0], [655.0, 532.5], [656.0, 532.5], [656.5, 533.0], [656.5, 534.0], [656.5, 535.0], [656.5, 536.0], [656.0, 536.5], [656.0, 536.5]]]}, "properties": {"image": "4galiv38pbkmmrz4d3bo_al_3_si_5_af_10.png", "iceberg_id": 11, "confidence": 0.6405847072601318}}, {"type": "Feature", "geometry": {"type": "Polygon", "coordinates": [[[0.0, 67.5], [0.5, 68.0], [1.0, 68.5], [1.5, 69.0], [2.0, 69.5], [3.0, 69.5], [4.0, 69.5], [4.5, 70.0], [5.0, 70.5], [6.0, 70.5], [7.0, 70.5], [8.0, 70.5], [9.0, 70.5], [9.5, 71.0], [10.0, 71.5], [11.0, 71.5], [12.0, 71.5], [12.5, 72.0], [13.0, 72.5], [14.0, 72.5], [14.5, 73.0], [15.0, 73.5], [16.0, 73.5], [16.5, 74.0], [17.0, 74.5], [18.0, 74.5], [18.5, 75.0], [19.0, 75.5], [20.0, 75.5], [20.5, 76.0], [21.0, 76.5], [21.5, 77.0], [22.0, 77.5], [23.0, 77.5], [24.0, 77.5], [24.5, 78.0], [25.0, 78.5], [26.0, 78.5], [26.5, 79.0], [27.0, 79.5], [28.0, 79.5], [28.5, 80.0], [29.0, 80.5], [30.0, 80.5], [30.5, 81.0], [31.0, 81.5], [31.5, 82.0], [32.0, 82.5], [32.5, 83.0], [33.0, 83.5], [33.5, 84.0], [34.0, 84.5], [34.5, 85.0], [35.0, 85.5], [36.0, 85.5], [36.5, 86.0], [37.0, 86.5], [37.5, 87.0], [38.0, 87.5], [39.0, 87.5], [39.5, 88.0], [40.0, 88.5], [40.5, 89.0], [41.0, 89.5], [42.0, 89.5], [42.5, 90.0], [43.0, 90.5], [43.5, 91.0], [44.0, 91.5], [44.5, 92.0], [45.0, 92.5], [45.5, 93.0], [46.0, 93.5], [46.5, 94.0], [46.5, 95.0], [47.0, 95.5], [47.5, 96.0], [47.5, 97.0], [48.0, 97.5], [48.5, 98.0], [48.5, 99.0], [48.5, 100.0], [49.0, 100.5], [49.5, 101.0], [49.5, 102.0], [50.0, 102.5], [50.5, 103.0], [51.0, 103.5], [51.5, 104.0], [52.0, 104.5], [53.0, 104.5], [53.5, 105.0], [54.0, 105.5], [54.5, 106.0], [55.0, 106.5], [56.0, 106.5], [56.5, 107.0], [57.0, 107.5], [57.5, 108.0], [58.0, 108.5], [58.5, 109.0], [59.0, 109.5], [59.5, 110.0], [60.0, 110.5], [60.5, 111.0], [61.0, 111.5], [62.0, 111.5], [62.5, 112.0], [63.0, 112.5], [64.0, 112.5], [65.0, 112.5], [66.0, 112.5], [67.0, 112.5], [67.5, 113.0], [68.0, 113.5], [68.5, 114.0], [69.0, 114.5], [70.0, 114.5], [70.5, 115.0], [71.0, 115.5], [71.5, 116.0], [72.0, 116.5], [73.0, 116.5], [73.5, 117.0], [74.0, 117.5], [74.5, 118.0], [75.0, 118.5], [76.0, 118.5], [76.5, 119.0], [77.0, 119.5], [78.0, 119.5], [79.0, 119.5], [80.0, 119.5], [81.0, 119.5], [81.5, 119.0], [82.0, 118.5], [83.0, 118.5], [83.5, 118.0], [84.0, 117.5], [84.5, 118.0], [85.0, 118.5], [86.0, 118.5], [86.5, 119.0], [87.0, 119.5], [87.5, 120.0], [87.5, 121.0], [87.5, 122.0], [87.5, 123.0], [87.0, 123.5], [86.5, 124.0], [86.0, 124.5], [85.5, 125.0], [85.5, 126.0], [85.0, 126.5], [84.5, 127.0], [84.5, 128.0], [84.0, 128.5], [83.5, 129.0], [83.0, 129.5], [82.0, 129.5], [81.5, 130.0], [81.0, 130.5], [80.0, 130.5], [79.0, 130.5], [78.0, 130.5], [77.5, 131.0], [77.0, 131.5], [76.0, 131.5], [75.0, 131.5], [74.0, 131.5], [73.0, 131.5], [72.0, 131.5], [71.0, 131.5], [70.5, 132.0], [70.0, 132.5], [69.0, 132.5], [68.0, 132.5], [67.0, 132.5], [66.0, 132.5], [65.0, 132.5], [64.0, 132.5], [63.5, 132.0], [63.0, 131.5], [62.0, 131.5], [61.5, 131.0], [61.0, 130.5], [60.0, 130.5], [59.5, 130.0], [59.0, 129.5], [58.5, 129.0], [58.0, 128.5], [57.5, 128.0], [57.0, 127.5], [56.0, 127.5], [55.5, 127.0], [55.5, 126.0], [55.0, 125.5], [54.5, 125.0], [54.0, 124.5], [53.5, 124.0], [53.5, 123.0], [53.5, 122.0], [53.5, 121.0], [53.5, 120.0], [53.5, 119.0], [53.5, 118.0], [53.5, 117.0], [53.5, 116.0], [53.5, 115.0], [53.0, 114.5], [52.5, 114.0], [52.0, 113.5], [51.0, 113.5], [50.5, 113.0], [50.0, 112.5], [49.0, 112.5], [48.0, 112.5], [47.5, 112.0], [47.0, 111.5], [46.0, 111.5], [45.0, 111.5], [44.0, 111.5], [43.0, 111.5], [42.5, 112.0], [42.0, 112.5], [41.0, 112.5], [40.0, 112.5], [39.5, 113.0], [39.0, 113.5], [38.0, 113.5], [37.5, 114.0], [37.0, 114.5], [36.5, 115.0], [36.0, 115.5], [35.5, 116.0], [35.5, 117.0], [35.0, 117.5], [34.5, 118.0], [34.5, 119.0], [34.5, 120.0], [34.0, 120.5], [33.5, 121.0], [33.5, 122.0], [33.5, 123.0], [33.5, 124.0], [33.5, 125.0], [33.5, 126.0], [33.5, 127.0], [33.5, 128.0], [33.5, 129.0], [33.5, 130.0], [33.5, 131.0], [33.5, 132.0], [33.5, 133.0], [33.5, 134.0], [33.5, 135.0], [33.5, 136.0], [33.5, 137.0], [33.5, 138.0], [33.5, 139.0], [33.0, 139.5], [32.5, 140.0], [32.5, 141.0], [32.5, 142.0], [32.5, 143.0], [32.5, 144.0], [32.5, 145.0], [32.5, 146.0], [32.5, 147.0], [32.5, 148.0], [33.0, 148.5], [33.5, 149.0], [33.5, 150.0], [33.5, 151.0], [33.5, 152.0], [33.5, 153.0], [33.5, 154.0], [33.5, 155.0], [33.5, 156.0], [33.5, 157.0], [33.0, 157.5], [32.5, 158.0], [32.5, 159.0], [32.5, 160.0], [32.0, 160.5], [31.5, 161.0], [31.5, 162.0], [31.5, 163.0], [31.5, 164.0], [31.0, 164.5], [30.5, 165.0], [30.5, 166.0], [30.5, 167.0], [30.5, 168.0], [30.0, 168.5], [29.5, 169.0], [29.5, 170.0], [29.5, 171.0], [29.5, 172.0], [29.0, 172.5], [28.5, 173.0], [28.5, 174.0], [28.5, 175.0], [28.0, 175.5], [27.5, 176.0], [27.5, 177.0], [27.0, 177.5], [26.5, 178.0], [26.5, 179.0], [26.5, 180.0], [26.0, 180.5], [25.5, 181.0], [25.0, 181.5], [24.5, 182.0], [24.5, 183.0], [24.0, 183.5], [23.5, 184.0], [23.0, 184.5], [22.5, 185.0], [22.5, 186.0], [22.0, 186.5], [21.5, 187.0], [21.0, 187.5], [20.5, 188.0], [20.0, 188.5], [19.5, 189.0], [19.0, 189.5], [18.5, 190.0], [18.5, 191.0], [18.0, 191.5], [17.5, 192.0], [17.0, 192.5], [16.5, 193.0], [16.0, 193.5], [15.5, 194.0], [15.0, 194.5], [14.5, 195.0], [14.0, 195.5], [13.0, 195.5], [12.5, 196.0], [12.0, 196.5], [11.5, 197.0], [11.0, 197.5], [10.5, 198.0], [10.0, 198.5], [9.0, 198.5], [8.0, 198.5], [7.5, 199.0], [7.0, 199.5], [6.0, 199.5], [5.0, 199.5], [4.0, 199.5], [3.0, 199.5], [2.0, 199.5], [1.0, 199.5], [0.0, 199.5], [0.0, 67.5]]]}, "properties": {"image": "5dw5qe9ar25eagtrwk72_al_3_si_4_af_10.png", "iceberg_id": 0, "confidence": 0.6407049894332886}}, {"type": "Feature", "geometry": {"type": "Polygon", "coordinates": [[[299.0, 88.5], [298.0, 88.5], [297.0, 88.5], [296.5, 88.0], [296.0, 87.5], [295.0, 87.5], [294.5, 87.0], [294.0, 86.5], [293.5, 86.0], [293.0, 85.5], [292.0, 85.5], [291.5, 85.0], [291.5, 84.0], [291.0, 83.5], [290.5, 83.0], [290.0, 82.5], [289.5, 82.0], [289.0, 81.5], [288.5, 81.0], [288.0, 80.5], [287.5, 80.0], [287.0, 79.5], [286.5, 79.0], [286.0, 78.5], [285.0, 78.5], [284.5, 78.0], [284.0, 77.5], [283.5, 77.0], [283.0, 76.5], [282.5, 76.0], [282.5, 75.0], [282.0, 74.5], [281.5, 74.0], [281.5, 73.0], [281.5, 72.0], [281.5, 71.0], [281.5, 70.0], [282.0, 69.5], [282.5, 69.0], [283.0, 68.5], [284.0, 68.5], [285.0, 68.5], [285.5, 68.0], [286.0, 67.5], [287.0, 67.5], [288.0, 67.5], [289.0, 67.5], [290.0, 67.5], [290.5, 68.0], [291.0, 68.5], [292.0, 68.5], [293.0, 68.5], [294.0, 68.5], [295.0, 68.5], [295.5, 69.0], [296.0, 69.5], [297.0, 69.5], [298.0, 69.5], [298.5, 70.0], [299.0, 70.5], [300.0, 70.5], [301.0, 70.5], [301.5, 71.0], [302.0, 71.5], [302.5, 72.0], [303.0, 72.5], [303.5, 73.0], [304.0, 73.5], [304.5, 74.0], [304.5, 75.0], [304.5, 76.0], [304.5, 77.0], [304.5, 78.0], [304.5, 79.0], [304.5, 80.0], [304.5, 81.0], [304.5, 82.0], [304.0, 82.5], [303.5, 83.0], [303.5, 84.0], [303.5, 85.0], [303.0, 85.5], [302.5, 86.0], [302.0, 86.5], [301.5, 87.0], [301.0, 87.5], [300.0, 87.5], [299.5, 88.0], [299.0, 88.5], [299.0, 88.5]]]}, "properties": {"image": "5dw5qe9ar25eagtrwk72_al_3_si_4_af_10.png", "iceberg_id": 1, "confidence": 0.6407049894332886}}, {"type": "Feature", "geometry": {"type": "Polygon", "coordinates": [[[345.0, 101.5], [344.0, 101.5], [343.0, 101.5], [342.0, 101.5], [341.0, 101.5], [340.0, 101.5], [339.0, 101.5], [338.5, 101.0], [338.0, 100.5], [337.0, 100.5], [336.5, 100.0], [336.0, 99.5], [335.0, 99.5], [334.5, 99.0], [334.0, 98.5], [333.5, 98.0], [333.0, 97.5], [332.0, 97.5], [331.5, 97.0], [331.0, 96.5], [330.5, 96.0], [330.0, 95.5], [329.5, 95.0], [329.0, 94.5], [328.0, 94.5], [327.5, 94.0], [327.0, 93.5], [326.0, 93.5], [325.0, 93.5], [324.0, 93.5], [323.0, 93.5], [322.0, 93.5], [321.5, 94.0], [321.0, 94.5], [320.0, 94.5], [319.0, 94.5], [318.0, 94.5], [317.5, 94.0], [317.0, 93.5], [316.0, 93.5], [315.0, 93.5], [314.5, 93.0], [314.0, 92.5], [313.0, 92.5], [312.5, 92.0], [312.0, 91.5], [311.5, 91.0], [311.5, 90.0], [312.0, 89.5], [312.5, 89.0], [312.5, 88.0], [313.0, 87.5], [313.5, 87.0], [313.5, 86.0], [314.0, 85.5], [314.5, 85.0], [314.5, 84.0], [314.5, 83.0], [314.5, 82.0], [314.0, 81.5], [313.5, 81.0], [313.5, 80.0], [313.5, 79.0], [313.5, 78.0], [314.0, 77.5], [314.5, 77.0], [315.0, 76.5], [315.5, 76.0], [316.0, 75.5], [317.0, 75.5], [318.0, 75.5], [318.5, 76.0], [319.0, 76.5], [320.0, 76.5], [321.0, 76.5], [321.5, 77.0], [322.0, 77.5], [323.0, 77.5], [324.0, 77.5], [325.0, 77.5], [325.5, 78.0], [326.0, 78.5], [327.0, 78.5], [327.5, 79.0], [328.0, 79.5], [329.0, 79.5], [330.0, 79.5], [331.0, 79.5], [331.5, 80.0], [332.0, 80.5], [333.0, 80.5], [334.0, 80.5], [335.0, 80.5], [335.5, 81.0], [336.0, 81.5], [337.0, 81.5], [338.0, 81.5], [339.0, 81.5], [340.0, 81.5], [340.5, 82.0], [341.0, 82.5], [342.0, 82.5], [343.0, 82.5], [343.5, 83.0], [344.0, 83.5], [345.0, 83.5], [346.0, 83.5], [346.5, 84.0], [347.0, 84.5], [347.5, 85.0], [348.0, 85.5], [348.5, 86.0], [348.5, 87.0], [349.0, 87.5], [349.5, 88.0], [349.5, 89.0], [349.5, 90.0], [349.5, 91.0], [349.5, 92.0], [349.5, 93.0], [349.5, 94.0], [349.5, 95.0], [349.5, 96.0], [349.0, 96.5], [348.5, 97.0], [348.5, 98.0], [348.0, 98.5], [347.5, 99.0], [347.0, 99.5], [346.5, 100.0], [346.0, 100.5], [345.5, 101.0], [345.0, 101.5], [345.0, 101.5]]]}, "properties": {"image": "5dw5qe9ar25eagtrwk72_al_3_si_4_af_10.png", "iceberg_id": 2, "confidence": 0.6407049894332886}}, {"type": "Feature", "geometry": {"type": "Polygon", "coordinates": [[[167.0, 195.5], [166.0, 195.5], [165.0, 195.5], [164.5, 195.0], [164.0, 194.5], [163.0, 194.5], [162.5, 194.0], [162.0, 193.5], [161.5, 193.0], [161.5, 192.0], [161.5, 191.0], [161.5, 190.0], [162.0, 189.5], [162.5, 189.0], [163.0, 188.5], [164.0, 188.5], [165.0, 188.5], [166.0, 188.5], [167.0, 188.5], [168.0, 188.5], [168.5, 189.0], [169.0, 189.5], [170.0, 189.5], [170.5, 190.0], [170.5, 191.0], [170.5, 192.0], [170.5, 193.0], [170.0, 193.5], [169.5, 194.0], [169.0, 194.5], [168.0, 194.5], [167.5, 195.0], [167.0, 195.5], [167.0, 195.5]]]}, "properties": {"image": "5dw5qe9ar25eagtrwk72_al_3_si_4_af_10.png", "iceberg_id": 3, "confidence": 0.6407049894332886}}, {"type": "Feature", "geometry": {"type": "Polygon", "coordinates": [[[138.0, 208.5], [137.5, 208.0], [137.0, 207.5], [136.0, 207.5], [135.0, 207.5], [134.5, 207.0], [134.0, 206.5], [133.0, 206.5], [132.5, 206.0], [132.0, 205.5], [131.5, 205.0], [131.5, 204.0], [131.0, 203.5], [130.5, 203.0], [130.5, 202.0], [130.5, 201.0], [130.5, 200.0], [130.5, 199.0], [130.5, 198.0], [131.0, 197.5], [131.5, 197.0], [131.5, 196.0], [132.0, 195.5], [132.5, 195.0], [133.0, 194.5], [133.5, 194.0], [134.0, 193.5], [134.5, 193.0], [135.0, 192.5], [136.0, 192.5], [137.0, 192.5], [137.5, 192.0], [138.0, 191.5], [139.0, 191.5], [140.0, 191.5], [140.5, 192.0], [141.0, 192.5], [142.0, 192.5], [142.5, 193.0], [143.0, 193.5], [143.5, 194.0], [143.5, 195.0], [144.0, 195.5], [144.5, 196.0], [144.5, 197.0], [144.5, 198.0], [144.5, 199.0], [144.5, 200.0], [144.5, 201.0], [144.5, 202.0], [144.5, 203.0], [144.5, 204.0], [144.0, 204.5], [143.5, 205.0], [143.0, 205.5], [142.5, 206.0], [142.0, 206.5], [141.5, 207.0], [141.0, 207.5], [140.0, 207.5], [139.0, 207.5], [138.5, 208.0], [138.0, 208.5], [138.0, 208.5]]]}, "properties": {"image": "5dw5qe9ar25eagtrwk72_al_3_si_4_af_10.png", "iceberg_id": 4, "confidence": 0.6407049894332886}}, {"type": "Feature", "geometry": {"type": "Polygon", "coordinates": [[[81.0, 243.5], [80.5, 243.0], [80.0, 242.5], [79.0, 242.5], [78.5, 242.0], [78.0, 241.5], [77.5, 241.0], [77.5, 240.0], [77.5, 239.0], [78.0, 238.5], [78.5, 238.0], [79.0, 237.5], [79.5, 237.0], [79.5, 236.0], [80.0, 235.5], [80.5, 236.0], [81.0, 236.5], [81.5, 236.0], [82.0, 235.5], [82.5, 236.0], [83.0, 236.5], [83.5, 237.0], [84.0, 237.5], [84.5, 238.0], [84.5, 239.0], [84.5, 240.0], [84.0, 240.5], [83.5, 241.0], [83.0, 241.5], [82.5, 242.0], [82.0, 242.5], [81.5, 243.0], [81.0, 243.5], [81.0, 243.5]]]}, "properties": {"image": "5dw5qe9ar25eagtrwk72_al_3_si_4_af_10.png", "iceberg_id": 5, "confidence": 0.6407049894332886}}, {"type": "Feature", "geometry": {"type": "Polygon", "coordinates": [[[164.0, 261.5], [163.0, 261.5], [162.0, 261.5], [161.0, 261.5], [160.0, 261.5], [159.0, 261.5], [158.0, 261.5], [157.0, 261.5], [156.5, 261.0], [156.0, 260.5], [155.0, 260.5], [154.0, 260.5], [153.5, 260.0], [153.0, 259.5], [152.5, 259.0], [152.0, 258.5], [151.5, 258.0], [151.0, 257.5], [150.5, 257.0], [150.0, 256.5], [149.5, 256.0], [149.5, 255.0], [149.5, 254.0], [149.5, 253.0], [150.0, 252.5], [150.5, 252.0], [151.0, 251.5], [151.5, 251.0], [151.5, 250.0], [152.0, 249.5], [153.0, 249.5], [153.5, 249.0], [154.0, 248.5], [155.0, 248.5], [155.5, 248.0], [156.0, 247.5], [157.0, 247.5], [158.0, 247.5], [159.0, 247.5], [160.0, 247.5], [161.0, 247.5], [162.0, 247.5], [163.0, 247.5], [164.0, 247.5], [164.5, 248.0], [165.0, 248.5], [166.0, 248.5], [166.5, 249.0], [167.0, 249.5], [168.0, 249.5], [168.5, 250.0], [169.0, 250.5], [169.5, 251.0], [170.0, 251.5], [170.5, 252.0], [170.5, 253.0], [170.5, 254.0], [171.0, 254.5], [171.5, 255.0], [171.0, 255.5], [170.5, 256.0], [170.5, 257.0], [170.0, 257.5], [169.5, 258.0], [169.0, 258.5], [168.5, 259.0], [168.0, 259.5], [167.0, 259.5], [166.5, 260.0], [166.0, 260.5], [165.0, 260.5], [164.5, 261.0], [164.0, 261.5], [164.0, 261.5]]]}, "properties": {"image": "5dw5qe9ar25eagtrwk72_al_3_si_4_af_10.png", "iceberg_id": 6, "confidence": 0.6407049894332886}}, {"type": "Feature", "geometry": {"type": "Polygon", "coordinates": [[[673.0, 260.5], [672.0, 260.5], [671.5, 260.0], [671.0, 259.5], [670.0, 259.5], [669.5, 259.0], [669.0, 258.5], [668.5, 258.0], [668.0, 257.5], [667.5, 257.0], [667.5, 256.0], [667.5, 255.0], [667.5, 254.0], [668.0, 253.5], [668.5, 253.0], [669.0, 252.5], [670.0, 252.5], [671.0, 252.5], [671.5, 253.0], [672.0, 253.5], [673.0, 253.5], [673.5, 254.0], [673.5, 255.0], [674.0, 255.5], [674.5, 256.0], [674.5, 257.0], [674.5, 258.0], [674.5, 259.0], [674.0, 259.5], [673.5, 260.0], [673.0, 260.5], [673.0, 260.5]]]}, "properties": {"image": "5dw5qe9ar25eagtrwk72_al_3_si_4_af_10.png", "iceberg_id": 7, "confidence": 0.6407049894332886}}, {"type": "Feature", "geometry": {"type": "Polygon", "coordinates": [[[357.0, 259.5], [356.0, 259.5], [355.0, 259.5], [354.0, 259.5], [353.0, 259.5], [352.5, 259.0], [352.0, 258.5], [351.5, 258.0], [351.5, 257.0], [351.5, 256.0], [352.0, 255.5], [352.5, 255.0], [353.0, 254.5], [354.0, 254.5], [355.0, 254.5], [355.5, 254.0], [356.0, 253.5], [356.5, 254.0], [357.0, 254.5], [357.5, 255.0], [358.0, 255.5], [358.5, 256.0], [358.5, 257.0], [358.5, 258.0], [358.0, 258.5], [357.5, 259.0], [357.0, 259.5], [357.0, 259.5]]]}, "properties": {"image": "5dw5qe9ar25eagtrwk72_al_3_si_4_af_10.png", "iceberg_id": 8, "confidence": 0.6407049894332886}}, {"type": "Feature", "geometry": {"type": "Polygon", "coordinates": [[[397.0, 259.5], [396.0, 259.5], [395.0, 259.5], [394.0, 259.5], [393.5, 259.0], [393.0, 258.5], [392.5, 258.0], [392.5, 257.0], [392.5, 256.0], [392.5, 255.0], [393.0, 254.5], [394.0, 254.5], [395.0, 254.5], [395.5, 254.0], [396.0, 253.5], [396.5, 254.0], [397.0, 254.5], [397.5, 255.0], [398.0, 255.5], [398.5, 256.0], [398.5, 257.0], [398.5, 258.0], [398.0, 258.5], [397.5, 259.0], [397.0, 259.5], [397.0, 259.5]]]}, "properties": {"image": "5dw5qe9ar25eagtrwk72_al_3_si_4_af_10.png", "iceberg_id": 9, "confidence": 0.6407049894332886}}, {"type": "Feature", "geometry": {"type": "Polygon", "coordinates": [[[415.0, 259.5], [414.0, 259.5], [413.0, 259.5], [412.5, 259.0], [412.0, 258.5], [411.5, 258.0], [411.5, 257.0], [412.0, 256.5], [412.5, 256.0], [413.0, 255.5], [414.0, 255.5], [415.0, 255.5], [416.0, 255.5], [416.5, 256.0], [416.5, 257.0], [416.5, 258.0], [416.0, 258.5], [415.5, 259.0], [415.0, 259.5], [415.0, 259.5]]]}, "properties": {"image": "5dw5qe9ar25eagtrwk72_al_3_si_4_af_10.png", "iceberg_id": 10, "confidence": 0.6407049894332886}}, {"type": "Feature", "geometry": {"type": "Polygon", "coordinates": [[[598.0, 262.5], [597.5, 262.0], [597.0, 261.5], [596.0, 261.5], [595.5, 261.0], [595.5, 260.0], [595.0, 259.5], [594.5, 259.0], [595.0, 258.5], [595.5, 258.0], [596.0, 257.5], [597.0, 257.5], [598.0, 257.5], [598.5, 258.0], [599.0, 258.5], [599.5, 259.0], [600.0, 259.5], [600.5, 260.0], [600.5, 261.0], [600.0, 261.5], [599.0, 261.5], [598.5, 262.0], [598.0, 262.5], [598.0, 262.5]]]}, "properties": {"image": "5dw5qe9ar25eagtrwk72_al_3_si_4_af_10.png", "iceberg_id": 11, "confidence": 0.6407049894332886}}, {"type": "Feature", "geometry": {"type": "Polygon", "coordinates": [[[303.0, 273.5], [302.0, 273.5], [301.0, 273.5], [300.5, 273.0], [300.5, 272.0], [300.5, 271.0], [300.5, 270.0], [301.0, 269.5], [302.0, 269.5], [302.5, 270.0], [303.0, 270.5], [303.5, 271.0], [304.0, 271.5], [304.5, 272.0], [304.0, 272.5], [303.5, 273.0], [303.0, 273.5], [303.0, 273.5]]]}, "properties": {"image": "5dw5qe9ar25eagtrwk72_al_3_si_4_af_10.png", "iceberg_id": 12, "confidence": 0.6407049894332886}}, {"type": "Feature", "geometry": {"type": "Polygon", "coordinates": [[[675.0, 306.5], [674.5, 307.0], [674.5, 308.0], [674.5, 309.0], [674.0, 309.5], [673.5, 310.0], [673.5, 311.0], [673.0, 311.5], [672.5, 312.0], [672.0, 312.5], [671.5, 313.0], [671.0, 313.5], [670.0, 313.5], [669.0, 313.5], [668.5, 314.0], [668.0, 314.5], [667.0, 314.5], [666.0, 314.5], [665.0, 314.5], [664.5, 314.0], [664.0, 313.5], [663.0, 313.5], [662.0, 313.5], [661.5, 313.0], [661.0, 312.5], [660.5, 312.0], [660.0, 311.5], [659.0, 311.5], [658.0, 311.5], [657.5, 311.0], [657.0, 310.5], [656.0, 310.5], [655.5, 310.0], [655.0, 309.5], [654.5, 309.0], [654.0, 308.5], [653.5, 308.0], [653.0, 307.5], [652.5, 307.0], [652.5, 306.0], [652.5, 305.0], [652.5, 304.0], [652.5, 303.0], [653.0, 302.5], [653.5, 302.0], [653.5, 301.0], [653.5, 300.0], [653.5, 299.0], [654.0, 298.5], [654.5, 298.0], [654.5, 297.0], [655.0, 296.5], [655.5, 296.0], [656.0, 295.5], [656.5, 295.0], [657.0, 294.5], [657.5, 294.0], [658.0, 293.5], [659.0, 293.5], [660.0, 293.5], [660.5, 293.0], [661.0, 292.5], [662.0, 292.5], [663.0, 292.5], [664.0, 292.5], [665.0, 292.5], [665.5, 292.0], [666.0, 291.5], [666.5, 292.0], [667.0, 292.5], [667.5, 292.0], [668.0, 291.5], [669.0, 291.5], [670.0, 291.5], [671.0, 291.5], [672.0, 291.5], [672.5, 292.0], [673.0, 292.5], [674.0, 292.5], [675.0, 292.5], [675.0, 306.5]]]}, "properties": {"image": "5dw5qe9ar25eagtrwk72_al_3_si_4_af_10.png", "iceberg_id": 13, "confidence": 0.6407049894332886}}, {"type": "Feature", "geometry": {"type": "Polygon", "coordinates": [[[305.0, 326.5], [304.0, 326.5], [303.0, 326.5], [302.5, 326.0], [302.0, 325.5], [301.5, 325.0], [301.5, 324.0], [301.5, 323.0], [301.5, 322.0], [302.0, 321.5], [303.0, 321.5], [304.0, 321.5], [304.5, 322.0], [305.0, 322.5], [305.5, 323.0], [306.0, 323.5], [306.5, 324.0], [306.5, 325.0], [306.0, 325.5], [305.5, 326.0], [305.0, 326.5], [305.0, 326.5]]]}, "properties": {"image": "5dw5qe9ar25eagtrwk72_al_3_si_4_af_10.png", "iceberg_id": 14, "confidence": 0.6407049894332886}}, {"type": "Feature", "geometry": {"type": "Polygon", "coordinates": [[[494.0, 350.5], [493.0, 350.5], [492.0, 350.5], [491.0, 350.5], [490.5, 350.0], [490.0, 349.5], [489.0, 349.5], [488.5, 349.0], [488.0, 348.5], [487.5, 348.0], [487.5, 347.0], [487.5, 346.0], [487.0, 345.5], [486.5, 345.0], [487.0, 344.5], [487.5, 344.0], [487.5, 343.0], [487.5, 342.0], [488.0, 341.5], [488.5, 341.0], [489.0, 340.5], [489.5, 340.0], [490.0, 339.5], [491.0, 339.5], [492.0, 339.5], [492.5, 339.0], [493.0, 338.5], [494.0, 338.5], [495.0, 338.5], [495.5, 339.0], [496.0, 339.5], [497.0, 339.5], [497.5, 340.0], [498.0, 340.5], [498.5, 341.0], [498.5, 342.0], [499.0, 342.5], [499.5, 343.0], [499.5, 344.0], [499.5, 345.0], [499.0, 345.5], [498.5, 346.0], [498.5, 347.0], [498.0, 347.5], [497.5, 348.0], [497.0, 348.5], [496.5, 349.0], [496.0, 349.5], [495.0, 349.5], [494.5, 350.0], [494.0, 350.5], [494.0, 350.5]]]}, "properties": {"image": "5dw5qe9ar25eagtrwk72_al_3_si_4_af_10.png", "iceberg_id": 15, "confidence": 0.6407049894332886}}, {"type": "Feature", "geometry": {"type": "Polygon", "coordinates": [[[283.0, 394.5], [282.0, 394.5], [281.0, 394.5], [280.0, 394.5], [279.5, 394.0], [279.0, 393.5], [278.0, 393.5], [277.0, 393.5], [276.5, 393.0], [276.0, 392.5], [275.5, 392.0], [275.0, 391.5], [274.0, 391.5], [273.5, 391.0], [273.0, 390.5], [272.5, 390.0], [272.0, 389.5], [271.0, 389.5], [270.5, 389.0], [270.0, 388.5], [269.5, 388.0], [269.0, 387.5], [268.5, 387.0], [268.0, 386.5], [267.0, 386.5], [266.5, 386.0], [266.0, 385.5], [265.0, 385.5], [264.5, 385.0], [264.0, 384.5], [263.5, 384.0], [263.0, 383.5], [262.5, 383.0], [262.0, 382.5], [261.5, 382.0], [261.0, 381.5], [260.5, 381.0], [260.0, 380.5], [259.5, 380.0], [259.0, 379.5], [258.5, 379.0], [258.5, 378.0], [258.0, 377.5], [257.5, 377.0], [257.5, 376.0], [257.5, 375.0], [257.5, 374.0], [257.0, 373.5], [256.5, 373.0], [257.0, 372.5], [257.5, 372.0], [257.5, 371.0], [257.5, 370.0], [258.0, 369.5], [258.5, 369.0], [258.5, 368.0], [259.0, 367.5], [260.0, 367.5], [260.5, 367.0], [261.0, 366.5], [261.5, 366.0], [262.0, 365.5], [263.0, 365.5], [264.0, 365.5], [265.0, 365.5], [266.0, 365.5], [266.5, 365.0], [267.0, 364.5], [268.0, 364.5], [269.0, 364.5], [269.5, 364.0], [270.0, 363.5], [271.0, 363.5], [271.5, 363.0], [272.0, 362.5], [272.5, 362.0], [273.0, 361.5], [274.0, 361.5], [274.5, 361.0], [275.0, 360.5], [275.5, 360.0], [276.0, 359.5], [277.0, 359.5], [278.0, 359.5], [279.0, 359.5], [280.0, 359.5], [281.0, 359.5], [282.0, 359.5], [282.5, 360.0], [283.0, 360.5], [284.0, 360.5], [284.5, 361.0], [285.0, 361.5], [286.0, 361.5], [286.5, 362.0], [287.0, 362.5], [287.5, 363.0], [288.0, 363.5], [289.0, 363.5], [289.5, 364.0], [290.0, 364.5], [290.5, 365.0], [290.5, 366.0], [291.0, 366.5], [291.5, 367.0], [292.0, 367.5], [292.5, 368.0], [293.0, 368.5], [293.5, 369.0], [293.5, 370.0], [293.5, 371.0], [294.0, 371.5], [294.5, 372.0], [294.5, 373.0], [295.0, 373.5], [295.5, 374.0], [295.5, 375.0], [295.5, 376.0], [295.5, 377.0], [296.0, 377.5], [296.5, 378.0], [296.5, 379.0], [296.5, 380.0], [296.5, 381.0], [296.5, 382.0], [296.0, 382.5], [295.5, 383.0], [295.5, 384.0], [295.0, 384.5], [294.5, 385.0], [294.5, 386.0], [294.0, 386.5], [293.5, 387.0], [293.0, 387.5], [292.5, 388.0], [292.0, 388.5], [291.5, 389.0], [291.0, 389.5], [290.5, 390.0], [290.0, 390.5], [289.5, 391.0], [289.0, 391.5], [288.0, 391.5], [287.5, 392.0], [287.0, 392.5], [286.5, 393.0], [286.0, 393.5], [285.0, 393.5], [284.0, 393.5], [283.5, 394.0], [283.0, 394.5], [283.0, 394.5]]]}, "properties": {"image": "5dw5qe9ar25eagtrwk72_al_3_si_4_af_10.png", "iceberg_id": 16, "confidence": 0.6407049894332886}}, {"type": "Feature", "geometry": {"type": "Polygon", "coordinates": [[[247.0, 397.5], [246.0, 397.5], [245.0, 397.5], [244.0, 397.5], [243.0, 397.5], [242.0, 397.5], [241.0, 397.5], [240.5, 397.0], [240.0, 396.5], [239.5, 396.0], [239.5, 395.0], [239.0, 394.5], [238.5, 394.0], [238.5, 393.0], [238.5, 392.0], [238.5, 391.0], [239.0, 390.5], [239.5, 390.0], [239.5, 389.0], [240.0, 388.5], [241.0, 388.5], [241.5, 388.0], [242.0, 387.5], [243.0, 387.5], [243.5, 387.0], [244.0, 386.5], [245.0, 386.5], [245.5, 387.0], [246.0, 387.5], [247.0, 387.5], [248.0, 387.5], [248.5, 388.0], [249.0, 388.5], [249.5, 389.0], [249.5, 390.0], [250.0, 390.5], [250.5, 391.0], [250.5, 392.0], [250.5, 393.0], [250.5, 394.0], [250.0, 394.5], [249.5, 395.0], [249.0, 395.5], [248.5, 396.0], [248.0, 396.5], [247.5, 397.0], [247.0, 397.5], [247.0, 397.5]]]}, "properties": {"image": "5dw5qe9ar25eagtrwk72_al_3_si_4_af_10.png", "iceberg_id": 17, "confidence": 0.6407049894332886}}, {"type": "Feature", "geometry": {"type": "Polygon", "coordinates": [[[529.0, 441.5], [528.5, 441.0], [528.0, 440.5], [527.0, 440.5], [526.5, 440.0], [526.0, 439.5], [525.5, 439.0], [525.0, 438.5], [524.5, 438.0], [524.5, 437.0], [524.0, 436.5], [523.5, 436.0], [523.5, 435.0], [523.5, 434.0], [523.5, 433.0], [523.5, 432.0], [524.0, 431.5], [525.0, 431.5], [525.5, 431.0], [526.0, 430.5], [527.0, 430.5], [528.0, 430.5], [529.0, 430.5], [530.0, 430.5], [530.5, 431.0], [531.0, 431.5], [532.0, 431.5], [532.5, 432.0], [533.0, 432.5], [533.5, 433.0], [533.5, 434.0], [533.5, 435.0], [534.0, 435.5], [534.5, 436.0], [534.0, 436.5], [533.5, 437.0], [533.5, 438.0], [533.5, 439.0], [533.0, 439.5], [532.5, 440.0], [532.0, 440.5], [531.0, 440.5], [530.0, 440.5], [529.5, 441.0], [529.0, 441.5], [529.0, 441.5]]]}, "properties": {"image": "5dw5qe9ar25eagtrwk72_al_3_si_4_af_10.png", "iceberg_id": 18, "confidence": 0.6407049894332886}}, {"type": "Feature", "geometry": {"type": "Polygon", "coordinates": [[[244.0, 465.5], [243.0, 465.5], [242.0, 465.5], [241.0, 465.5], [240.0, 465.5], [239.5, 465.0], [239.0, 464.5], [238.0, 464.5], [237.5, 464.0], [237.0, 463.5], [236.5, 463.0], [236.5, 462.0], [236.0, 461.5], [235.5, 461.0], [235.5, 460.0], [235.0, 459.5], [234.5, 459.0], [234.5, 458.0], [234.5, 457.0], [235.0, 456.5], [235.5, 456.0], [235.5, 455.0], [235.5, 454.0], [236.0, 453.5], [236.5, 453.0], [237.0, 452.5], [237.5, 452.0], [238.0, 451.5], [238.5, 451.0], [239.0, 450.5], [239.5, 450.0], [240.0, 449.5], [241.0, 449.5], [241.5, 449.0], [242.0, 448.5], [243.0, 448.5], [244.0, 448.5], [245.0, 448.5], [246.0, 448.5], [246.5, 449.0], [247.0, 449.5], [247.5, 450.0], [248.0, 450.5], [248.5, 451.0], [248.5, 452.0], [248.5, 453.0], [248.5, 454.0], [248.5, 455.0], [248.5, 456.0], [248.5, 457.0], [248.5, 458.0], [248.5, 459.0], [248.5, 460.0], [248.0, 460.5], [247.5, 461.0], [247.5, 462.0], [247.5, 463.0], [247.0, 463.5], [246.5, 464.0], [246.0, 464.5], [245.0, 464.5], [244.5, 465.0], [244.0, 465.5], [244.0, 465.5]]]}, "properties": {"image": "5dw5qe9ar25eagtrwk72_al_3_si_4_af_10.png", "iceberg_id": 19, "confidence": 0.6407049894332886}}, {"type": "Feature", "geometry": {"type": "Polygon", "coordinates": [[[209.0, 549.5], [208.0, 549.5], [207.0, 549.5], [206.0, 549.5], [205.0, 549.5], [204.5, 549.0], [204.0, 548.5], [203.5, 548.0], [203.0, 547.5], [202.5, 547.0], [202.5, 546.0], [202.5, 545.0], [202.5, 544.0], [203.0, 543.5], [203.5, 543.0], [203.5, 542.0], [204.0, 541.5], [204.5, 541.0], [205.0, 540.5], [205.5, 540.0], [206.0, 539.5], [207.0, 539.5], [208.0, 539.5], [209.0, 539.5], [210.0, 539.5], [210.5, 540.0], [211.0, 540.5], [211.5, 541.0], [212.0, 541.5], [212.5, 542.0], [212.5, 543.0], [212.5, 544.0], [212.5, 545.0], [212.5, 546.0], [212.0, 546.5], [211.5, 547.0], [211.0, 547.5], [210.5, 548.0], [210.0, 548.5], [209.5, 549.0], [209.0, 549.5], [209.0, 549.5]]]}, "properties": {"image": "5dw5qe9ar25eagtrwk72_al_3_si_4_af_10.png", "iceberg_id": 20, "confidence": 0.6407049894332886}}, {"type": "Feature", "geometry": {"type": "Polygon", "coordinates": [[[544.0, 590.5], [543.5, 590.0], [543.0, 589.5], [542.0, 589.5], [541.0, 589.5], [540.5, 589.0], [540.0, 588.5], [539.5, 588.0], [539.5, 587.0], [539.5, 586.0], [539.5, 585.0], [540.0, 584.5], [540.5, 584.0], [541.0, 583.5], [542.0, 583.5], [543.0, 583.5], [544.0, 583.5], [545.0, 583.5], [545.5, 584.0], [546.0, 584.5], [546.5, 585.0], [547.0, 585.5], [547.5, 586.0], [547.5, 587.0], [548.0, 587.5], [548.5, 588.0], [548.0, 588.5], [547.5, 589.0], [547.0, 589.5], [546.0, 589.5], [545.0, 589.5], [544.5, 590.0], [544.0, 590.5], [544.0, 590.5]]]}, "properties": {"image": "5dw5qe9ar25eagtrwk72_al_3_si_4_af_10.png", "iceberg_id": 21, "confidence": 0.6407049894332886}}, {"type": "Feature", "geometry": {"type": "Polygon", "coordinates": [[[145.0, 136.5], [144.0, 136.5], [143.0, 136.5], [142.0, 136.5], [141.0, 136.5], [140.0, 136.5], [139.5, 136.0], [139.0, 135.5], [138.0, 135.5], [137.0, 135.5], [136.5, 135.0], [136.0, 134.5], [135.0, 134.5], [134.5, 134.0], [134.0, 133.5], [133.0, 133.5], [132.0, 133.5], [131.5, 133.0], [131.0, 132.5], [130.0, 132.5], [129.5, 132.0], [129.0, 131.5], [128.0, 131.5], [127.0, 131.5], [126.5, 131.0], [126.0, 130.5], [125.0, 130.5], [124.0, 130.5], [123.0, 130.5], [122.0, 130.5], [121.5, 130.0], [121.0, 129.5], [120.0, 129.5], [119.0, 129.5], [118.0, 129.5], [117.0, 129.5], [116.0, 129.5], [115.0, 129.5], [114.5, 130.0], [114.0, 130.5], [113.0, 130.5], [112.0, 130.5], [111.0, 130.5], [110.0, 130.5], [109.0, 130.5], [108.0, 130.5], [107.0, 130.5], [106.0, 130.5], [105.0, 130.5], [104.0, 130.5], [103.5, 131.0], [103.0, 131.5], [102.5, 131.0], [102.0, 130.5], [101.5, 131.0], [101.0, 131.5], [100.5, 131.0], [100.0, 130.5], [99.5, 131.0], [99.0, 131.5], [98.5, 131.0], [98.0, 130.5], [97.0, 130.5], [96.0, 130.5], [95.0, 130.5], [94.0, 130.5], [93.0, 130.5], [92.0, 130.5], [91.5, 130.0], [91.0, 129.5], [90.0, 129.5], [89.0, 129.5], [88.0, 129.5], [87.5, 129.0], [87.0, 128.5], [86.0, 128.5], [85.5, 128.0], [85.0, 127.5], [84.0, 127.5], [83.5, 127.0], [83.0, 126.5], [82.0, 126.5], [81.5, 126.0], [81.0, 125.5], [80.5, 125.0], [80.0, 124.5], [79.5, 124.0], [79.0, 123.5], [78.0, 123.5], [77.5, 123.0], [77.5, 122.0], [77.0, 121.5], [76.5, 121.0], [76.0, 120.5], [75.5, 120.0], [75.5, 119.0], [75.0, 118.5], [74.5, 118.0], [74.5, 117.0], [74.5, 116.0], [74.0, 115.5], [73.5, 115.0], [73.5, 114.0], [73.5, 113.0], [73.5, 112.0], [73.5, 111.0], [73.5, 110.0], [73.0, 109.5], [72.5, 109.0], [72.5, 108.0], [72.5, 107.0], [72.5, 106.0], [72.5, 105.0], [72.5, 104.0], [72.5, 103.0], [73.0, 102.5], [73.5, 102.0], [73.5, 101.0], [73.5, 100.0], [73.5, 99.0], [73.5, 98.0], [74.0, 97.5], [74.5, 97.0], [74.5, 96.0], [74.5, 95.0], [74.5, 94.0], [75.0, 93.5], [75.5, 93.0], [75.5, 92.0], [76.0, 91.5], [76.5, 91.0], [76.5, 90.0], [77.0, 89.5], [77.5, 89.0], [77.5, 88.0], [78.0, 87.5], [78.5, 87.0], [79.0, 86.5], [79.5, 86.0], [80.0, 85.5], [80.5, 85.0], [81.0, 84.5], [81.5, 84.0], [81.5, 83.0], [82.0, 82.5], [82.5, 82.0], [83.0, 81.5], [83.5, 81.0], [83.5, 80.0], [83.5, 79.0], [84.0, 78.5], [84.5, 78.0], [84.5, 77.0], [84.5, 76.0], [85.0, 75.5], [85.5, 75.0], [85.5, 74.0], [86.0, 73.5], [86.5, 73.0], [87.0, 72.5], [87.5, 72.0], [87.5, 71.0], [88.0, 70.5], [88.5, 70.0], [89.0, 69.5], [89.5, 69.0], [89.5, 68.0], [90.0, 67.5], [91.0, 67.5], [91.5, 67.0], [91.5, 66.0], [92.0, 65.5], [93.0, 65.5], [93.5, 65.0], [94.0, 64.5], [94.5, 64.0], [95.0, 63.5], [95.5, 63.0], [96.0, 62.5], [97.0, 62.5], [97.5, 62.0], [98.0, 61.5], [99.0, 61.5], [99.5, 61.0], [100.0, 60.5], [101.0, 60.5], [101.5, 60.0], [101.5, 59.0], [102.0, 58.5], [102.5, 58.0], [103.0, 57.5], [103.5, 57.0], [103.5, 56.0], [103.5, 55.0], [104.0, 54.5], [104.5, 54.0], [104.5, 53.0], [104.5, 52.0], [105.0, 51.5], [105.5, 51.0], [105.5, 50.0], [105.5, 49.0], [105.5, 48.0], [105.5, 47.0], [106.0, 46.5], [106.5, 46.0], [106.5, 45.0], [106.5, 44.0], [106.5, 43.0], [106.5, 42.0], [107.0, 41.5], [107.5, 41.0], [107.5, 40.0], [108.0, 39.5], [108.5, 39.0], [109.0, 38.5], [109.5, 38.0], [110.0, 37.5], [111.0, 37.5], [112.0, 37.5], [113.0, 37.5], [114.0, 37.5], [115.0, 37.5], [116.0, 37.5], [116.5, 37.0], [117.0, 36.5], [118.0, 36.5], [119.0, 36.5], [119.5, 36.0], [120.0, 35.5], [121.0, 35.5], [121.5, 35.0], [122.0, 34.5], [123.0, 34.5], [123.5, 34.0], [124.0, 33.5], [125.0, 33.5], [126.0, 33.5], [127.0, 33.5], [128.0, 33.5], [129.0, 33.5], [130.0, 33.5], [131.0, 33.5], [132.0, 33.5], [133.0, 33.5], [134.0, 33.5], [135.0, 33.5], [136.0, 33.5], [136.5, 34.0], [137.0, 34.5], [138.0, 34.5], [139.0, 34.5], [140.0, 34.5], [141.0, 34.5], [141.5, 35.0], [142.0, 35.5], [143.0, 35.5], [144.0, 35.5], [145.0, 35.5], [146.0, 35.5], [147.0, 35.5], [148.0, 35.5], [149.0, 35.5], [150.0, 35.5], [150.5, 36.0], [151.0, 36.5], [152.0, 36.5], [153.0, 36.5], [153.5, 37.0], [154.0, 37.5], [154.5, 38.0], [155.0, 38.5], [155.5, 39.0], [156.0, 39.5], [157.0, 39.5], [157.5, 40.0], [158.0, 40.5], [158.5, 41.0], [159.0, 41.5], [160.0, 41.5], [160.5, 42.0], [161.0, 42.5], [162.0, 42.5], [162.5, 43.0], [163.0, 43.5], [164.0, 43.5], [164.5, 44.0], [165.0, 44.5], [165.5, 45.0], [166.0, 45.5], [166.5, 46.0], [166.5, 47.0], [167.0, 47.5], [167.5, 48.0], [167.5, 49.0], [168.0, 49.5], [168.5, 50.0], [169.0, 50.5], [169.5, 51.0], [170.0, 51.5], [170.5, 52.0], [171.0, 52.5], [171.5, 53.0], [172.0, 53.5], [172.5, 54.0], [173.0, 54.5], [173.5, 55.0], [174.0, 55.5], [174.5, 56.0], [175.0, 56.5], [175.5, 57.0], [176.0, 57.5], [176.5, 58.0], [176.5, 59.0], [177.0, 59.5], [177.5, 60.0], [177.5, 61.0], [178.0, 61.5], [178.5, 62.0], [178.5, 63.0], [178.5, 64.0], [178.5, 65.0], [178.5, 66.0], [178.5, 67.0], [179.0, 67.5], [179.5, 68.0], [179.5, 69.0], [180.0, 69.5], [180.5, 70.0], [180.5, 71.0], [181.0, 71.5], [181.5, 72.0], [182.0, 72.5], [183.0, 72.5], [183.5, 73.0], [184.0, 73.5], [184.5, 74.0], [185.0, 74.5], [185.5, 75.0], [186.0, 75.5], [186.5, 76.0], [187.0, 76.5], [187.5, 77.0], [188.0, 77.5], [188.5, 78.0], [189.0, 78.5], [190.0, 78.5], [191.0, 78.5], [192.0, 78.5], [193.0, 78.5], [193.5, 79.0], [194.0, 79.5], [195.0, 79.5], [196.0, 79.5], [196.5, 80.0], [197.0, 80.5], [198.0, 80.5], [198.5, 81.0], [199.0, 81.5], [199.5, 82.0], [200.0, 82.5], [201.0, 82.5], [201.5, 83.0], [202.0, 83.5], [202.5, 84.0], [203.0, 84.5], [204.0, 84.5], [205.0, 84.5], [206.0, 84.5], [207.0, 84.5], [207.5, 85.0], [208.0, 85.5], [208.5, 85.0], [209.0, 84.5], [210.0, 84.5], [210.5, 84.0], [211.0, 83.5], [212.0, 83.5], [213.0, 83.5], [214.0, 83.5], [214.5, 84.0], [215.0, 84.5], [215.5, 85.0], [215.5, 86.0], [215.5, 87.0], [215.5, 88.0], [215.0, 88.5], [214.5, 89.0], [214.5, 90.0], [214.0, 90.5], [213.5, 91.0], [213.0, 91.5], [212.5, 92.0], [212.5, 93.0], [212.0, 93.5], [211.5, 94.0], [211.0, 94.5], [210.5, 95.0], [210.0, 95.5], [209.0, 95.5], [208.5, 96.0], [208.0, 96.5], [207.0, 96.5], [206.0, 96.5], [205.5, 97.0], [205.0, 97.5], [204.0, 97.5], [203.0, 97.5], [202.0, 97.5], [201.0, 97.5], [200.0, 97.5], [199.0, 97.5], [198.0, 97.5], [197.0, 97.5], [196.5, 98.0], [196.0, 98.5], [195.0, 98.5], [194.0, 98.5], [193.5, 99.0], [193.0, 99.5], [192.5, 99.0], [192.0, 98.5], [191.5, 99.0], [191.0, 99.5], [190.5, 99.0], [190.0, 98.5], [189.0, 98.5], [188.5, 98.0], [188.0, 97.5], [187.0, 97.5], [186.0, 97.5], [185.5, 97.0], [185.0, 96.5], [184.5, 96.0], [184.0, 95.5], [183.0, 95.5], [182.5, 95.0], [182.0, 94.5], [181.5, 94.0], [181.0, 93.5], [180.5, 93.0], [180.5, 92.0], [180.0, 91.5], [179.5, 91.0], [179.5, 90.0], [179.5, 89.0], [179.5, 88.0], [180.0, 87.5], [180.5, 87.0], [180.5, 86.0], [180.5, 85.0], [180.5, 84.0], [180.5, 83.0], [180.0, 82.5], [179.5, 82.0], [179.0, 81.5], [178.0, 81.5], [177.5, 81.0], [177.0, 80.5], [176.0, 80.5], [175.0, 80.5], [174.0, 80.5], [173.0, 80.5], [172.0, 80.5], [171.0, 80.5], [170.5, 81.0], [170.0, 81.5], [169.0, 81.5], [168.0, 81.5], [167.5, 82.0], [167.0, 82.5], [166.5, 83.0], [166.0, 83.5], [165.5, 84.0], [165.0, 84.5], [164.5, 85.0], [164.5, 86.0], [164.0, 86.5], [163.5, 87.0], [163.5, 88.0], [163.0, 88.5], [162.5, 89.0], [162.5, 90.0], [162.5, 91.0], [162.5, 92.0], [162.0, 92.5], [161.5, 93.0], [161.5, 94.0], [161.5, 95.0], [161.5, 96.0], [161.5, 97.0], [161.0, 97.5], [160.5, 98.0], [160.5, 99.0], [160.5, 100.0], [160.5, 101.0], [160.5, 102.0], [160.0, 102.5], [159.5, 103.0], [159.5, 104.0], [159.5, 105.0], [159.5, 106.0], [159.5, 107.0], [159.5, 108.0], [159.5, 109.0], [159.5, 110.0], [159.5, 111.0], [159.5, 112.0], [159.5, 113.0], [159.0, 113.5], [158.5, 114.0], [158.5, 115.0], [158.5, 116.0], [158.0, 116.5], [157.5, 117.0], [157.5, 118.0], [157.5, 119.0], [157.0, 119.5], [156.5, 120.0], [156.5, 121.0], [156.5, 122.0], [156.0, 122.5], [155.5, 123.0], [155.5, 124.0], [155.5, 125.0], [155.0, 125.5], [154.5, 126.0], [154.0, 126.5], [153.5, 127.0], [153.5, 128.0], [153.0, 128.5], [152.5, 129.0], [152.5, 130.0], [152.0, 130.5], [151.5, 131.0], [151.0, 131.5], [150.5, 132.0], [150.0, 132.5], [149.5, 133.0], [149.0, 133.5], [148.5, 134.0], [148.0, 134.5], [147.5, 135.0], [147.0, 135.5], [146.0, 135.5], [145.5, 136.0], [145.0, 136.5], [145.0, 136.5]]]}, "properties": {"image": "5dw5qe9ar25eagtrwk72_al_4_si_5_af_10.png", "iceberg_id": 0, "confidence": 0.6407062411308289}}, {"type": "Feature", "geometry": {"type": "Polygon", "coordinates": [[[416.0, 55.5], [415.0, 55.5], [414.0, 55.5], [413.0, 55.5], [412.5, 55.0], [412.0, 54.5], [411.5, 54.0], [411.5, 53.0], [411.5, 52.0], [411.5, 51.0], [412.0, 50.5], [412.5, 50.0], [412.5, 49.0], [412.5, 48.0], [412.5, 47.0], [412.5, 46.0], [412.5, 45.0], [413.0, 44.5], [413.5, 44.0], [414.0, 43.5], [414.5, 43.0], [415.0, 42.5], [415.5, 42.0], [416.0, 41.5], [416.5, 41.0], [417.0, 40.5], [418.0, 40.5], [419.0, 40.5], [419.5, 40.0], [420.0, 39.5], [421.0, 39.5], [422.0, 39.5], [423.0, 39.5], [423.5, 39.0], [424.0, 38.5], [425.0, 38.5], [426.0, 38.5], [427.0, 38.5], [427.5, 38.0], [428.0, 37.5], [429.0, 37.5], [430.0, 37.5], [431.0, 37.5], [432.0, 37.5], [432.5, 37.0], [433.0, 36.5], [434.0, 36.5], [435.0, 36.5], [436.0, 36.5], [437.0, 36.5], [437.5, 36.0], [438.0, 35.5], [439.0, 35.5], [440.0, 35.5], [441.0, 35.5], [442.0, 35.5], [443.0, 35.5], [444.0, 35.5], [444.5, 35.0], [445.0, 34.5], [446.0, 34.5], [447.0, 34.5], [448.0, 34.5], [449.0, 34.5], [450.0, 34.5], [451.0, 34.5], [452.0, 34.5], [452.5, 35.0], [453.0, 35.5], [454.0, 35.5], [454.5, 36.0], [454.5, 37.0], [454.5, 38.0], [454.5, 39.0], [454.5, 40.0], [454.5, 41.0], [454.5, 42.0], [454.0, 42.5], [453.5, 43.0], [453.5, 44.0], [453.5, 45.0], [453.0, 45.5], [452.5, 46.0], [452.0, 46.5], [451.5, 47.0], [451.5, 48.0], [451.0, 48.5], [450.5, 49.0], [450.0, 49.5], [449.5, 50.0], [449.0, 50.5], [448.5, 51.0], [448.0, 51.5], [447.5, 52.0], [447.0, 52.5], [446.0, 52.5], [445.5, 53.0], [445.0, 53.5], [444.0, 53.5], [443.5, 54.0], [443.0, 54.5], [442.0, 54.5], [441.0, 54.5], [440.0, 54.5], [439.0, 54.5], [438.0, 54.5], [437.5, 54.0], [437.0, 53.5], [436.0, 53.5], [435.0, 53.5], [434.0, 53.5], [433.5, 53.0], [433.0, 52.5], [432.0, 52.5], [431.0, 52.5], [430.5, 52.0], [430.0, 51.5], [429.0, 51.5], [428.0, 51.5], [427.0, 51.5], [426.5, 51.0], [426.0, 50.5], [425.0, 50.5], [424.0, 50.5], [423.5, 51.0], [423.0, 51.5], [422.0, 51.5], [421.0, 51.5], [420.5, 52.0], [420.0, 52.5], [419.5, 53.0], [419.0, 53.5], [418.5, 54.0], [418.0, 54.5], [417.0, 54.5], [416.5, 55.0], [416.0, 55.5], [416.0, 55.5]]]}, "properties": {"image": "5dw5qe9ar25eagtrwk72_al_4_si_5_af_10.png", "iceberg_id": 1, "confidence": 0.6407062411308289}}, {"type": "Feature", "geometry": {"type": "Polygon", "coordinates": [[[81.0, 56.5], [80.0, 56.5], [79.0, 56.5], [78.0, 56.5], [77.0, 56.5], [76.0, 56.5], [75.5, 56.0], [75.0, 55.5], [74.5, 55.0], [74.0, 54.5], [73.5, 54.0], [73.0, 53.5], [72.5, 53.0], [72.5, 52.0], [72.5, 51.0], [72.5, 50.0], [72.5, 49.0], [72.5, 48.0], [72.5, 47.0], [73.0, 46.5], [73.5, 46.0], [74.0, 45.5], [75.0, 45.5], [76.0, 45.5], [76.5, 46.0], [77.0, 46.5], [78.0, 46.5], [79.0, 46.5], [79.5, 47.0], [80.0, 47.5], [80.5, 48.0], [81.0, 48.5], [82.0, 48.5], [82.5, 49.0], [83.0, 49.5], [83.5, 50.0], [83.5, 51.0], [84.0, 51.5], [84.5, 52.0], [84.0, 52.5], [83.5, 53.0], [83.5, 54.0], [83.5, 55.0], [83.0, 55.5], [82.0, 55.5], [81.5, 56.0], [81.0, 56.5], [81.0, 56.5]]]}, "properties": {"image": "5dw5qe9ar25eagtrwk72_al_4_si_5_af_10.png", "iceberg_id": 2, "confidence": 0.6407062411308289}}, {"type": "Feature", "geometry": {"type": "Polygon", "coordinates": [[[392.0, 60.5], [391.0, 60.5], [390.0, 60.5], [389.0, 60.5], [388.0, 60.5], [387.0, 60.5], [386.5, 60.0], [386.0, 59.5], [385.0, 59.5], [384.0, 59.5], [383.5, 59.0], [383.0, 58.5], [382.0, 58.5], [381.5, 58.0], [381.0, 57.5], [380.0, 57.5], [379.0, 57.5], [378.5, 57.0], [378.0, 56.5], [377.5, 56.0], [377.0, 55.5], [376.5, 55.0], [376.0, 54.5], [375.5, 54.0], [376.0, 53.5], [376.5, 53.0], [376.5, 52.0], [377.0, 51.5], [377.5, 51.0], [378.0, 50.5], [379.0, 50.5], [379.5, 50.0], [380.0, 49.5], [380.5, 49.0], [381.0, 48.5], [382.0, 48.5], [383.0, 48.5], [383.5, 48.0], [384.0, 47.5], [385.0, 47.5], [386.0, 47.5], [387.0, 47.5], [388.0, 47.5], [388.5, 47.0], [389.0, 46.5], [390.0, 46.5], [391.0, 46.5], [391.5, 46.0], [392.0, 45.5], [393.0, 45.5], [394.0, 45.5], [395.0, 45.5], [396.0, 45.5], [397.0, 45.5], [398.0, 45.5], [399.0, 45.5], [400.0, 45.5], [400.5, 46.0], [401.0, 46.5], [401.5, 47.0], [401.5, 48.0], [401.5, 49.0], [401.5, 50.0], [401.5, 51.0], [401.5, 52.0], [401.0, 52.5], [400.5, 53.0], [400.5, 54.0], [400.0, 54.5], [399.5, 55.0], [399.0, 55.5], [398.5, 56.0], [398.0, 56.5], [397.5, 57.0], [397.0, 57.5], [396.5, 58.0], [396.0, 58.5], [395.5, 59.0], [395.0, 59.5], [394.0, 59.5], [393.0, 59.5], [392.5, 60.0], [392.0, 60.5], [392.0, 60.5]]]}, "properties": {"image": "5dw5qe9ar25eagtrwk72_al_4_si_5_af_10.png", "iceberg_id": 3, "confidence": 0.6407062411308289}}, {"type": "Feature", "geometry": {"type": "Polygon", "coordinates": [[[88.0, 146.5], [87.0, 146.5], [86.0, 146.5], [85.5, 146.0], [85.0, 145.5], [84.0, 145.5], [83.5, 145.0], [83.0, 144.5], [82.5, 144.0], [82.5, 143.0], [82.0, 142.5], [81.5, 142.0], [81.5, 141.0], [81.5, 140.0], [82.0, 139.5], [82.5, 139.0], [83.0, 138.5], [83.5, 138.0], [84.0, 137.5], [85.0, 137.5], [85.5, 137.0], [86.0, 136.5], [87.0, 136.5], [88.0, 136.5], [89.0, 136.5], [89.5, 136.0], [90.0, 135.5], [90.5, 136.0], [91.0, 136.5], [91.5, 136.0], [92.0, 135.5], [92.5, 136.0], [93.0, 136.5], [94.0, 136.5], [94.5, 137.0], [95.0, 137.5], [95.5, 138.0], [95.5, 139.0], [96.0, 139.5], [96.5, 140.0], [96.0, 140.5], [95.5, 141.0], [95.0, 141.5], [94.5, 142.0], [94.0, 142.5], [93.5, 143.0], [93.0, 143.5], [92.5, 144.0], [92.0, 144.5], [91.5, 145.0], [91.0, 145.5], [90.0, 145.5], [89.0, 145.5], [88.5, 146.0], [88.0, 146.5], [88.0, 146.5]]]}, "properties": {"image": "5dw5qe9ar25eagtrwk72_al_4_si_5_af_10.png", "iceberg_id": 4, "confidence": 0.6407062411308289}}, {"type": "Feature", "geometry": {"type": "Polygon", "coordinates": [[[260.0, 168.5], [259.0, 168.5], [258.0, 168.5], [257.0, 168.5], [256.5, 168.0], [256.0, 167.5], [255.0, 167.5], [254.5, 167.0], [254.5, 166.0], [254.0, 165.5], [253.5, 165.0], [253.5, 164.0], [253.5, 163.0], [253.5, 162.0], [254.0, 161.5], [254.5, 161.0], [254.5, 160.0], [255.0, 159.5], [255.5, 159.0], [256.0, 158.5], [256.5, 158.0], [257.0, 157.5], [258.0, 157.5], [258.5, 157.0], [259.0, 156.5], [260.0, 156.5], [261.0, 156.5], [261.5, 157.0], [262.0, 157.5], [262.5, 158.0], [263.0, 158.5], [263.5, 159.0], [263.5, 160.0], [263.5, 161.0], [263.5, 162.0], [263.5, 163.0], [263.5, 164.0], [263.5, 165.0], [263.0, 165.5], [262.5, 166.0], [262.5, 167.0], [262.0, 167.5], [261.0, 167.5], [260.5, 168.0], [260.0, 168.5], [260.0, 168.5]]]}, "properties": {"image": "5dw5qe9ar25eagtrwk72_al_4_si_5_af_10.png", "iceberg_id": 5, "confidence": 0.6407062411308289}}, {"type": "Feature", "geometry": {"type": "Polygon", "coordinates": [[[214.0, 192.5], [213.0, 192.5], [212.5, 192.0], [212.5, 191.0], [212.5, 190.0], [213.0, 189.5], [214.0, 189.5], [214.5, 190.0], [215.0, 190.5], [215.5, 191.0], [215.0, 191.5], [214.5, 192.0], [214.0, 192.5], [214.0, 192.5]]]}, "properties": {"image": "5dw5qe9ar25eagtrwk72_al_4_si_5_af_10.png", "iceberg_id": 6, "confidence": 0.6407062411308289}}, {"type": "Feature", "geometry": {"type": "Polygon", "coordinates": [[[266.0, 206.5], [265.0, 206.5], [264.0, 206.5], [263.0, 206.5], [262.5, 206.0], [262.0, 205.5], [261.5, 205.0], [261.0, 204.5], [260.5, 204.0], [260.5, 203.0], [260.5, 202.0], [260.5, 201.0], [260.5, 200.0], [261.0, 199.5], [261.5, 199.0], [262.0, 198.5], [262.5, 198.0], [263.0, 197.5], [264.0, 197.5], [265.0, 197.5], [266.0, 197.5], [267.0, 197.5], [268.0, 197.5], [268.5, 198.0], [269.0, 198.5], [269.5, 199.0], [270.0, 199.5], [270.5, 200.0], [270.5, 201.0], [270.5, 202.0], [270.0, 202.5], [269.5, 203.0], [269.5, 204.0], [269.0, 204.5], [268.5, 205.0], [268.0, 205.5], [267.0, 205.5], [266.5, 206.0], [266.0, 206.5], [266.0, 206.5]]]}, "properties": {"image": "5dw5qe9ar25eagtrwk72_al_4_si_5_af_10.png", "iceberg_id": 7, "confidence": 0.6407062411308289}}, {"type": "Feature", "geometry": {"type": "Polygon", "coordinates": [[[382.0, 224.5], [381.0, 224.5], [380.0, 224.5], [379.5, 224.0], [379.5, 223.0], [379.5, 222.0], [379.5, 221.0], [379.5, 220.0], [380.0, 219.5], [380.5, 220.0], [381.0, 220.5], [381.5, 221.0], [382.0, 221.5], [382.5, 222.0], [382.5, 223.0], [382.5, 224.0], [382.0, 224.5], [382.0, 224.5]]]}, "properties": {"image": "5dw5qe9ar25eagtrwk72_al_4_si_5_af_10.png", "iceberg_id": 8, "confidence": 0.6407062411308289}}, {"type": "Feature", "geometry": {"type": "Polygon", "coordinates": [[[455.0, 225.5], [454.0, 225.5], [453.0, 225.5], [452.0, 225.5], [451.0, 225.5], [450.5, 225.0], [450.0, 224.5], [449.0, 224.5], [448.5, 224.0], [448.0, 223.5], [447.5, 223.0], [447.5, 222.0], [448.0, 221.5], [448.5, 221.0], [449.0, 220.5], [450.0, 220.5], [451.0, 220.5], [452.0, 220.5], [453.0, 220.5], [454.0, 220.5], [454.5, 221.0], [455.0, 221.5], [456.0, 221.5], [456.5, 222.0], [456.5, 223.0], [456.5, 224.0], [456.0, 224.5], [455.5, 225.0], [455.0, 225.5], [455.0, 225.5]]]}, "properties": {"image": "5dw5qe9ar25eagtrwk72_al_4_si_5_af_10.png", "iceberg_id": 9, "confidence": 0.6407062411308289}}, {"type": "Feature", "geometry": {"type": "Polygon", "coordinates": [[[494.0, 223.5], [493.0, 223.5], [492.5, 223.0], [492.0, 222.5], [491.5, 222.0], [492.0, 221.5], [493.0, 221.5], [494.0, 221.5], [494.5, 222.0], [494.5, 223.0], [494.0, 223.5], [494.0, 223.5]]]}, "properties": {"image": "5dw5qe9ar25eagtrwk72_al_4_si_5_af_10.png", "iceberg_id": 10, "confidence": 0.6407062411308289}}, {"type": "Feature", "geometry": {"type": "Polygon", "coordinates": [[[119.0, 263.5], [118.5, 263.0], [118.0, 262.5], [117.5, 263.0], [117.0, 263.5], [116.5, 263.0], [116.0, 262.5], [115.0, 262.5], [114.0, 262.5], [113.0, 262.5], [112.5, 262.0], [112.0, 261.5], [111.5, 261.0], [111.5, 260.0], [111.0, 259.5], [110.5, 259.0], [111.0, 258.5], [111.5, 258.0], [111.5, 257.0], [111.5, 256.0], [112.0, 255.5], [112.5, 255.0], [112.5, 254.0], [113.0, 253.5], [113.5, 253.0], [113.5, 252.0], [114.0, 251.5], [114.5, 251.0], [115.0, 250.5], [115.5, 250.0], [116.0, 249.5], [117.0, 249.5], [117.5, 249.0], [118.0, 248.5], [119.0, 248.5], [119.5, 248.0], [120.0, 247.5], [121.0, 247.5], [122.0, 247.5], [123.0, 247.5], [124.0, 247.5], [124.5, 247.0], [125.0, 246.5], [125.5, 247.0], [126.0, 247.5], [127.0, 247.5], [128.0, 247.5], [128.5, 248.0], [129.0, 248.5], [129.5, 249.0], [129.5, 250.0], [129.5, 251.0], [130.0, 251.5], [130.5, 252.0], [130.5, 253.0], [130.5, 254.0], [130.0, 254.5], [129.5, 255.0], [129.5, 256.0], [129.5, 257.0], [129.0, 257.5], [128.5, 258.0], [128.0, 258.5], [127.5, 259.0], [127.0, 259.5], [126.5, 260.0], [126.0, 260.5], [125.5, 261.0], [125.0, 261.5], [124.0, 261.5], [123.0, 261.5], [122.5, 262.0], [122.0, 262.5], [121.0, 262.5], [120.0, 262.5], [119.5, 263.0], [119.0, 263.5], [119.0, 263.5]]]}, "properties": {"image": "5dw5qe9ar25eagtrwk72_al_4_si_5_af_10.png", "iceberg_id": 11, "confidence": 0.6407062411308289}}, {"type": "Feature", "geometry": {"type": "Polygon", "coordinates": [[[388.0, 276.5], [387.0, 276.5], [386.0, 276.5], [385.5, 276.0], [385.0, 275.5], [384.5, 275.0], [384.0, 274.5], [383.5, 274.0], [383.5, 273.0], [383.5, 272.0], [384.0, 271.5], [385.0, 271.5], [386.0, 271.5], [387.0, 271.5], [387.5, 272.0], [388.0, 272.5], [388.5, 273.0], [388.5, 274.0], [389.0, 274.5], [389.5, 275.0], [389.0, 275.5], [388.5, 276.0], [388.0, 276.5], [388.0, 276.5]]]}, "properties": {"image": "5dw5qe9ar25eagtrwk72_al_4_si_5_af_10.png", "iceberg_id": 12, "confidence": 0.6407062411308289}}, {"type": "Feature", "geometry": {"type": "Polygon", "coordinates": [[[563.0, 293.5], [562.0, 293.5], [561.0, 293.5], [560.0, 293.5], [559.5, 293.0], [559.0, 292.5], [558.5, 292.0], [558.0, 291.5], [557.5, 291.0], [557.0, 290.5], [556.5, 290.0], [556.5, 289.0], [556.0, 288.5], [555.5, 288.0], [555.5, 287.0], [556.0, 286.5], [556.5, 286.0], [557.0, 285.5], [557.5, 285.0], [558.0, 284.5], [559.0, 284.5], [560.0, 284.5], [561.0, 284.5], [561.5, 285.0], [562.0, 285.5], [562.5, 286.0], [563.0, 286.5], [563.5, 287.0], [564.0, 287.5], [564.5, 288.0], [564.5, 289.0], [564.5, 290.0], [565.0, 290.5], [565.5, 291.0], [565.0, 291.5], [564.5, 292.0], [564.0, 292.5], [563.5, 293.0], [563.0, 293.5], [563.0, 293.5]]]}, "properties": {"image": "5dw5qe9ar25eagtrwk72_al_4_si_5_af_10.png", "iceberg_id": 13, "confidence": 0.6407062411308289}}, {"type": "Feature", "geometry": {"type": "Polygon", "coordinates": [[[364.0, 345.5], [363.0, 345.5], [362.0, 345.5], [361.0, 345.5], [360.0, 345.5], [359.0, 345.5], [358.0, 345.5], [357.0, 345.5], [356.0, 345.5], [355.0, 345.5], [354.5, 345.0], [354.0, 344.5], [353.5, 344.0], [353.0, 343.5], [352.0, 343.5], [351.0, 343.5], [350.5, 343.0], [350.0, 342.5], [349.0, 342.5], [348.5, 342.0], [348.0, 341.5], [347.0, 341.5], [346.5, 341.0], [346.0, 340.5], [345.0, 340.5], [344.5, 340.0], [344.0, 339.5], [343.5, 339.0], [343.0, 338.5], [342.5, 338.0], [342.5, 337.0], [342.0, 336.5], [341.5, 336.0], [341.5, 335.0], [341.5, 334.0], [341.0, 333.5], [340.5, 333.0], [340.5, 332.0], [340.5, 331.0], [340.5, 330.0], [340.5, 329.0], [341.0, 328.5], [341.5, 328.0], [341.5, 327.0], [341.5, 326.0], [342.0, 325.5], [342.5, 325.0], [343.0, 324.5], [343.5, 324.0], [344.0, 323.5], [344.5, 323.0], [345.0, 322.5], [345.5, 322.0], [346.0, 321.5], [347.0, 321.5], [347.5, 321.0], [348.0, 320.5], [349.0, 320.5], [349.5, 320.0], [350.0, 319.5], [351.0, 319.5], [351.5, 319.0], [352.0, 318.5], [353.0, 318.5], [353.5, 318.0], [354.0, 317.5], [354.5, 317.0], [355.0, 316.5], [355.5, 316.0], [356.0, 315.5], [356.5, 315.0], [357.0, 314.5], [357.5, 314.0], [358.0, 313.5], [358.5, 313.0], [359.0, 312.5], [360.0, 312.5], [361.0, 312.5], [361.5, 312.0], [362.0, 311.5], [363.0, 311.5], [364.0, 311.5], [364.5, 312.0], [365.0, 312.5], [366.0, 312.5], [366.5, 313.0], [367.0, 313.5], [368.0, 313.5], [368.5, 314.0], [369.0, 314.5], [369.5, 315.0], [370.0, 315.5], [370.5, 316.0], [371.0, 316.5], [371.5, 317.0], [372.0, 317.5], [372.5, 318.0], [373.0, 318.5], [373.5, 319.0], [373.5, 320.0], [374.0, 320.5], [374.5, 321.0], [374.5, 322.0], [375.0, 322.5], [375.5, 323.0], [375.5, 324.0], [375.5, 325.0], [376.0, 325.5], [376.5, 326.0], [376.5, 327.0], [376.5, 328.0], [376.5, 329.0], [376.5, 330.0], [376.5, 331.0], [376.5, 332.0], [376.5, 333.0], [376.0, 333.5], [375.5, 334.0], [375.5, 335.0], [375.0, 335.5], [374.5, 336.0], [374.0, 336.5], [373.5, 337.0], [373.0, 337.5], [372.5, 338.0], [372.0, 338.5], [371.5, 339.0], [371.0, 339.5], [370.5, 340.0], [370.5, 341.0], [370.0, 341.5], [369.0, 341.5], [368.5, 342.0], [368.0, 342.5], [367.5, 343.0], [367.0, 343.5], [366.5, 344.0], [366.0, 344.5], [365.0, 344.5], [364.5, 345.0], [364.0, 345.5], [364.0, 345.5]]]}, "properties": {"image": "5dw5qe9ar25eagtrwk72_al_4_si_5_af_10.png", "iceberg_id": 14, "confidence": 0.6407062411308289}}, {"type": "Feature", "geometry": {"type": "Polygon", "coordinates": [[[327.0, 355.5], [326.0, 355.5], [325.0, 355.5], [324.5, 355.0], [324.0, 354.5], [323.5, 354.0], [323.0, 353.5], [322.5, 353.0], [322.0, 352.5], [321.5, 352.0], [321.5, 351.0], [322.0, 350.5], [322.5, 350.0], [322.5, 349.0], [323.0, 348.5], [323.5, 348.0], [324.0, 347.5], [324.5, 347.0], [325.0, 346.5], [325.5, 346.0], [326.0, 345.5], [327.0, 345.5], [328.0, 345.5], [329.0, 345.5], [329.5, 346.0], [330.0, 346.5], [330.5, 347.0], [331.0, 347.5], [331.5, 348.0], [331.5, 349.0], [331.5, 350.0], [331.5, 351.0], [331.0, 351.5], [330.5, 352.0], [330.5, 353.0], [330.0, 353.5], [329.0, 353.5], [328.5, 354.0], [328.0, 354.5], [327.5, 355.0], [327.0, 355.5], [327.0, 355.5]]]}, "properties": {"image": "5dw5qe9ar25eagtrwk72_al_4_si_5_af_10.png", "iceberg_id": 15, "confidence": 0.6407062411308289}}, {"type": "Feature", "geometry": {"type": "Polygon", "coordinates": [[[582.0, 398.5], [581.0, 398.5], [580.0, 398.5], [579.5, 398.0], [579.0, 397.5], [578.5, 397.0], [578.0, 396.5], [577.5, 396.0], [577.5, 395.0], [577.5, 394.0], [577.5, 393.0], [577.5, 392.0], [577.5, 391.0], [577.5, 390.0], [578.0, 389.5], [579.0, 389.5], [579.5, 389.0], [580.0, 388.5], [581.0, 388.5], [581.5, 388.0], [582.0, 387.5], [582.5, 388.0], [583.0, 388.5], [584.0, 388.5], [584.5, 389.0], [584.5, 390.0], [585.0, 390.5], [585.5, 391.0], [585.5, 392.0], [585.5, 393.0], [585.5, 394.0], [585.5, 395.0], [585.0, 395.5], [584.5, 396.0], [584.0, 396.5], [583.5, 397.0], [583.0, 397.5], [582.5, 398.0], [582.0, 398.5], [582.0, 398.5]]]}, "properties": {"image": "5dw5qe9ar25eagtrwk72_al_4_si_5_af_10.png", "iceberg_id": 16, "confidence": 0.6407062411308289}}, {"type": "Feature", "geometry": {"type": "Polygon", "coordinates": [[[316.0, 420.5], [315.0, 420.5], [314.0, 420.5], [313.5, 420.0], [313.0, 419.5], [312.0, 419.5], [311.0, 419.5], [310.5, 419.0], [310.0, 418.5], [309.5, 418.0], [309.0, 417.5], [308.5, 417.0], [308.0, 416.5], [307.5, 416.0], [307.5, 415.0], [307.5, 414.0], [307.0, 413.5], [306.5, 413.0], [307.0, 412.5], [307.5, 412.0], [307.5, 411.0], [307.5, 410.0], [308.0, 409.5], [308.5, 409.0], [309.0, 408.5], [309.5, 408.0], [310.0, 407.5], [310.5, 407.0], [311.0, 406.5], [311.5, 406.0], [312.0, 405.5], [313.0, 405.5], [313.5, 405.0], [314.0, 404.5], [315.0, 404.5], [315.5, 404.0], [316.0, 403.5], [317.0, 403.5], [318.0, 403.5], [319.0, 403.5], [320.0, 403.5], [321.0, 403.5], [322.0, 403.5], [322.5, 404.0], [323.0, 404.5], [323.5, 405.0], [324.0, 405.5], [324.5, 406.0], [324.5, 407.0], [324.5, 408.0], [324.5, 409.0], [324.5, 410.0], [324.5, 411.0], [324.5, 412.0], [324.5, 413.0], [324.5, 414.0], [324.0, 414.5], [323.5, 415.0], [323.0, 415.5], [322.5, 416.0], [322.5, 417.0], [322.0, 417.5], [321.5, 418.0], [321.0, 418.5], [320.5, 419.0], [320.0, 419.5], [319.0, 419.5], [318.0, 419.5], [317.0, 419.5], [316.5, 420.0], [316.0, 420.5], [316.0, 420.5]]]}, "properties": {"image": "5dw5qe9ar25eagtrwk72_al_4_si_5_af_10.png", "iceberg_id": 17, "confidence": 0.6407062411308289}}, {"type": "Feature", "geometry": {"type": "Polygon", "coordinates": [[[282.0, 478.5], [281.0, 478.5], [280.0, 478.5], [279.0, 478.5], [278.5, 478.0], [278.0, 477.5], [277.0, 477.5], [276.5, 477.0], [276.0, 476.5], [275.5, 476.0], [275.5, 475.0], [275.5, 474.0], [275.5, 473.0], [276.0, 472.5], [277.0, 472.5], [277.5, 472.0], [278.0, 471.5], [278.5, 472.0], [279.0, 472.5], [280.0, 472.5], [280.5, 473.0], [281.0, 473.5], [282.0, 473.5], [282.5, 474.0], [282.5, 475.0], [283.0, 475.5], [283.5, 476.0], [283.5, 477.0], [283.0, 477.5], [282.5, 478.0], [282.0, 478.5], [282.0, 478.5]]]}, "properties": {"image": "5dw5qe9ar25eagtrwk72_al_4_si_5_af_10.png", "iceberg_id": 18, "confidence": 0.6407062411308289}}, {"type": "Feature", "geometry": {"type": "Polygon", "coordinates": [[[605.0, 547.5], [604.0, 547.5], [603.0, 547.5], [602.5, 547.0], [602.0, 546.5], [601.0, 546.5], [600.5, 546.0], [600.0, 545.5], [599.5, 545.0], [599.5, 544.0], [599.5, 543.0], [599.5, 542.0], [600.0, 541.5], [600.5, 541.0], [601.0, 540.5], [601.5, 540.0], [602.0, 539.5], [603.0, 539.5], [604.0, 539.5], [604.5, 540.0], [605.0, 540.5], [606.0, 540.5], [607.0, 540.5], [607.5, 541.0], [608.0, 541.5], [608.5, 542.0], [608.5, 543.0], [608.5, 544.0], [608.5, 545.0], [608.0, 545.5], [607.5, 546.0], [607.0, 546.5], [606.0, 546.5], [605.5, 547.0], [605.0, 547.5], [605.0, 547.5]]]}, "properties": {"image": "5dw5qe9ar25eagtrwk72_al_4_si_5_af_10.png", "iceberg_id": 19, "confidence": 0.6407062411308289}}, {"type": "Feature", "geometry": {"type": "Polygon", "coordinates": [[[658.0, 644.5], [657.5, 644.0], [658.0, 643.5], [658.5, 644.0], [658.0, 644.5], [658.0, 644.5]]]}, "properties": {"image": "5dw5qe9ar25eagtrwk72_al_4_si_5_af_10.png", "iceberg_id": 20, "confidence": 0.6407062411308289}}, {"type": "Feature", "geometry": {"type": "Polygon", "coordinates": [[[608.0, 45.5], [607.0, 45.5], [606.5, 45.0], [606.0, 44.5], [605.5, 44.0], [605.0, 43.5], [604.5, 43.0], [604.5, 42.0], [604.5, 41.0], [604.5, 40.0], [604.5, 39.0], [605.0, 38.5], [605.5, 38.0], [606.0, 37.5], [606.5, 38.0], [607.0, 38.5], [607.5, 39.0], [608.0, 39.5], [608.5, 40.0], [608.5, 41.0], [608.5, 42.0], [608.5, 43.0], [608.5, 44.0], [608.5, 45.0], [608.0, 45.5], [608.0, 45.5]]]}, "properties": {"image": "5dw5qe9ar25eagtrwk72_al_4_si_5_af_20.png", "iceberg_id": 0, "confidence": 0.6407127380371094}}, {"type": "Feature", "geometry": {"type": "Polygon", "coordinates": [[[157.0, 173.5], [156.5, 173.0], [156.0, 172.5], [155.0, 172.5], [154.0, 172.5], [153.0, 172.5], [152.0, 172.5], [151.5, 172.0], [151.0, 171.5], [150.0, 171.5], [149.0, 171.5], [148.0, 171.5], [147.5, 171.0], [147.0, 170.5], [146.0, 170.5], [145.5, 170.0], [145.0, 169.5], [144.0, 169.5], [143.5, 169.0], [143.0, 168.5], [142.0, 168.5], [141.5, 168.0], [141.0, 167.5], [140.5, 167.0], [140.0, 166.5], [139.5, 166.0], [139.0, 165.5], [138.5, 165.0], [138.0, 164.5], [137.5, 164.0], [137.5, 163.0], [137.0, 162.5], [136.5, 162.0], [136.0, 161.5], [135.5, 161.0], [135.5, 160.0], [135.0, 159.5], [134.5, 159.0], [134.5, 158.0], [134.0, 157.5], [133.5, 157.0], [133.5, 156.0], [133.5, 155.0], [133.0, 154.5], [132.5, 154.0], [132.5, 153.0], [132.5, 152.0], [132.0, 151.5], [131.5, 151.0], [131.5, 150.0], [131.5, 149.0], [131.5, 148.0], [131.5, 147.0], [131.0, 146.5], [130.5, 146.0], [130.5, 145.0], [130.5, 144.0], [130.5, 143.0], [130.5, 142.0], [130.5, 141.0], [130.5, 140.0], [130.5, 139.0], [130.5, 138.0], [130.5, 137.0], [130.5, 136.0], [130.5, 135.0], [130.5, 134.0], [130.5, 133.0], [130.5, 132.0], [130.5, 131.0], [131.0, 130.5], [131.5, 130.0], [131.5, 129.0], [131.5, 128.0], [131.5, 127.0], [131.5, 126.0], [132.0, 125.5], [132.5, 125.0], [132.5, 124.0], [132.5, 123.0], [133.0, 122.5], [133.5, 122.0], [133.5, 121.0], [133.5, 120.0], [134.0, 119.5], [134.5, 119.0], [134.5, 118.0], [135.0, 117.5], [135.5, 117.0], [135.5, 116.0], [135.5, 115.0], [136.0, 114.5], [136.5, 114.0], [136.5, 113.0], [137.0, 112.5], [137.5, 112.0], [137.5, 111.0], [137.5, 110.0], [138.0, 109.5], [138.5, 109.0], [138.5, 108.0], [138.5, 107.0], [139.0, 106.5], [139.5, 106.0], [139.5, 105.0], [139.5, 104.0], [140.0, 103.5], [140.5, 103.0], [141.0, 102.5], [141.5, 102.0], [141.5, 101.0], [142.0, 100.5], [142.5, 100.0], [142.5, 99.0], [143.0, 98.5], [143.5, 98.0], [144.0, 97.5], [144.5, 97.0], [144.5, 96.0], [145.0, 95.5], [145.5, 95.0], [146.0, 94.5], [146.5, 94.0], [146.5, 93.0], [147.0, 92.5], [147.5, 92.0], [148.0, 91.5], [148.5, 91.0], [149.0, 90.5], [149.5, 90.0], [150.0, 89.5], [150.5, 89.0], [151.0, 88.5], [151.5, 88.0], [152.0, 87.5], [152.5, 87.0], [153.0, 86.5], [153.5, 86.0], [154.0, 85.5], [154.5, 85.0], [155.0, 84.5], [155.5, 84.0], [155.5, 83.0], [156.0, 82.5], [156.5, 82.0], [156.5, 81.0], [157.0, 80.5], [157.5, 80.0], [157.5, 79.0], [158.0, 78.5], [158.5, 78.0], [158.5, 77.0], [159.0, 76.5], [159.5, 76.0], [159.5, 75.0], [159.5, 74.0], [160.0, 73.5], [160.5, 73.0], [160.5, 72.0], [161.0, 71.5], [161.5, 71.0], [161.5, 70.0], [161.5, 69.0], [161.5, 68.0], [162.0, 67.5], [162.5, 67.0], [162.5, 66.0], [163.0, 65.5], [163.5, 65.0], [163.5, 64.0], [163.5, 63.0], [164.0, 62.5], [164.5, 62.0], [164.5, 61.0], [165.0, 60.5], [165.5, 60.0], [166.0, 59.5], [166.5, 59.0], [167.0, 58.5], [167.5, 58.0], [168.0, 57.5], [168.5, 57.0], [169.0, 56.5], [170.0, 56.5], [170.5, 56.0], [171.0, 55.5], [172.0, 55.5], [172.5, 55.0], [173.0, 54.5], [173.5, 54.0], [174.0, 53.5], [174.5, 53.0], [175.0, 52.5], [175.5, 52.0], [176.0, 51.5], [176.5, 51.0], [177.0, 50.5], [177.5, 50.0], [178.0, 49.5], [179.0, 49.5], [179.5, 49.0], [180.0, 48.5], [181.0, 48.5], [182.0, 48.5], [183.0, 48.5], [183.5, 48.0], [184.0, 47.5], [184.5, 48.0], [185.0, 48.5], [185.5, 48.0], [186.0, 47.5], [186.5, 48.0], [187.0, 48.5], [187.5, 48.0], [188.0, 47.5], [189.0, 47.5], [190.0, 47.5], [191.0, 47.5], [192.0, 47.5], [193.0, 47.5], [194.0, 47.5], [195.0, 47.5], [195.5, 48.0], [196.0, 48.5], [196.5, 49.0], [197.0, 49.5], [198.0, 49.5], [198.5, 50.0], [199.0, 50.5], [199.5, 51.0], [200.0, 51.5], [201.0, 51.5], [201.5, 52.0], [201.5, 53.0], [202.0, 53.5], [202.5, 54.0], [203.0, 54.5], [203.5, 55.0], [204.0, 55.5], [204.5, 56.0], [205.0, 56.5], [205.5, 57.0], [206.0, 57.5], [206.5, 58.0], [207.0, 58.5], [207.5, 59.0], [207.5, 60.0], [208.0, 60.5], [208.5, 61.0], [209.0, 61.5], [209.5, 62.0], [209.5, 63.0], [209.5, 64.0], [209.5, 65.0], [210.0, 65.5], [210.5, 66.0], [210.5, 67.0], [210.5, 68.0], [210.5, 69.0], [211.0, 69.5], [211.5, 70.0], [211.5, 71.0], [212.0, 71.5], [212.5, 72.0], [213.0, 72.5], [213.5, 73.0], [214.0, 73.5], [214.5, 74.0], [215.0, 74.5], [216.0, 74.5], [216.5, 75.0], [217.0, 75.5], [218.0, 75.5], [219.0, 75.5], [220.0, 75.5], [221.0, 75.5], [222.0, 75.5], [222.5, 76.0], [223.0, 76.5], [224.0, 76.5], [225.0, 76.5], [225.5, 77.0], [226.0, 77.5], [226.5, 77.0], [227.0, 76.5], [228.0, 76.5], [229.0, 76.5], [229.5, 76.0], [230.0, 75.5], [231.0, 75.5], [231.5, 76.0], [231.5, 77.0], [231.5, 78.0], [231.5, 79.0], [231.5, 80.0], [231.5, 81.0], [231.5, 82.0], [231.5, 83.0], [231.0, 83.5], [230.5, 84.0], [230.5, 85.0], [230.0, 85.5], [229.5, 86.0], [229.5, 87.0], [229.0, 87.5], [228.5, 88.0], [228.0, 88.5], [227.5, 89.0], [227.0, 89.5], [226.5, 90.0], [226.0, 90.5], [225.5, 91.0], [225.0, 91.5], [224.5, 92.0], [224.0, 92.5], [223.5, 93.0], [223.0, 93.5], [222.5, 94.0], [222.0, 94.5], [221.5, 95.0], [221.0, 95.5], [220.0, 95.5], [219.5, 96.0], [219.0, 96.5], [218.0, 96.5], [217.0, 96.5], [216.0, 96.5], [215.5, 96.0], [215.0, 95.5], [214.0, 95.5], [213.5, 95.0], [213.5, 94.0], [213.0, 93.5], [212.5, 93.0], [212.5, 92.0], [212.0, 91.5], [211.5, 91.0], [211.5, 90.0], [211.5, 89.0], [212.0, 88.5], [212.5, 88.0], [212.5, 87.0], [212.5, 86.0], [212.0, 85.5], [211.5, 85.0], [211.0, 84.5], [210.0, 84.5], [209.0, 84.5], [208.0, 84.5], [207.5, 85.0], [207.0, 85.5], [206.5, 86.0], [206.0, 86.5], [205.5, 87.0], [205.0, 87.5], [204.5, 88.0], [204.0, 88.5], [203.5, 89.0], [203.0, 89.5], [202.5, 90.0], [202.5, 91.0], [202.0, 91.5], [201.5, 92.0], [201.5, 93.0], [201.0, 93.5], [200.5, 94.0], [200.5, 95.0], [200.5, 96.0], [200.5, 97.0], [200.5, 98.0], [200.0, 98.5], [199.5, 99.0], [199.5, 100.0], [199.5, 101.0], [199.5, 102.0], [199.5, 103.0], [199.5, 104.0], [199.0, 104.5], [198.5, 105.0], [198.5, 106.0], [198.5, 107.0], [198.5, 108.0], [198.5, 109.0], [198.5, 110.0], [198.5, 111.0], [198.5, 112.0], [198.0, 112.5], [197.5, 113.0], [197.5, 114.0], [197.5, 115.0], [197.5, 116.0], [197.5, 117.0], [197.5, 118.0], [197.5, 119.0], [197.5, 120.0], [197.5, 121.0], [197.5, 122.0], [197.5, 123.0], [197.5, 124.0], [197.5, 125.0], [197.5, 126.0], [197.5, 127.0], [197.0, 127.5], [196.5, 128.0], [196.5, 129.0], [196.5, 130.0], [196.5, 131.0], [196.5, 132.0], [196.5, 133.0], [196.5, 134.0], [196.5, 135.0], [196.5, 136.0], [196.5, 137.0], [196.5, 138.0], [196.5, 139.0], [196.5, 140.0], [196.5, 141.0], [196.5, 142.0], [196.0, 142.5], [195.5, 143.0], [196.0, 143.5], [196.5, 144.0], [196.0, 144.5], [195.5, 145.0], [195.5, 146.0], [195.5, 147.0], [195.5, 148.0], [195.5, 149.0], [195.5, 150.0], [195.5, 151.0], [195.5, 152.0], [195.5, 153.0], [195.5, 154.0], [195.5, 155.0], [195.5, 156.0], [195.5, 157.0], [195.5, 158.0], [195.5, 159.0], [195.5, 160.0], [195.5, 161.0], [195.0, 161.5], [194.5, 162.0], [194.5, 163.0], [194.5, 164.0], [194.5, 165.0], [194.5, 166.0], [194.5, 167.0], [194.0, 167.5], [193.5, 168.0], [193.5, 169.0], [193.0, 169.5], [192.5, 170.0], [192.0, 170.5], [191.5, 171.0], [191.0, 171.5], [190.0, 171.5], [189.0, 171.5], [188.0, 171.5], [187.0, 171.5], [186.0, 171.5], [185.0, 171.5], [184.5, 171.0], [184.0, 170.5], [183.0, 170.5], [182.0, 170.5], [181.5, 170.0], [181.0, 169.5], [180.0, 169.5], [179.0, 169.5], [178.0, 169.5], [177.0, 169.5], [176.5, 169.0], [176.0, 168.5], [175.0, 168.5], [174.0, 168.5], [173.5, 169.0], [173.0, 169.5], [172.5, 169.0], [172.0, 168.5], [171.5, 169.0], [171.0, 169.5], [170.0, 169.5], [169.0, 169.5], [168.5, 170.0], [168.0, 170.5], [167.0, 170.5], [166.0, 170.5], [165.5, 171.0], [165.0, 171.5], [164.0, 171.5], [163.0, 171.5], [162.5, 172.0], [162.0, 172.5], [161.0, 172.5], [160.0, 172.5], [159.0, 172.5], [158.0, 172.5], [157.5, 173.0], [157.0, 173.5], [157.0, 173.5]]]}, "properties": {"image": "5dw5qe9ar25eagtrwk72_al_4_si_5_af_20.png", "iceberg_id": 1, "confidence": 0.6407127380371094}}, {"type": "Feature", "geometry": {"type": "Polygon", "coordinates": [[[141.0, 87.5], [140.0, 87.5], [139.0, 87.5], [138.0, 87.5], [137.5, 87.0], [137.5, 86.0], [137.5, 85.0], [137.5, 84.0], [137.5, 83.0], [137.5, 82.0], [137.5, 81.0], [138.0, 80.5], [138.5, 80.0], [139.0, 79.5], [139.5, 79.0], [140.0, 78.5], [141.0, 78.5], [142.0, 78.5], [142.5, 79.0], [143.0, 79.5], [143.5, 80.0], [143.5, 81.0], [144.0, 81.5], [144.5, 82.0], [144.0, 82.5], [143.5, 83.0], [143.5, 84.0], [143.5, 85.0], [143.0, 85.5], [142.5, 86.0], [142.0, 86.5], [141.5, 87.0], [141.0, 87.5], [141.0, 87.5]]]}, "properties": {"image": "5dw5qe9ar25eagtrwk72_al_4_si_5_af_20.png", "iceberg_id": 2, "confidence": 0.6407127380371094}}, {"type": "Feature", "geometry": {"type": "Polygon", "coordinates": [[[615.0, 119.5], [614.0, 119.5], [613.0, 119.5], [612.5, 119.0], [612.0, 118.5], [611.0, 118.5], [610.0, 118.5], [609.5, 118.0], [609.0, 117.5], [608.0, 117.5], [607.0, 117.5], [606.5, 117.0], [606.5, 116.0], [606.0, 115.5], [605.5, 115.0], [605.5, 114.0], [605.5, 113.0], [605.5, 112.0], [605.5, 111.0], [605.5, 110.0], [605.5, 109.0], [605.5, 108.0], [605.5, 107.0], [605.5, 106.0], [605.5, 105.0], [605.5, 104.0], [606.0, 103.5], [606.5, 103.0], [606.5, 102.0], [606.5, 101.0], [607.0, 100.5], [607.5, 100.0], [607.5, 99.0], [607.5, 98.0], [608.0, 97.5], [608.5, 97.0], [609.0, 96.5], [609.5, 96.0], [610.0, 95.5], [610.5, 95.0], [611.0, 94.5], [611.5, 94.0], [611.5, 93.0], [612.0, 92.5], [613.0, 92.5], [613.5, 92.0], [614.0, 91.5], [614.5, 91.0], [615.0, 90.5], [615.5, 90.0], [616.0, 89.5], [617.0, 89.5], [618.0, 89.5], [619.0, 89.5], [620.0, 89.5], [620.5, 90.0], [620.5, 91.0], [620.5, 92.0], [621.0, 92.5], [621.5, 93.0], [621.5, 94.0], [621.5, 95.0], [621.5, 96.0], [621.5, 97.0], [621.5, 98.0], [621.5, 99.0], [622.0, 99.5], [622.5, 100.0], [622.0, 100.5], [621.5, 101.0], [622.0, 101.5], [622.5, 102.0], [622.0, 102.5], [621.5, 103.0], [622.0, 103.5], [622.5, 104.0], [622.0, 104.5], [621.5, 105.0], [621.5, 106.0], [621.5, 107.0], [621.5, 108.0], [621.5, 109.0], [621.5, 110.0], [621.5, 111.0], [621.5, 112.0], [621.5, 113.0], [621.0, 113.5], [620.5, 114.0], [620.5, 115.0], [620.0, 115.5], [619.5, 116.0], [619.0, 116.5], [618.5, 117.0], [618.0, 117.5], [617.5, 118.0], [617.0, 118.5], [616.0, 118.5], [615.5, 119.0], [615.0, 119.5], [615.0, 119.5]]]}, "properties": {"image": "5dw5qe9ar25eagtrwk72_al_4_si_5_af_20.png", "iceberg_id": 3, "confidence": 0.6407127380371094}}, {"type": "Feature", "geometry": {"type": "Polygon", "coordinates": [[[0.0, 155.5], [0.5, 155.0], [1.0, 154.5], [1.5, 154.0], [1.5, 153.0], [2.0, 152.5], [2.5, 152.0], [2.5, 151.0], [3.0, 150.5], [3.5, 150.0], [3.5, 149.0], [4.0, 148.5], [4.5, 148.0], [5.0, 147.5], [5.5, 147.0], [5.5, 146.0], [6.0, 145.5], [7.0, 145.5], [7.5, 145.0], [7.5, 144.0], [8.0, 143.5], [9.0, 143.5], [9.5, 143.0], [9.5, 142.0], [10.0, 141.5], [10.5, 141.0], [11.0, 140.5], [11.5, 140.0], [12.0, 139.5], [12.5, 139.0], [12.5, 138.0], [13.0, 137.5], [13.5, 137.0], [14.0, 136.5], [14.5, 136.0], [15.0, 135.5], [15.5, 135.0], [16.0, 134.5], [16.5, 134.0], [17.0, 133.5], [18.0, 133.5], [18.5, 133.0], [19.0, 132.5], [19.5, 132.0], [20.0, 131.5], [20.5, 131.0], [21.0, 130.5], [21.5, 130.0], [22.0, 129.5], [23.0, 129.5], [23.5, 129.0], [23.5, 128.0], [24.0, 127.5], [25.0, 127.5], [25.5, 127.0], [26.0, 126.5], [26.5, 126.0], [27.0, 125.5], [27.5, 125.0], [28.0, 124.5], [29.0, 124.5], [29.5, 124.0], [30.0, 123.5], [31.0, 123.5], [32.0, 123.5], [33.0, 123.5], [34.0, 123.5], [35.0, 123.5], [36.0, 123.5], [36.5, 123.0], [37.0, 122.5], [38.0, 122.5], [39.0, 122.5], [39.5, 123.0], [40.0, 123.5], [41.0, 123.5], [41.5, 124.0], [41.5, 125.0], [42.0, 125.5], [42.5, 126.0], [42.5, 127.0], [42.5, 128.0], [43.0, 128.5], [43.5, 129.0], [43.5, 130.0], [43.5, 131.0], [43.5, 132.0], [43.5, 133.0], [44.0, 133.5], [44.5, 134.0], [44.5, 135.0], [44.5, 136.0], [44.5, 137.0], [45.0, 137.5], [45.5, 138.0], [45.5, 139.0], [46.0, 139.5], [46.5, 140.0], [46.5, 141.0], [47.0, 141.5], [47.5, 142.0], [48.0, 142.5], [48.5, 143.0], [49.0, 143.5], [49.5, 144.0], [50.0, 144.5], [50.5, 145.0], [51.0, 145.5], [51.5, 146.0], [51.5, 147.0], [52.0, 147.5], [52.5, 148.0], [52.5, 149.0], [53.0, 149.5], [53.5, 150.0], [53.5, 151.0], [54.0, 151.5], [54.5, 152.0], [54.5, 153.0], [54.5, 154.0], [54.5, 155.0], [54.5, 156.0], [55.0, 156.5], [55.5, 157.0], [55.5, 158.0], [55.5, 159.0], [55.5, 160.0], [55.5, 161.0], [56.0, 161.5], [56.5, 162.0], [56.5, 163.0], [57.0, 163.5], [57.5, 164.0], [57.5, 165.0], [57.5, 166.0], [57.5, 167.0], [58.0, 167.5], [58.5, 168.0], [58.5, 169.0], [58.5, 170.0], [58.5, 171.0], [58.5, 172.0], [58.5, 173.0], [58.5, 174.0], [58.5, 175.0], [58.5, 176.0], [58.5, 177.0], [58.5, 178.0], [59.0, 178.5], [59.5, 179.0], [59.0, 179.5], [58.5, 180.0], [58.5, 181.0], [58.5, 182.0], [58.5, 183.0], [58.5, 184.0], [58.5, 185.0], [58.5, 186.0], [58.5, 187.0], [58.5, 188.0], [58.5, 189.0], [58.5, 190.0], [58.5, 191.0], [58.5, 192.0], [58.0, 192.5], [57.5, 193.0], [57.5, 194.0], [57.5, 195.0], [57.5, 196.0], [57.5, 197.0], [57.5, 198.0], [57.0, 198.5], [56.5, 199.0], [56.5, 200.0], [56.5, 201.0], [56.5, 202.0], [56.0, 202.5], [55.5, 203.0], [55.5, 204.0], [55.5, 205.0], [55.0, 205.5], [54.5, 206.0], [54.5, 207.0], [54.5, 208.0], [54.0, 208.5], [53.5, 209.0], [53.5, 210.0], [53.5, 211.0], [53.0, 211.5], [52.5, 212.0], [52.5, 213.0], [52.0, 213.5], [51.5, 214.0], [51.5, 215.0], [51.0, 215.5], [50.5, 216.0], [50.5, 217.0], [50.0, 217.5], [49.5, 218.0], [49.5, 219.0], [49.0, 219.5], [48.5, 220.0], [48.0, 220.5], [47.5, 221.0], [47.5, 222.0], [47.0, 222.5], [46.5, 223.0], [46.5, 224.0], [46.0, 224.5], [45.5, 225.0], [45.5, 226.0], [45.0, 226.5], [44.5, 227.0], [44.5, 228.0], [44.0, 228.5], [43.5, 229.0], [43.0, 229.5], [42.5, 230.0], [42.5, 231.0], [42.0, 231.5], [41.5, 232.0], [41.0, 232.5], [40.5, 233.0], [40.0, 233.5], [39.5, 234.0], [39.0, 234.5], [38.5, 235.0], [38.0, 235.5], [37.0, 235.5], [36.5, 236.0], [36.0, 236.5], [35.5, 237.0], [35.0, 237.5], [34.0, 237.5], [33.5, 238.0], [33.0, 238.5], [32.5, 239.0], [32.0, 239.5], [31.5, 240.0], [31.0, 240.5], [30.0, 240.5], [29.5, 241.0], [29.0, 241.5], [28.5, 242.0], [28.0, 242.5], [27.5, 243.0], [27.0, 243.5], [26.5, 244.0], [26.0, 244.5], [25.5, 245.0], [25.0, 245.5], [24.5, 246.0], [24.5, 247.0], [24.0, 247.5], [23.5, 248.0], [23.5, 249.0], [23.0, 249.5], [22.5, 250.0], [22.0, 250.5], [21.5, 251.0], [21.0, 251.5], [20.5, 252.0], [20.5, 253.0], [20.0, 253.5], [19.5, 254.0], [19.0, 254.5], [18.5, 255.0], [18.0, 255.5], [17.0, 255.5], [16.5, 256.0], [16.0, 256.5], [15.0, 256.5], [14.5, 256.0], [14.0, 255.5], [13.5, 255.0], [13.0, 254.5], [12.5, 254.0], [12.0, 253.5], [11.5, 253.0], [11.5, 252.0], [11.0, 251.5], [10.5, 251.0], [10.5, 250.0], [10.5, 249.0], [10.0, 248.5], [9.5, 248.0], [9.5, 247.0], [9.5, 246.0], [9.0, 245.5], [8.5, 245.0], [8.5, 244.0], [8.5, 243.0], [8.5, 242.0], [8.0, 241.5], [7.5, 241.0], [7.5, 240.0], [7.5, 239.0], [7.5, 238.0], [7.5, 237.0], [7.5, 236.0], [7.0, 235.5], [6.5, 235.0], [6.5, 234.0], [6.5, 233.0], [6.5, 232.0], [6.5, 231.0], [6.5, 230.0], [6.0, 229.5], [5.5, 229.0], [5.5, 228.0], [5.5, 227.0], [5.5, 226.0], [5.5, 225.0], [5.5, 224.0], [5.5, 223.0], [5.5, 222.0], [5.5, 221.0], [5.5, 220.0], [5.5, 219.0], [5.5, 218.0], [5.0, 217.5], [4.5, 217.0], [4.5, 216.0], [4.5, 215.0], [4.5, 214.0], [4.5, 213.0], [4.5, 212.0], [4.5, 211.0], [4.0, 210.5], [3.5, 210.0], [3.5, 209.0], [3.5, 208.0], [3.5, 207.0], [3.5, 206.0], [3.5, 205.0], [3.5, 204.0], [3.5, 203.0], [3.0, 202.5], [2.5, 202.0], [2.5, 201.0], [2.5, 200.0], [2.5, 199.0], [2.5, 198.0], [2.5, 197.0], [2.5, 196.0], [2.0, 195.5], [1.5, 195.0], [1.5, 194.0], [1.0, 193.5], [0.5, 193.0], [0.5, 192.0], [0.0, 191.5], [0.0, 155.5]]]}, "properties": {"image": "5dw5qe9ar25eagtrwk72_al_4_si_5_af_20.png", "iceberg_id": 4, "confidence": 0.6407127380371094}}, {"type": "Feature", "geometry": {"type": "Polygon", "coordinates": [[[58.0, 131.5], [57.0, 131.5], [56.5, 131.0], [56.0, 130.5], [55.5, 130.0], [55.5, 129.0], [55.5, 128.0], [55.5, 127.0], [55.5, 126.0], [56.0, 125.5], [56.5, 125.0], [57.0, 124.5], [57.5, 124.0], [58.0, 123.5], [58.5, 124.0], [59.0, 124.5], [59.5, 125.0], [59.5, 126.0], [59.5, 127.0], [59.5, 128.0], [59.5, 129.0], [59.0, 129.5], [58.5, 130.0], [58.5, 131.0], [58.0, 131.5], [58.0, 131.5]]]}, "properties": {"image": "5dw5qe9ar25eagtrwk72_al_4_si_5_af_20.png", "iceberg_id": 5, "confidence": 0.6407127380371094}}, {"type": "Feature", "geometry": {"type": "Polygon", "coordinates": [[[442.0, 130.5], [441.5, 130.0], [441.5, 129.0], [441.5, 128.0], [442.0, 127.5], [442.5, 128.0], [443.0, 128.5], [443.5, 129.0], [443.0, 129.5], [442.5, 130.0], [442.0, 130.5], [442.0, 130.5]]]}, "properties": {"image": "5dw5qe9ar25eagtrwk72_al_4_si_5_af_20.png", "iceberg_id": 6, "confidence": 0.6407127380371094}}, {"type": "Feature", "geometry": {"type": "Polygon", "coordinates": [[[265.0, 144.5], [264.0, 144.5], [263.5, 144.0], [263.0, 143.5], [262.5, 143.0], [262.0, 142.5], [261.5, 142.0], [261.5, 141.0], [261.5, 140.0], [261.0, 139.5], [260.5, 139.0], [261.0, 138.5], [261.5, 138.0], [261.5, 137.0], [261.5, 136.0], [262.0, 135.5], [262.5, 135.0], [263.0, 134.5], [263.5, 134.0], [263.5, 133.0], [264.0, 132.5], [265.0, 132.5], [265.5, 132.0], [266.0, 131.5], [266.5, 132.0], [267.0, 132.5], [268.0, 132.5], [268.5, 133.0], [268.5, 134.0], [268.5, 135.0], [268.5, 136.0], [269.0, 136.5], [269.5, 137.0], [269.5, 138.0], [269.5, 139.0], [269.0, 139.5], [268.5, 140.0], [268.5, 141.0], [268.0, 141.5], [267.5, 142.0], [267.5, 143.0], [267.0, 143.5], [266.0, 143.5], [265.5, 144.0], [265.0, 144.5], [265.0, 144.5]]]}, "properties": {"image": "5dw5qe9ar25eagtrwk72_al_4_si_5_af_20.png", "iceberg_id": 7, "confidence": 0.6407127380371094}}, {"type": "Feature", "geometry": {"type": "Polygon", "coordinates": [[[422.0, 142.5], [421.5, 142.0], [421.0, 141.5], [420.5, 141.0], [420.0, 140.5], [419.5, 140.0], [420.0, 139.5], [420.5, 139.0], [421.0, 138.5], [422.0, 138.5], [422.5, 139.0], [422.5, 140.0], [422.5, 141.0], [422.5, 142.0], [422.0, 142.5], [422.0, 142.5]]]}, "properties": {"image": "5dw5qe9ar25eagtrwk72_al_4_si_5_af_20.png", "iceberg_id": 8, "confidence": 0.6407127380371094}}, {"type": "Feature", "geometry": {"type": "Polygon", "coordinates": [[[506.0, 180.5], [505.5, 180.0], [505.0, 179.5], [504.0, 179.5], [503.5, 179.0], [503.5, 178.0], [503.0, 177.5], [502.5, 177.0], [502.5, 176.0], [502.5, 175.0], [502.5, 174.0], [503.0, 173.5], [503.5, 173.0], [503.5, 172.0], [504.0, 171.5], [504.5, 171.0], [505.0, 170.5], [506.0, 170.5], [507.0, 170.5], [507.5, 171.0], [508.0, 171.5], [508.5, 172.0], [508.5, 173.0], [509.0, 173.5], [509.5, 174.0], [509.5, 175.0], [509.5, 176.0], [509.0, 176.5], [508.5, 177.0], [508.5, 178.0], [508.0, 178.5], [507.5, 179.0], [507.0, 179.5], [506.5, 180.0], [506.0, 180.5], [506.0, 180.5]]]}, "properties": {"image": "5dw5qe9ar25eagtrwk72_al_4_si_5_af_20.png", "iceberg_id": 9, "confidence": 0.6407127380371094}}, {"type": "Feature", "geometry": {"type": "Polygon", "coordinates": [[[278.0, 180.5], [277.5, 180.0], [277.0, 179.5], [276.0, 179.5], [275.5, 179.0], [275.5, 178.0], [275.0, 177.5], [274.5, 177.0], [275.0, 176.5], [275.5, 176.0], [275.0, 175.5], [274.5, 175.0], [275.0, 174.5], [275.5, 174.0], [275.5, 173.0], [275.5, 172.0], [276.0, 171.5], [277.0, 171.5], [278.0, 171.5], [279.0, 171.5], [279.5, 172.0], [280.0, 172.5], [280.5, 173.0], [280.5, 174.0], [281.0, 174.5], [281.5, 175.0], [281.5, 176.0], [281.0, 176.5], [280.5, 177.0], [280.5, 178.0], [280.0, 178.5], [279.5, 179.0], [279.0, 179.5], [278.5, 180.0], [278.0, 180.5], [278.0, 180.5]]]}, "properties": {"image": "5dw5qe9ar25eagtrwk72_al_4_si_5_af_20.png", "iceberg_id": 10, "confidence": 0.6407127380371094}}, {"type": "Feature", "geometry": {"type": "Polygon", "coordinates": [[[155.0, 193.5], [154.5, 193.0], [154.0, 192.5], [153.0, 192.5], [152.5, 192.0], [152.0, 191.5], [151.0, 191.5], [150.5, 191.0], [150.5, 190.0], [150.0, 189.5], [149.5, 189.0], [149.0, 188.5], [148.5, 188.0], [148.5, 187.0], [148.5, 186.0], [148.5, 185.0], [148.5, 184.0], [148.5, 183.0], [149.0, 182.5], [149.5, 182.0], [150.0, 181.5], [151.0, 181.5], [152.0, 181.5], [153.0, 181.5], [154.0, 181.5], [155.0, 181.5], [156.0, 181.5], [156.5, 182.0], [157.0, 182.5], [157.5, 183.0], [158.0, 183.5], [158.5, 184.0], [158.5, 185.0], [158.5, 186.0], [159.0, 186.5], [159.5, 187.0], [159.5, 188.0], [159.0, 188.5], [158.5, 189.0], [158.5, 190.0], [158.0, 190.5], [157.5, 191.0], [157.5, 192.0], [157.0, 192.5], [156.0, 192.5], [155.5, 193.0], [155.0, 193.5], [155.0, 193.5]]]}, "properties": {"image": "5dw5qe9ar25eagtrwk72_al_4_si_5_af_20.png", "iceberg_id": 11, "confidence": 0.6407127380371094}}, {"type": "Feature", "geometry": {"type": "Polygon", "coordinates": [[[388.0, 216.5], [387.5, 216.0], [387.0, 215.5], [386.5, 215.0], [386.5, 214.0], [387.0, 213.5], [388.0, 213.5], [388.5, 214.0], [388.5, 215.0], [388.5, 216.0], [388.0, 216.5], [388.0, 216.5]]]}, "properties": {"image": "5dw5qe9ar25eagtrwk72_al_4_si_5_af_20.png", "iceberg_id": 12, "confidence": 0.6407127380371094}}, {"type": "Feature", "geometry": {"type": "Polygon", "coordinates": [[[47.0, 243.5], [46.0, 243.5], [45.0, 243.5], [44.0, 243.5], [43.5, 243.0], [43.5, 242.0], [43.0, 241.5], [42.5, 241.0], [42.5, 240.0], [42.5, 239.0], [42.5, 238.0], [42.5, 237.0], [43.0, 236.5], [43.5, 236.0], [43.5, 235.0], [44.0, 234.5], [44.5, 234.0], [45.0, 233.5], [45.5, 233.0], [46.0, 232.5], [46.5, 232.0], [47.0, 231.5], [48.0, 231.5], [49.0, 231.5], [50.0, 231.5], [50.5, 232.0], [50.5, 233.0], [50.5, 234.0], [51.0, 234.5], [51.5, 235.0], [51.0, 235.5], [50.5, 236.0], [50.5, 237.0], [50.5, 238.0], [50.5, 239.0], [50.0, 239.5], [49.5, 240.0], [49.5, 241.0], [49.0, 241.5], [48.5, 242.0], [48.0, 242.5], [47.5, 243.0], [47.0, 243.5], [47.0, 243.5]]]}, "properties": {"image": "5dw5qe9ar25eagtrwk72_al_4_si_5_af_20.png", "iceberg_id": 13, "confidence": 0.6407127380371094}}, {"type": "Feature", "geometry": {"type": "Polygon", "coordinates": [[[361.0, 303.5], [360.0, 303.5], [359.0, 303.5], [358.5, 303.0], [358.0, 302.5], [357.0, 302.5], [356.0, 302.5], [355.5, 302.0], [355.0, 301.5], [354.0, 301.5], [353.0, 301.5], [352.5, 301.0], [352.0, 300.5], [351.5, 300.0], [351.0, 299.5], [350.0, 299.5], [349.0, 299.5], [348.5, 299.0], [348.0, 298.5], [347.5, 298.0], [347.0, 297.5], [346.5, 297.0], [346.0, 296.5], [345.5, 296.0], [345.0, 295.5], [344.5, 295.0], [344.5, 294.0], [344.0, 293.5], [343.5, 293.0], [343.5, 292.0], [343.0, 291.5], [342.5, 291.0], [342.5, 290.0], [342.5, 289.0], [342.0, 288.5], [341.5, 288.0], [341.5, 287.0], [341.5, 286.0], [341.5, 285.0], [341.5, 284.0], [341.0, 283.5], [340.5, 283.0], [340.5, 282.0], [340.5, 281.0], [340.5, 280.0], [340.5, 279.0], [341.0, 278.5], [341.5, 278.0], [341.5, 277.0], [341.5, 276.0], [341.5, 275.0], [341.5, 274.0], [342.0, 273.5], [342.5, 273.0], [342.5, 272.0], [343.0, 271.5], [343.5, 271.0], [344.0, 270.5], [344.5, 270.0], [345.0, 269.5], [345.5, 269.0], [345.5, 268.0], [346.0, 267.5], [347.0, 267.5], [347.5, 267.0], [347.5, 266.0], [348.0, 265.5], [349.0, 265.5], [349.5, 265.0], [349.5, 264.0], [350.0, 263.5], [350.5, 263.0], [351.0, 262.5], [351.5, 262.0], [351.5, 261.0], [352.0, 260.5], [352.5, 260.0], [353.0, 259.5], [353.5, 259.0], [353.5, 258.0], [354.0, 257.5], [355.0, 257.5], [355.5, 257.0], [356.0, 256.5], [357.0, 256.5], [357.5, 256.0], [358.0, 255.5], [358.5, 256.0], [359.0, 256.5], [360.0, 256.5], [360.5, 257.0], [361.0, 257.5], [362.0, 257.5], [362.5, 258.0], [363.0, 258.5], [363.5, 259.0], [364.0, 259.5], [364.5, 260.0], [364.5, 261.0], [365.0, 261.5], [365.5, 262.0], [365.5, 263.0], [366.0, 263.5], [366.5, 264.0], [366.5, 265.0], [367.0, 265.5], [367.5, 266.0], [367.5, 267.0], [368.0, 267.5], [368.5, 268.0], [368.5, 269.0], [368.5, 270.0], [368.5, 271.0], [368.5, 272.0], [369.0, 272.5], [369.5, 273.0], [369.5, 274.0], [369.5, 275.0], [369.5, 276.0], [369.5, 277.0], [370.0, 277.5], [370.5, 278.0], [370.5, 279.0], [370.5, 280.0], [370.5, 281.0], [370.5, 282.0], [370.5, 283.0], [370.5, 284.0], [370.5, 285.0], [370.5, 286.0], [370.0, 286.5], [369.5, 287.0], [369.5, 288.0], [369.5, 289.0], [369.5, 290.0], [369.0, 290.5], [368.5, 291.0], [368.5, 292.0], [368.0, 292.5], [367.5, 293.0], [367.5, 294.0], [367.5, 295.0], [367.0, 295.5], [366.5, 296.0], [366.5, 297.0], [366.5, 298.0], [366.0, 298.5], [365.5, 299.0], [365.0, 299.5], [364.5, 300.0], [364.5, 301.0], [364.0, 301.5], [363.0, 301.5], [362.5, 302.0], [362.0, 302.5], [361.5, 303.0], [361.0, 303.5], [361.0, 303.5]]]}, "properties": {"image": "5dw5qe9ar25eagtrwk72_al_4_si_5_af_20.png", "iceberg_id": 14, "confidence": 0.6407127380371094}}, {"type": "Feature", "geometry": {"type": "Polygon", "coordinates": [[[540.0, 273.5], [539.0, 273.5], [538.5, 273.0], [538.0, 272.5], [537.5, 272.0], [537.5, 271.0], [537.0, 270.5], [536.5, 270.0], [536.5, 269.0], [536.0, 268.5], [535.5, 268.0], [535.5, 267.0], [535.5, 266.0], [535.5, 265.0], [535.5, 264.0], [536.0, 263.5], [536.5, 263.0], [537.0, 262.5], [538.0, 262.5], [538.5, 263.0], [539.0, 263.5], [539.5, 264.0], [540.0, 264.5], [540.5, 265.0], [540.5, 266.0], [541.0, 266.5], [541.5, 267.0], [541.5, 268.0], [541.5, 269.0], [541.5, 270.0], [541.5, 271.0], [541.0, 271.5], [540.5, 272.0], [540.5, 273.0], [540.0, 273.5], [540.0, 273.5]]]}, "properties": {"image": "5dw5qe9ar25eagtrwk72_al_4_si_5_af_20.png", "iceberg_id": 15, "confidence": 0.6407127380371094}}, {"type": "Feature", "geometry": {"type": "Polygon", "coordinates": [[[196.0, 302.5], [195.0, 302.5], [194.0, 302.5], [193.0, 302.5], [192.5, 302.0], [192.0, 301.5], [191.5, 301.0], [191.0, 300.5], [190.5, 300.0], [190.5, 299.0], [190.5, 298.0], [190.5, 297.0], [190.5, 296.0], [190.5, 295.0], [190.5, 294.0], [190.5, 293.0], [190.5, 292.0], [190.5, 291.0], [190.5, 290.0], [191.0, 289.5], [191.5, 289.0], [191.5, 288.0], [191.5, 287.0], [192.0, 286.5], [192.5, 286.0], [192.5, 285.0], [193.0, 284.5], [193.5, 284.0], [194.0, 283.5], [194.5, 283.0], [195.0, 282.5], [195.5, 282.0], [196.0, 281.5], [197.0, 281.5], [198.0, 281.5], [198.5, 282.0], [199.0, 282.5], [199.5, 283.0], [200.0, 283.5], [200.5, 284.0], [200.5, 285.0], [201.0, 285.5], [201.5, 286.0], [201.5, 287.0], [201.5, 288.0], [201.5, 289.0], [201.5, 290.0], [201.5, 291.0], [201.5, 292.0], [201.5, 293.0], [201.5, 294.0], [201.5, 295.0], [201.0, 295.5], [200.5, 296.0], [200.5, 297.0], [200.0, 297.5], [199.5, 298.0], [199.5, 299.0], [199.0, 299.5], [198.5, 300.0], [198.0, 300.5], [197.5, 301.0], [197.0, 301.5], [196.5, 302.0], [196.0, 302.5], [196.0, 302.5]]]}, "properties": {"image": "5dw5qe9ar25eagtrwk72_al_4_si_5_af_20.png", "iceberg_id": 16, "confidence": 0.6407127380371094}}, {"type": "Feature", "geometry": {"type": "Polygon", "coordinates": [[[340.0, 318.5], [339.0, 318.5], [338.5, 318.0], [338.0, 317.5], [337.5, 317.0], [337.5, 316.0], [337.0, 315.5], [336.5, 315.0], [336.5, 314.0], [336.5, 313.0], [336.5, 312.0], [336.5, 311.0], [336.5, 310.0], [336.5, 309.0], [337.0, 308.5], [337.5, 308.0], [338.0, 307.5], [338.5, 308.0], [339.0, 308.5], [340.0, 308.5], [340.5, 309.0], [340.5, 310.0], [341.0, 310.5], [341.5, 311.0], [341.5, 312.0], [341.5, 313.0], [342.0, 313.5], [342.5, 314.0], [342.0, 314.5], [341.5, 315.0], [341.5, 316.0], [341.5, 317.0], [341.0, 317.5], [340.5, 318.0], [340.0, 318.5], [340.0, 318.5]]]}, "properties": {"image": "5dw5qe9ar25eagtrwk72_al_4_si_5_af_20.png", "iceberg_id": 17, "confidence": 0.6407127380371094}}, {"type": "Feature", "geometry": {"type": "Polygon", "coordinates": [[[55.0, 353.5], [54.0, 353.5], [53.0, 353.5], [52.5, 353.0], [52.0, 352.5], [51.0, 352.5], [50.5, 352.0], [50.0, 351.5], [49.5, 351.0], [49.0, 350.5], [48.5, 350.0], [48.5, 349.0], [48.0, 348.5], [47.5, 348.0], [47.5, 347.0], [47.0, 346.5], [46.5, 346.0], [46.5, 345.0], [46.5, 344.0], [46.5, 343.0], [46.5, 342.0], [46.5, 341.0], [46.5, 340.0], [46.5, 339.0], [47.0, 338.5], [47.5, 338.0], [48.0, 337.5], [49.0, 337.5], [50.0, 337.5], [51.0, 337.5], [52.0, 337.5], [52.5, 338.0], [53.0, 338.5], [54.0, 338.5], [54.5, 339.0], [55.0, 339.5], [55.5, 340.0], [55.5, 341.0], [56.0, 341.5], [56.5, 342.0], [56.5, 343.0], [57.0, 343.5], [57.5, 344.0], [57.5, 345.0], [58.0, 345.5], [58.5, 346.0], [58.5, 347.0], [58.5, 348.0], [58.5, 349.0], [58.5, 350.0], [58.0, 350.5], [57.5, 351.0], [57.0, 351.5], [56.5, 352.0], [56.0, 352.5], [55.5, 353.0], [55.0, 353.5], [55.0, 353.5]]]}, "properties": {"image": "5dw5qe9ar25eagtrwk72_al_4_si_5_af_20.png", "iceberg_id": 18, "confidence": 0.6407127380371094}}, {"type": "Feature", "geometry": {"type": "Polygon", "coordinates": [[[360.0, 390.5], [359.5, 390.0], [359.0, 389.5], [358.0, 389.5], [357.5, 389.0], [357.0, 388.5], [356.5, 388.0], [356.0, 387.5], [355.5, 387.0], [355.5, 386.0], [355.0, 385.5], [354.5, 385.0], [354.5, 384.0], [354.5, 383.0], [354.5, 382.0], [354.5, 381.0], [354.5, 380.0], [354.5, 379.0], [354.5, 378.0], [354.5, 377.0], [354.5, 376.0], [354.5, 375.0], [354.5, 374.0], [354.5, 373.0], [355.0, 372.5], [355.5, 372.0], [356.0, 371.5], [356.5, 371.0], [357.0, 370.5], [357.5, 371.0], [358.0, 371.5], [358.5, 372.0], [359.0, 372.5], [359.5, 373.0], [360.0, 373.5], [360.5, 374.0], [360.5, 375.0], [360.5, 376.0], [361.0, 376.5], [361.5, 377.0], [361.5, 378.0], [361.5, 379.0], [361.5, 380.0], [361.5, 381.0], [362.0, 381.5], [362.5, 382.0], [362.5, 383.0], [362.5, 384.0], [362.5, 385.0], [362.5, 386.0], [362.5, 387.0], [362.5, 388.0], [362.0, 388.5], [361.5, 389.0], [361.0, 389.5], [360.5, 390.0], [360.0, 390.5], [360.0, 390.5]]]}, "properties": {"image": "5dw5qe9ar25eagtrwk72_al_4_si_5_af_20.png", "iceberg_id": 19, "confidence": 0.6407127380371094}}, {"type": "Feature", "geometry": {"type": "Polygon", "coordinates": [[[549.0, 439.5], [548.5, 439.0], [548.0, 438.5], [547.5, 438.0], [547.5, 437.0], [547.5, 436.0], [548.0, 435.5], [548.5, 435.0], [548.5, 434.0], [549.0, 433.5], [550.0, 433.5], [550.5, 434.0], [551.0, 434.5], [551.5, 435.0], [551.5, 436.0], [551.5, 437.0], [551.0, 437.5], [550.5, 438.0], [550.0, 438.5], [549.5, 439.0], [549.0, 439.5], [549.0, 439.5]]]}, "properties": {"image": "5dw5qe9ar25eagtrwk72_al_4_si_5_af_20.png", "iceberg_id": 20, "confidence": 0.6407127380371094}}, {"type": "Feature", "geometry": {"type": "Polygon", "coordinates": [[[139.0, 149.5], [138.0, 149.5], [137.0, 149.5], [136.0, 149.5], [135.0, 149.5], [134.5, 149.0], [134.0, 148.5], [133.5, 148.0], [133.0, 147.5], [132.5, 147.0], [132.5, 146.0], [132.5, 145.0], [132.5, 144.0], [132.5, 143.0], [133.0, 142.5], [133.5, 142.0], [134.0, 141.5], [134.5, 141.0], [135.0, 140.5], [136.0, 140.5], [137.0, 140.5], [137.5, 140.0], [138.0, 139.5], [138.5, 140.0], [139.0, 140.5], [139.5, 141.0], [140.0, 141.5], [140.5, 142.0], [141.0, 142.5], [141.5, 143.0], [141.5, 144.0], [141.5, 145.0], [141.5, 146.0], [141.5, 147.0], [141.0, 147.5], [140.5, 148.0], [140.0, 148.5], [139.5, 149.0], [139.0, 149.5], [139.0, 149.5]]]}, "properties": {"image": "5dw5qe9ar25eagtrwk72_flip.png", "iceberg_id": 0, "confidence": 0.640714704990387}}, {"type": "Feature", "geometry": {"type": "Polygon", "coordinates": [[[359.0, 187.5], [358.5, 187.0], [358.5, 186.0], [359.0, 185.5], [360.0, 185.5], [360.5, 186.0], [360.0, 186.5], [359.5, 187.0], [359.0, 187.5], [359.0, 187.5]]]}, "properties": {"image": "5dw5qe9ar25eagtrwk72_flip.png", "iceberg_id": 1, "confidence": 0.640714704990387}}, {"type": "Feature", "geometry": {"type": "Polygon", "coordinates": [[[442.0, 202.5], [441.0, 202.5], [440.0, 202.5], [439.5, 202.0], [439.0, 201.5], [438.5, 201.0], [438.0, 200.5], [437.5, 200.0], [437.5, 199.0], [438.0, 198.5], [438.5, 198.0], [438.5, 197.0], [439.0, 196.5], [440.0, 196.5], [441.0, 196.5], [442.0, 196.5], [442.5, 197.0], [443.0, 197.5], [444.0, 197.5], [444.5, 198.0], [444.5, 199.0], [444.5, 200.0], [444.0, 200.5], [443.5, 201.0], [443.0, 201.5], [442.5, 202.0], [442.0, 202.5], [442.0, 202.5]]]}, "properties": {"image": "5dw5qe9ar25eagtrwk72_flip.png", "iceberg_id": 2, "confidence": 0.640714704990387}}, {"type": "Feature", "geometry": {"type": "Polygon", "coordinates": [[[409.0, 294.5], [408.0, 294.5], [407.0, 294.5], [406.0, 294.5], [405.0, 294.5], [404.5, 294.0], [404.0, 293.5], [403.5, 293.0], [403.5, 292.0], [403.0, 291.5], [402.5, 291.0], [402.5, 290.0], [402.5, 289.0], [402.5, 288.0], [402.5, 287.0], [402.5, 286.0], [402.5, 285.0], [402.5, 284.0], [402.5, 283.0], [402.5, 282.0], [402.5, 281.0], [403.0, 280.5], [403.5, 280.0], [403.5, 279.0], [403.5, 278.0], [404.0, 277.5], [404.5, 277.0], [405.0, 276.5], [405.5, 276.0], [406.0, 275.5], [407.0, 275.5], [408.0, 275.5], [409.0, 275.5], [410.0, 275.5], [411.0, 275.5], [412.0, 275.5], [412.5, 276.0], [413.0, 276.5], [413.5, 277.0], [413.5, 278.0], [414.0, 278.5], [414.5, 279.0], [414.5, 280.0], [415.0, 280.5], [415.5, 281.0], [415.5, 282.0], [415.5, 283.0], [415.5, 284.0], [415.5, 285.0], [415.5, 286.0], [415.5, 287.0], [415.0, 287.5], [414.5, 288.0], [414.0, 288.5], [413.5, 289.0], [413.5, 290.0], [413.0, 290.5], [412.5, 291.0], [412.0, 291.5], [411.5, 292.0], [411.5, 293.0], [411.0, 293.5], [410.0, 293.5], [409.5, 294.0], [409.0, 294.5], [409.0, 294.5]]]}, "properties": {"image": "5dw5qe9ar25eagtrwk72_flip.png", "iceberg_id": 3, "confidence": 0.640714704990387}}, {"type": "Feature", "geometry": {"type": "Polygon", "coordinates": [[[161.0, 309.5], [160.0, 309.5], [159.0, 309.5], [158.5, 309.0], [158.0, 308.5], [157.5, 308.0], [157.0, 307.5], [156.5, 307.0], [156.0, 306.5], [155.5, 306.0], [155.5, 305.0], [155.5, 304.0], [155.0, 303.5], [154.5, 303.0], [155.0, 302.5], [155.5, 302.0], [155.5, 301.0], [155.5, 300.0], [156.0, 299.5], [156.5, 299.0], [156.5, 298.0], [157.0, 297.5], [158.0, 297.5], [159.0, 297.5], [160.0, 297.5], [160.5, 298.0], [161.0, 298.5], [161.5, 299.0], [161.5, 300.0], [162.0, 300.5], [162.5, 301.0], [162.5, 302.0], [162.5, 303.0], [163.0, 303.5], [163.5, 304.0], [163.5, 305.0], [163.5, 306.0], [163.5, 307.0], [163.0, 307.5], [162.5, 308.0], [162.0, 308.5], [161.5, 309.0], [161.0, 309.5], [161.0, 309.5]]]}, "properties": {"image": "5dw5qe9ar25eagtrwk72_flip.png", "iceberg_id": 4, "confidence": 0.640714704990387}}, {"type": "Feature", "geometry": {"type": "Polygon", "coordinates": [[[410.0, 352.5], [409.5, 352.0], [409.0, 351.5], [408.0, 351.5], [407.0, 351.5], [406.5, 351.0], [406.0, 350.5], [405.5, 350.0], [405.5, 349.0], [405.0, 348.5], [404.5, 348.0], [404.5, 347.0], [405.0, 346.5], [405.5, 346.0], [405.5, 345.0], [406.0, 344.5], [406.5, 344.0], [407.0, 343.5], [408.0, 343.5], [409.0, 343.5], [410.0, 343.5], [411.0, 343.5], [412.0, 343.5], [412.5, 344.0], [412.5, 345.0], [413.0, 345.5], [413.5, 346.0], [413.5, 347.0], [413.5, 348.0], [413.5, 349.0], [413.0, 349.5], [412.5, 350.0], [412.0, 350.5], [411.5, 351.0], [411.0, 351.5], [410.5, 352.0], [410.0, 352.5], [410.0, 352.5]]]}, "properties": {"image": "5dw5qe9ar25eagtrwk72_flip.png", "iceberg_id": 5, "confidence": 0.640714704990387}}, {"type": "Feature", "geometry": {"type": "Polygon", "coordinates": [[[379.0, 379.5], [378.0, 379.5], [377.0, 379.5], [376.0, 379.5], [375.0, 379.5], [374.0, 379.5], [373.0, 379.5], [372.5, 379.0], [372.0, 378.5], [371.0, 378.5], [370.5, 378.0], [370.0, 377.5], [369.0, 377.5], [368.5, 377.0], [368.0, 376.5], [367.5, 376.0], [367.0, 375.5], [366.5, 375.0], [366.0, 374.5], [365.5, 374.0], [365.0, 373.5], [364.5, 373.0], [364.0, 372.5], [363.5, 372.0], [363.5, 371.0], [363.0, 370.5], [362.5, 370.0], [362.5, 369.0], [362.0, 368.5], [361.5, 368.0], [361.5, 367.0], [361.5, 366.0], [361.0, 365.5], [360.5, 365.0], [360.5, 364.0], [360.5, 363.0], [360.5, 362.0], [360.5, 361.0], [360.5, 360.0], [360.5, 359.0], [361.0, 358.5], [361.5, 358.0], [361.5, 357.0], [361.5, 356.0], [362.0, 355.5], [362.5, 355.0], [363.0, 354.5], [363.5, 354.0], [364.0, 353.5], [364.5, 353.0], [365.0, 352.5], [365.5, 352.0], [366.0, 351.5], [367.0, 351.5], [367.5, 351.0], [367.5, 350.0], [368.0, 349.5], [369.0, 349.5], [369.5, 349.0], [370.0, 348.5], [371.0, 348.5], [371.5, 348.0], [372.0, 347.5], [373.0, 347.5], [374.0, 347.5], [375.0, 347.5], [376.0, 347.5], [377.0, 347.5], [378.0, 347.5], [379.0, 347.5], [380.0, 347.5], [380.5, 348.0], [381.0, 348.5], [382.0, 348.5], [382.5, 349.0], [383.0, 349.5], [384.0, 349.5], [384.5, 350.0], [385.0, 350.5], [386.0, 350.5], [386.5, 351.0], [387.0, 351.5], [388.0, 351.5], [388.5, 352.0], [389.0, 352.5], [390.0, 352.5], [390.5, 353.0], [391.0, 353.5], [392.0, 353.5], [392.5, 354.0], [393.0, 354.5], [393.5, 355.0], [394.0, 355.5], [394.5, 356.0], [395.0, 356.5], [395.5, 357.0], [396.0, 357.5], [396.5, 358.0], [396.5, 359.0], [397.0, 359.5], [397.5, 360.0], [397.5, 361.0], [397.5, 362.0], [397.5, 363.0], [398.0, 363.5], [398.5, 364.0], [398.0, 364.5], [397.5, 365.0], [398.0, 365.5], [398.5, 366.0], [398.0, 366.5], [397.5, 367.0], [397.5, 368.0], [397.5, 369.0], [397.0, 369.5], [396.5, 370.0], [396.0, 370.5], [395.5, 371.0], [395.0, 371.5], [394.0, 371.5], [393.5, 372.0], [393.0, 372.5], [392.0, 372.5], [391.5, 373.0], [391.0, 373.5], [390.0, 373.5], [389.0, 373.5], [388.0, 373.5], [387.5, 374.0], [387.0, 374.5], [386.0, 374.5], [385.5, 375.0], [385.0, 375.5], [384.0, 375.5], [383.5, 376.0], [383.0, 376.5], [382.5, 377.0], [382.0, 377.5], [381.0, 377.5], [380.5, 378.0], [380.0, 378.5], [379.5, 379.0], [379.0, 379.5], [379.0, 379.5]]]}, "properties": {"image": "5dw5qe9ar25eagtrwk72_flip.png", "iceberg_id": 6, "confidence": 0.640714704990387}}, {"type": "Feature", "geometry": {"type": "Polygon", "coordinates": [[[177.0, 415.5], [176.0, 415.5], [175.0, 415.5], [174.0, 415.5], [173.5, 415.0], [173.0, 414.5], [172.5, 414.0], [172.0, 413.5], [171.5, 413.0], [171.0, 412.5], [170.5, 412.0], [170.5, 411.0], [170.5, 410.0], [170.5, 409.0], [170.5, 408.0], [170.5, 407.0], [171.0, 406.5], [171.5, 406.0], [172.0, 405.5], [173.0, 405.5], [174.0, 405.5], [175.0, 405.5], [176.0, 405.5], [177.0, 405.5], [178.0, 405.5], [178.5, 406.0], [179.0, 406.5], [179.5, 407.0], [180.0, 407.5], [180.5, 408.0], [180.5, 409.0], [180.5, 410.0], [180.5, 411.0], [180.5, 412.0], [180.5, 413.0], [180.0, 413.5], [179.5, 414.0], [179.0, 414.5], [178.0, 414.5], [177.5, 415.0], [177.0, 415.5], [177.0, 415.5]]]}, "properties": {"image": "5dw5qe9ar25eagtrwk72_flip.png", "iceberg_id": 7, "confidence": 0.640714704990387}}, {"type": "Feature", "geometry": {"type": "Polygon", "coordinates": [[[346.0, 420.5], [345.0, 420.5], [344.5, 420.0], [344.0, 419.5], [343.5, 419.0], [343.5, 418.0], [343.5, 417.0], [343.5, 416.0], [344.0, 415.5], [345.0, 415.5], [346.0, 415.5], [346.5, 416.0], [347.0, 416.5], [347.5, 417.0], [347.5, 418.0], [347.5, 419.0], [347.0, 419.5], [346.5, 420.0], [346.0, 420.5], [346.0, 420.5]]]}, "properties": {"image": "5dw5qe9ar25eagtrwk72_flip.png", "iceberg_id": 8, "confidence": 0.640714704990387}}, {"type": "Feature", "geometry": {"type": "Polygon", "coordinates": [[[26.0, 442.5], [25.5, 442.0], [25.0, 441.5], [24.5, 442.0], [24.0, 442.5], [23.5, 442.0], [23.0, 441.5], [22.0, 441.5], [21.0, 441.5], [20.0, 441.5], [19.0, 441.5], [18.0, 441.5], [17.5, 441.0], [17.0, 440.5], [16.0, 440.5], [15.5, 440.0], [15.5, 439.0], [15.0, 438.5], [14.5, 438.0], [14.5, 437.0], [14.0, 436.5], [13.5, 436.0], [13.5, 435.0], [13.5, 434.0], [13.5, 433.0], [13.5, 432.0], [13.5, 431.0], [13.5, 430.0], [13.5, 429.0], [13.5, 428.0], [14.0, 427.5], [14.5, 427.0], [14.5, 426.0], [14.5, 425.0], [14.5, 424.0], [14.5, 423.0], [14.5, 422.0], [15.0, 421.5], [15.5, 421.0], [15.5, 420.0], [16.0, 419.5], [16.5, 419.0], [17.0, 418.5], [17.5, 418.0], [18.0, 417.5], [19.0, 417.5], [20.0, 417.5], [21.0, 417.5], [22.0, 417.5], [22.5, 418.0], [23.0, 418.5], [24.0, 418.5], [25.0, 418.5], [25.5, 419.0], [26.0, 419.5], [27.0, 419.5], [27.5, 420.0], [28.0, 420.5], [28.5, 421.0], [29.0, 421.5], [30.0, 421.5], [30.5, 422.0], [31.0, 422.5], [31.5, 423.0], [32.0, 423.5], [33.0, 423.5], [33.5, 424.0], [34.0, 424.5], [35.0, 424.5], [35.5, 425.0], [36.0, 425.5], [36.5, 426.0], [36.5, 427.0], [37.0, 427.5], [37.5, 428.0], [37.5, 429.0], [37.5, 430.0], [37.5, 431.0], [37.5, 432.0], [37.5, 433.0], [37.5, 434.0], [37.5, 435.0], [37.0, 435.5], [36.5, 436.0], [36.5, 437.0], [36.0, 437.5], [35.5, 438.0], [35.5, 439.0], [35.0, 439.5], [34.5, 440.0], [34.0, 440.5], [33.0, 440.5], [32.0, 440.5], [31.5, 441.0], [31.0, 441.5], [30.0, 441.5], [29.0, 441.5], [28.0, 441.5], [27.0, 441.5], [26.5, 442.0], [26.0, 442.5], [26.0, 442.5]]]}, "properties": {"image": "5dw5qe9ar25eagtrwk72_flip.png", "iceberg_id": 9, "confidence": 0.640714704990387}}, {"type": "Feature", "geometry": {"type": "Polygon", "coordinates": [[[622.0, 442.5], [621.5, 442.0], [621.0, 441.5], [620.0, 441.5], [619.5, 441.0], [619.0, 440.5], [618.5, 440.0], [618.0, 439.5], [617.5, 439.0], [617.5, 438.0], [617.0, 437.5], [616.5, 437.0], [616.5, 436.0], [616.5, 435.0], [616.5, 434.0], [616.5, 433.0], [617.0, 432.5], [617.5, 432.0], [617.5, 431.0], [617.5, 430.0], [618.0, 429.5], [618.5, 429.0], [619.0, 428.5], [619.5, 428.0], [620.0, 427.5], [620.5, 427.0], [621.0, 426.5], [621.5, 426.0], [622.0, 425.5], [623.0, 425.5], [624.0, 425.5], [625.0, 425.5], [626.0, 425.5], [627.0, 425.5], [628.0, 425.5], [629.0, 425.5], [630.0, 425.5], [630.5, 426.0], [631.0, 426.5], [631.5, 427.0], [632.0, 427.5], [632.5, 428.0], [632.5, 429.0], [632.5, 430.0], [633.0, 430.5], [633.5, 431.0], [633.0, 431.5], [632.5, 432.0], [632.5, 433.0], [632.5, 434.0], [632.5, 435.0], [632.0, 435.5], [631.5, 436.0], [631.5, 437.0], [631.0, 437.5], [630.5, 438.0], [630.0, 438.5], [629.5, 439.0], [629.0, 439.5], [628.5, 440.0], [628.0, 440.5], [627.0, 440.5], [626.5, 441.0], [626.0, 441.5], [625.0, 441.5], [624.0, 441.5], [623.0, 441.5], [622.5, 442.0], [622.0, 442.5], [622.0, 442.5]]]}, "properties": {"image": "5dw5qe9ar25eagtrwk72_flip.png", "iceberg_id": 10, "confidence": 0.640714704990387}}, {"type": "Feature", "geometry": {"type": "Polygon", "coordinates": [[[346.0, 468.5], [345.0, 468.5], [344.0, 468.5], [343.5, 468.0], [343.5, 467.0], [343.5, 466.0], [344.0, 465.5], [344.5, 465.0], [345.0, 464.5], [345.5, 465.0], [346.0, 465.5], [346.5, 466.0], [347.0, 466.5], [347.5, 467.0], [347.0, 467.5], [346.5, 468.0], [346.0, 468.5], [346.0, 468.5]]]}, "properties": {"image": "5dw5qe9ar25eagtrwk72_flip.png", "iceberg_id": 11, "confidence": 0.640714704990387}}, {"type": "Feature", "geometry": {"type": "Polygon", "coordinates": [[[76.0, 476.5], [75.5, 476.0], [76.0, 475.5], [76.5, 476.0], [76.0, 476.5], [76.0, 476.5]]]}, "properties": {"image": "5dw5qe9ar25eagtrwk72_flip.png", "iceberg_id": 12, "confidence": 0.640714704990387}}, {"type": "Feature", "geometry": {"type": "Polygon", "coordinates": [[[264.0, 480.5], [263.0, 480.5], [262.0, 480.5], [261.5, 480.0], [261.0, 479.5], [260.5, 479.0], [260.5, 478.0], [260.5, 477.0], [261.0, 476.5], [261.5, 476.0], [262.0, 475.5], [262.5, 476.0], [263.0, 476.5], [264.0, 476.5], [264.5, 477.0], [264.5, 478.0], [265.0, 478.5], [265.5, 479.0], [265.0, 479.5], [264.5, 480.0], [264.0, 480.5], [264.0, 480.5]]]}, "properties": {"image": "5dw5qe9ar25eagtrwk72_flip.png", "iceberg_id": 13, "confidence": 0.640714704990387}}, {"type": "Feature", "geometry": {"type": "Polygon", "coordinates": [[[297.0, 481.5], [296.0, 481.5], [295.0, 481.5], [294.0, 481.5], [293.5, 481.0], [293.0, 480.5], [292.5, 480.0], [292.5, 479.0], [292.5, 478.0], [293.0, 477.5], [293.5, 477.0], [294.0, 476.5], [295.0, 476.5], [296.0, 476.5], [296.5, 477.0], [297.0, 477.5], [297.5, 478.0], [297.5, 479.0], [297.5, 480.0], [297.5, 481.0], [297.0, 481.5], [297.0, 481.5]]]}, "properties": {"image": "5dw5qe9ar25eagtrwk72_flip.png", "iceberg_id": 14, "confidence": 0.640714704990387}}, {"type": "Feature", "geometry": {"type": "Polygon", "coordinates": [[[248.0, 480.5], [247.5, 480.0], [247.0, 479.5], [246.5, 479.0], [247.0, 478.5], [247.5, 478.0], [248.0, 477.5], [248.5, 478.0], [248.5, 479.0], [248.5, 480.0], [248.0, 480.5], [248.0, 480.5]]]}, "properties": {"image": "5dw5qe9ar25eagtrwk72_flip.png", "iceberg_id": 15, "confidence": 0.640714704990387}}, {"type": "Feature", "geometry": {"type": "Polygon", "coordinates": [[[17.0, 492.5], [16.0, 492.5], [15.5, 492.0], [15.0, 491.5], [14.5, 491.0], [14.5, 490.0], [14.5, 489.0], [14.0, 488.5], [13.5, 488.0], [14.0, 487.5], [14.5, 487.0], [14.5, 486.0], [14.5, 485.0], [15.0, 484.5], [15.5, 484.0], [16.0, 483.5], [16.5, 484.0], [16.5, 485.0], [17.0, 485.5], [17.5, 486.0], [18.0, 486.5], [18.5, 487.0], [18.5, 488.0], [18.5, 489.0], [18.5, 490.0], [18.5, 491.0], [18.0, 491.5], [17.5, 492.0], [17.0, 492.5], [17.0, 492.5]]]}, "properties": {"image": "5dw5qe9ar25eagtrwk72_flip.png", "iceberg_id": 16, "confidence": 0.640714704990387}}, {"type": "Feature", "geometry": {"type": "Polygon", "coordinates": [[[472.0, 498.5], [471.0, 498.5], [470.0, 498.5], [469.0, 498.5], [468.0, 498.5], [467.5, 498.0], [467.0, 497.5], [466.5, 497.0], [466.0, 496.5], [465.5, 496.0], [465.0, 495.5], [464.5, 495.0], [464.5, 494.0], [464.5, 493.0], [464.5, 492.0], [464.5, 491.0], [465.0, 490.5], [465.5, 490.0], [466.0, 489.5], [466.5, 489.0], [467.0, 488.5], [467.5, 488.0], [468.0, 487.5], [469.0, 487.5], [470.0, 487.5], [471.0, 487.5], [472.0, 487.5], [472.5, 488.0], [473.0, 488.5], [473.5, 489.0], [474.0, 489.5], [474.5, 490.0], [474.5, 491.0], [474.5, 492.0], [474.5, 493.0], [474.5, 494.0], [474.5, 495.0], [474.5, 496.0], [474.0, 496.5], [473.5, 497.0], [473.0, 497.5], [472.5, 498.0], [472.0, 498.5], [472.0, 498.5]]]}, "properties": {"image": "5dw5qe9ar25eagtrwk72_flip.png", "iceberg_id": 17, "confidence": 0.640714704990387}}, {"type": "Feature", "geometry": {"type": "Polygon", "coordinates": [[[526.0, 506.5], [525.0, 506.5], [524.0, 506.5], [523.5, 506.0], [523.0, 505.5], [522.5, 505.0], [522.5, 504.0], [522.5, 503.0], [523.0, 502.5], [523.5, 502.0], [524.0, 501.5], [525.0, 501.5], [526.0, 501.5], [526.5, 502.0], [526.5, 503.0], [526.5, 504.0], [526.5, 505.0], [526.5, 506.0], [526.0, 506.5], [526.0, 506.5]]]}, "properties": {"image": "5dw5qe9ar25eagtrwk72_flip.png", "iceberg_id": 18, "confidence": 0.640714704990387}}, {"type": "Feature", "geometry": {"type": "Polygon", "coordinates": [[[484.0, 545.5], [483.0, 545.5], [482.0, 545.5], [481.0, 545.5], [480.0, 545.5], [479.0, 545.5], [478.0, 545.5], [477.5, 545.0], [477.5, 544.0], [477.0, 543.5], [476.5, 543.0], [476.0, 542.5], [475.5, 542.0], [475.5, 541.0], [475.5, 540.0], [475.5, 539.0], [475.5, 538.0], [475.5, 537.0], [475.5, 536.0], [476.0, 535.5], [476.5, 535.0], [477.0, 534.5], [477.5, 534.0], [478.0, 533.5], [478.5, 533.0], [479.0, 532.5], [480.0, 532.5], [481.0, 532.5], [482.0, 532.5], [483.0, 532.5], [483.5, 533.0], [484.0, 533.5], [485.0, 533.5], [485.5, 534.0], [486.0, 534.5], [486.5, 535.0], [487.0, 535.5], [487.5, 536.0], [487.5, 537.0], [487.5, 538.0], [487.5, 539.0], [487.5, 540.0], [487.5, 541.0], [487.0, 541.5], [486.5, 542.0], [486.5, 543.0], [486.0, 543.5], [485.5, 544.0], [485.0, 544.5], [484.5, 545.0], [484.0, 545.5], [484.0, 545.5]]]}, "properties": {"image": "5dw5qe9ar25eagtrwk72_flip.png", "iceberg_id": 19, "confidence": 0.640714704990387}}, {"type": "Feature", "geometry": {"type": "Polygon", "coordinates": [[[652.0, 543.5], [651.0, 543.5], [650.0, 543.5], [649.0, 543.5], [648.0, 543.5], [647.0, 543.5], [646.0, 543.5], [645.5, 543.0], [645.0, 542.5], [644.0, 542.5], [643.5, 542.0], [643.5, 541.0], [643.5, 540.0], [643.0, 539.5], [642.5, 539.0], [643.0, 538.5], [643.5, 538.0], [643.5, 537.0], [644.0, 536.5], [644.5, 536.0], [645.0, 535.5], [645.5, 535.0], [646.0, 534.5], [647.0, 534.5], [647.5, 534.0], [648.0, 533.5], [649.0, 533.5], [650.0, 533.5], [650.5, 533.0], [651.0, 532.5], [651.5, 533.0], [652.0, 533.5], [653.0, 533.5], [654.0, 533.5], [654.5, 534.0], [654.5, 535.0], [655.0, 535.5], [655.5, 536.0], [655.5, 537.0], [656.0, 537.5], [656.5, 538.0], [656.0, 538.5], [655.5, 539.0], [655.5, 540.0], [655.5, 541.0], [655.0, 541.5], [654.5, 542.0], [654.0, 542.5], [653.0, 542.5], [652.5, 543.0], [652.0, 543.5], [652.0, 543.5]]]}, "properties": {"image": "5dw5qe9ar25eagtrwk72_flip.png", "iceberg_id": 20, "confidence": 0.640714704990387}}, {"type": "Feature", "geometry": {"type": "Polygon", "coordinates": [[[461.0, 547.5], [460.0, 547.5], [459.5, 547.0], [459.0, 546.5], [458.5, 546.0], [458.5, 545.0], [459.0, 544.5], [459.5, 544.0], [460.0, 543.5], [460.5, 544.0], [461.0, 544.5], [461.5, 545.0], [462.0, 545.5], [462.5, 546.0], [462.0, 546.5], [461.5, 547.0], [461.0, 547.5], [461.0, 547.5]]]}, "properties": {"image": "5dw5qe9ar25eagtrwk72_flip.png", "iceberg_id": 21, "confidence": 0.640714704990387}}, {"type": "Feature", "geometry": {"type": "Polygon", "coordinates": [[[611.0, 661.5], [610.0, 661.5], [609.0, 661.5], [608.0, 661.5], [607.0, 661.5], [606.0, 661.5], [605.0, 661.5], [604.0, 661.5], [603.0, 661.5], [602.5, 661.0], [602.0, 660.5], [601.0, 660.5], [600.0, 660.5], [599.5, 660.0], [599.0, 659.5], [598.0, 659.5], [597.0, 659.5], [596.5, 659.0], [596.0, 658.5], [595.0, 658.5], [594.0, 658.5], [593.0, 658.5], [592.0, 658.5], [591.0, 658.5], [590.0, 658.5], [589.0, 658.5], [588.5, 658.0], [588.0, 657.5], [587.0, 657.5], [586.5, 657.0], [586.0, 656.5], [585.0, 656.5], [584.5, 656.0], [584.0, 655.5], [583.5, 655.0], [583.0, 654.5], [582.0, 654.5], [581.5, 654.0], [581.0, 653.5], [580.5, 653.0], [580.0, 652.5], [579.0, 652.5], [578.5, 652.0], [578.0, 651.5], [577.0, 651.5], [576.5, 651.0], [576.0, 650.5], [575.5, 650.0], [575.0, 649.5], [574.5, 649.0], [574.0, 648.5], [573.5, 648.0], [573.0, 647.5], [572.5, 647.0], [572.5, 646.0], [572.0, 645.5], [571.5, 645.0], [571.0, 644.5], [570.5, 644.0], [570.0, 643.5], [569.0, 643.5], [568.5, 643.0], [568.0, 642.5], [567.5, 642.0], [567.0, 641.5], [566.5, 641.0], [566.0, 640.5], [565.5, 640.0], [565.0, 639.5], [564.5, 639.0], [564.0, 638.5], [563.5, 638.0], [563.5, 637.0], [563.0, 636.5], [562.5, 636.0], [562.5, 635.0], [562.5, 634.0], [562.0, 633.5], [561.5, 633.0], [561.5, 632.0], [561.5, 631.0], [561.5, 630.0], [561.0, 629.5], [560.5, 629.0], [560.5, 628.0], [560.0, 627.5], [559.5, 627.0], [559.0, 626.5], [558.5, 626.0], [558.0, 625.5], [557.0, 625.5], [556.5, 625.0], [556.0, 624.5], [555.5, 624.0], [555.0, 623.5], [554.0, 623.5], [553.5, 623.0], [553.5, 622.0], [553.0, 621.5], [552.0, 621.5], [551.5, 621.0], [551.0, 620.5], [550.0, 620.5], [549.0, 620.5], [548.0, 620.5], [547.0, 620.5], [546.0, 620.5], [545.5, 620.0], [545.0, 619.5], [544.0, 619.5], [543.0, 619.5], [542.5, 619.0], [542.0, 618.5], [541.5, 618.0], [541.0, 617.5], [540.0, 617.5], [539.5, 617.0], [539.0, 616.5], [538.0, 616.5], [537.5, 616.0], [537.0, 615.5], [536.0, 615.5], [535.0, 615.5], [534.0, 615.5], [533.0, 615.5], [532.5, 616.0], [532.0, 616.5], [531.0, 616.5], [530.5, 617.0], [530.0, 617.5], [529.0, 617.5], [528.5, 617.0], [528.0, 616.5], [527.5, 616.0], [527.0, 615.5], [526.5, 615.0], [527.0, 614.5], [527.5, 614.0], [527.5, 613.0], [527.5, 612.0], [528.0, 611.5], [528.5, 611.0], [528.5, 610.0], [528.5, 609.0], [529.0, 608.5], [529.5, 608.0], [530.0, 607.5], [530.5, 607.0], [531.0, 606.5], [531.5, 606.0], [532.0, 605.5], [532.5, 605.0], [533.0, 604.5], [534.0, 604.5], [535.0, 604.5], [535.5, 604.0], [536.0, 603.5], [537.0, 603.5], [538.0, 603.5], [539.0, 603.5], [540.0, 603.5], [540.5, 603.0], [541.0, 602.5], [542.0, 602.5], [543.0, 602.5], [543.5, 602.0], [544.0, 601.5], [545.0, 601.5], [545.5, 601.0], [546.0, 600.5], [547.0, 600.5], [548.0, 600.5], [549.0, 600.5], [550.0, 600.5], [550.5, 601.0], [551.0, 601.5], [552.0, 601.5], [553.0, 601.5], [553.5, 602.0], [554.0, 602.5], [555.0, 602.5], [555.5, 603.0], [556.0, 603.5], [556.5, 604.0], [557.0, 604.5], [557.5, 605.0], [558.0, 605.5], [558.5, 606.0], [558.5, 607.0], [558.5, 608.0], [558.5, 609.0], [558.5, 610.0], [558.5, 611.0], [558.5, 612.0], [558.5, 613.0], [558.5, 614.0], [558.5, 615.0], [559.0, 615.5], [559.5, 616.0], [560.0, 616.5], [561.0, 616.5], [562.0, 616.5], [562.5, 617.0], [563.0, 617.5], [564.0, 617.5], [564.5, 617.0], [565.0, 616.5], [566.0, 616.5], [567.0, 616.5], [567.5, 616.0], [568.0, 615.5], [569.0, 615.5], [570.0, 615.5], [570.5, 615.0], [571.0, 614.5], [571.5, 614.0], [572.0, 613.5], [572.5, 613.0], [573.0, 612.5], [573.5, 612.0], [573.5, 611.0], [574.0, 610.5], [574.5, 610.0], [574.5, 609.0], [575.0, 608.5], [575.5, 608.0], [575.5, 607.0], [575.5, 606.0], [575.5, 605.0], [575.5, 604.0], [575.5, 603.0], [575.5, 602.0], [576.0, 601.5], [576.5, 601.0], [576.5, 600.0], [576.5, 599.0], [576.5, 598.0], [576.5, 597.0], [576.5, 596.0], [576.5, 595.0], [577.0, 594.5], [577.5, 594.0], [577.5, 593.0], [577.5, 592.0], [577.5, 591.0], [577.5, 590.0], [577.5, 589.0], [577.5, 588.0], [578.0, 587.5], [578.5, 587.0], [578.5, 586.0], [578.5, 585.0], [578.0, 584.5], [577.5, 584.0], [577.5, 583.0], [577.5, 582.0], [578.0, 581.5], [578.5, 581.0], [578.5, 580.0], [578.5, 579.0], [578.5, 578.0], [578.5, 577.0], [579.0, 576.5], [579.5, 576.0], [579.5, 575.0], [579.5, 574.0], [579.5, 573.0], [579.5, 572.0], [580.0, 571.5], [580.5, 571.0], [580.5, 570.0], [580.5, 569.0], [580.5, 568.0], [580.5, 567.0], [581.0, 566.5], [581.5, 566.0], [581.5, 565.0], [581.5, 564.0], [581.5, 563.0], [582.0, 562.5], [582.5, 562.0], [582.5, 561.0], [583.0, 560.5], [583.5, 560.0], [583.5, 559.0], [583.5, 558.0], [584.0, 557.5], [584.5, 557.0], [584.5, 556.0], [585.0, 555.5], [585.5, 555.0], [585.5, 554.0], [586.0, 553.5], [586.5, 553.0], [586.5, 552.0], [587.0, 551.5], [587.5, 551.0], [587.5, 550.0], [588.0, 549.5], [588.5, 549.0], [589.0, 548.5], [589.5, 548.0], [590.0, 547.5], [590.5, 547.0], [591.0, 546.5], [591.5, 546.0], [592.0, 545.5], [592.5, 545.0], [593.0, 544.5], [593.5, 544.0], [594.0, 543.5], [595.0, 543.5], [596.0, 543.5], [597.0, 543.5], [598.0, 543.5], [599.0, 543.5], [600.0, 543.5], [600.5, 544.0], [601.0, 544.5], [602.0, 544.5], [603.0, 544.5], [603.5, 545.0], [604.0, 545.5], [605.0, 545.5], [606.0, 545.5], [606.5, 546.0], [607.0, 546.5], [608.0, 546.5], [609.0, 546.5], [609.5, 547.0], [610.0, 547.5], [611.0, 547.5], [612.0, 547.5], [612.5, 548.0], [613.0, 548.5], [614.0, 548.5], [615.0, 548.5], [615.5, 549.0], [616.0, 549.5], [617.0, 549.5], [618.0, 549.5], [619.0, 549.5], [620.0, 549.5], [621.0, 549.5], [622.0, 549.5], [623.0, 549.5], [624.0, 549.5], [625.0, 549.5], [626.0, 549.5], [627.0, 549.5], [628.0, 549.5], [629.0, 549.5], [630.0, 549.5], [630.5, 549.0], [631.0, 548.5], [632.0, 548.5], [633.0, 548.5], [634.0, 548.5], [635.0, 548.5], [636.0, 548.5], [637.0, 548.5], [638.0, 548.5], [639.0, 548.5], [639.5, 549.0], [640.0, 549.5], [641.0, 549.5], [642.0, 549.5], [642.5, 550.0], [643.0, 550.5], [644.0, 550.5], [645.0, 550.5], [646.0, 550.5], [646.5, 551.0], [647.0, 551.5], [648.0, 551.5], [648.5, 552.0], [649.0, 552.5], [650.0, 552.5], [651.0, 552.5], [651.5, 553.0], [652.0, 553.5], [652.5, 554.0], [653.0, 554.5], [653.5, 555.0], [654.0, 555.5], [655.0, 555.5], [655.5, 556.0], [655.5, 557.0], [656.0, 557.5], [656.5, 558.0], [657.0, 558.5], [657.5, 559.0], [658.0, 559.5], [658.5, 560.0], [658.5, 561.0], [659.0, 561.5], [659.5, 562.0], [659.5, 563.0], [659.5, 564.0], [660.0, 564.5], [660.5, 565.0], [660.5, 566.0], [660.5, 567.0], [660.5, 568.0], [660.5, 569.0], [660.5, 570.0], [661.0, 570.5], [661.5, 571.0], [661.5, 572.0], [661.5, 573.0], [661.5, 574.0], [661.5, 575.0], [661.5, 576.0], [661.5, 577.0], [661.5, 578.0], [661.5, 579.0], [661.5, 580.0], [661.5, 581.0], [661.5, 582.0], [661.5, 583.0], [661.0, 583.5], [660.5, 584.0], [660.5, 585.0], [660.5, 586.0], [660.5, 587.0], [660.5, 588.0], [660.5, 589.0], [660.5, 590.0], [660.0, 590.5], [659.5, 591.0], [659.5, 592.0], [659.5, 593.0], [659.5, 594.0], [659.5, 595.0], [659.0, 595.5], [658.5, 596.0], [658.5, 597.0], [658.5, 598.0], [658.0, 598.5], [657.5, 599.0], [657.5, 600.0], [657.0, 600.5], [656.5, 601.0], [656.5, 602.0], [656.0, 602.5], [655.5, 603.0], [655.0, 603.5], [654.5, 604.0], [654.5, 605.0], [654.5, 606.0], [654.0, 606.5], [653.5, 607.0], [653.5, 608.0], [653.5, 609.0], [653.0, 609.5], [652.5, 610.0], [652.5, 611.0], [652.5, 612.0], [652.0, 612.5], [651.5, 613.0], [651.5, 614.0], [651.5, 615.0], [651.0, 615.5], [650.5, 616.0], [650.5, 617.0], [650.5, 618.0], [650.0, 618.5], [649.5, 619.0], [649.0, 619.5], [648.5, 620.0], [648.5, 621.0], [648.0, 621.5], [647.5, 622.0], [647.5, 623.0], [647.0, 623.5], [646.5, 624.0], [646.0, 624.5], [645.5, 625.0], [645.0, 625.5], [644.5, 626.0], [644.0, 626.5], [643.5, 627.0], [643.0, 627.5], [642.5, 628.0], [642.0, 628.5], [641.5, 629.0], [641.0, 629.5], [640.5, 630.0], [640.0, 630.5], [639.5, 631.0], [639.0, 631.5], [638.0, 631.5], [637.5, 632.0], [637.0, 632.5], [636.5, 633.0], [636.5, 634.0], [636.0, 634.5], [635.5, 635.0], [635.0, 635.5], [634.5, 636.0], [634.5, 637.0], [634.0, 637.5], [633.5, 638.0], [633.5, 639.0], [633.5, 640.0], [633.0, 640.5], [632.5, 641.0], [632.5, 642.0], [632.0, 642.5], [631.5, 643.0], [631.5, 644.0], [631.5, 645.0], [631.5, 646.0], [631.0, 646.5], [630.5, 647.0], [630.5, 648.0], [630.5, 649.0], [630.5, 650.0], [630.0, 650.5], [629.5, 651.0], [629.5, 652.0], [629.5, 653.0], [629.0, 653.5], [628.5, 654.0], [628.0, 654.5], [627.5, 655.0], [627.5, 656.0], [627.0, 656.5], [626.5, 657.0], [626.0, 657.5], [625.0, 657.5], [624.0, 657.5], [623.0, 657.5], [622.5, 658.0], [622.0, 658.5], [621.5, 658.0], [621.0, 657.5], [620.5, 658.0], [620.0, 658.5], [619.0, 658.5], [618.0, 658.5], [617.5, 659.0], [617.0, 659.5], [616.0, 659.5], [615.0, 659.5], [614.5, 660.0], [614.0, 660.5], [613.0, 660.5], [612.0, 660.5], [611.5, 661.0], [611.0, 661.5], [611.0, 661.5]]]}, "properties": {"image": "5dw5qe9ar25eagtrwk72_flip.png", "iceberg_id": 22, "confidence": 0.640714704990387}}, {"type": "Feature", "geometry": {"type": "Polygon", "coordinates": [[[659.0, 647.5], [658.0, 647.5], [657.0, 647.5], [656.0, 647.5], [655.5, 647.0], [655.0, 646.5], [654.0, 646.5], [653.5, 646.0], [653.0, 645.5], [652.5, 645.0], [652.0, 644.5], [651.5, 644.0], [651.5, 643.0], [651.5, 642.0], [651.0, 641.5], [650.5, 641.0], [650.5, 640.0], [651.0, 639.5], [651.5, 639.0], [651.5, 638.0], [652.0, 637.5], [652.5, 637.0], [653.0, 636.5], [653.5, 636.0], [654.0, 635.5], [655.0, 635.5], [656.0, 635.5], [657.0, 635.5], [658.0, 635.5], [659.0, 635.5], [659.5, 636.0], [659.5, 637.0], [660.0, 637.5], [660.5, 638.0], [660.5, 639.0], [661.0, 639.5], [661.5, 640.0], [661.5, 641.0], [661.5, 642.0], [661.5, 643.0], [661.0, 643.5], [660.5, 644.0], [660.5, 645.0], [660.5, 646.0], [660.0, 646.5], [659.5, 647.0], [659.0, 647.5], [659.0, 647.5]]]}, "properties": {"image": "5dw5qe9ar25eagtrwk72_flip.png", "iceberg_id": 23, "confidence": 0.640714704990387}}, {"type": "Feature", "geometry": {"type": "Polygon", "coordinates": [[[319.0, 661.5], [318.0, 661.5], [317.0, 661.5], [316.0, 661.5], [315.0, 661.5], [314.0, 661.5], [313.0, 661.5], [312.0, 661.5], [311.0, 661.5], [310.0, 661.5], [309.0, 661.5], [308.0, 661.5], [307.0, 661.5], [306.0, 661.5], [305.0, 661.5], [304.0, 661.5], [303.0, 661.5], [302.0, 661.5], [301.0, 661.5], [300.0, 661.5], [299.0, 661.5], [298.0, 661.5], [297.0, 661.5], [296.0, 661.5], [295.0, 661.5], [294.0, 661.5], [293.0, 661.5], [292.0, 661.5], [291.0, 661.5], [290.0, 661.5], [289.0, 661.5], [288.5, 661.0], [288.0, 660.5], [287.0, 660.5], [286.5, 660.0], [286.5, 659.0], [286.0, 658.5], [285.5, 658.0], [285.5, 657.0], [285.5, 656.0], [285.5, 655.0], [285.5, 654.0], [285.5, 653.0], [285.5, 652.0], [285.5, 651.0], [285.5, 650.0], [285.5, 649.0], [286.0, 648.5], [286.5, 648.0], [286.5, 647.0], [287.0, 646.5], [287.5, 646.0], [287.5, 645.0], [287.5, 644.0], [288.0, 643.5], [288.5, 643.0], [289.0, 642.5], [289.5, 642.0], [290.0, 641.5], [291.0, 641.5], [292.0, 641.5], [292.5, 641.0], [293.0, 640.5], [294.0, 640.5], [295.0, 640.5], [295.5, 641.0], [296.0, 641.5], [297.0, 641.5], [298.0, 641.5], [298.5, 642.0], [299.0, 642.5], [300.0, 642.5], [300.5, 643.0], [301.0, 643.5], [302.0, 643.5], [302.5, 644.0], [303.0, 644.5], [304.0, 644.5], [304.5, 645.0], [305.0, 645.5], [306.0, 645.5], [306.5, 646.0], [307.0, 646.5], [308.0, 646.5], [309.0, 646.5], [310.0, 646.5], [311.0, 646.5], [311.5, 646.0], [312.0, 645.5], [312.5, 645.0], [313.0, 644.5], [313.5, 644.0], [314.0, 643.5], [314.5, 643.0], [315.0, 642.5], [316.0, 642.5], [317.0, 642.5], [318.0, 642.5], [319.0, 642.5], [320.0, 642.5], [321.0, 642.5], [322.0, 642.5], [323.0, 642.5], [323.5, 643.0], [324.0, 643.5], [324.5, 644.0], [324.0, 644.5], [323.5, 645.0], [323.0, 645.5], [322.5, 646.0], [322.5, 647.0], [322.5, 648.0], [322.0, 648.5], [321.5, 649.0], [321.5, 650.0], [321.0, 650.5], [320.5, 651.0], [320.5, 652.0], [320.5, 653.0], [320.5, 654.0], [321.0, 654.5], [321.5, 655.0], [321.5, 656.0], [321.5, 657.0], [321.5, 658.0], [321.5, 659.0], [321.0, 659.5], [320.5, 660.0], [320.0, 660.5], [319.5, 661.0], [319.0, 661.5], [319.0, 661.5]]]}, "properties": {"image": "5dw5qe9ar25eagtrwk72_flip.png", "iceberg_id": 24, "confidence": 0.640714704990387}}, {"type": "Feature", "geometry": {"type": "Polygon", "coordinates": [[[350.0, 661.5], [349.0, 661.5], [348.0, 661.5], [347.0, 661.5], [346.0, 661.5], [345.0, 661.5], [344.0, 661.5], [343.0, 661.5], [342.0, 661.5], [341.0, 661.5], [340.0, 661.5], [339.0, 661.5], [338.0, 661.5], [337.0, 661.5], [336.0, 661.5], [335.0, 661.5], [334.5, 661.0], [334.0, 660.5], [333.0, 660.5], [332.5, 660.0], [332.0, 659.5], [331.5, 659.0], [331.5, 658.0], [331.0, 657.5], [330.5, 657.0], [330.5, 656.0], [330.5, 655.0], [330.5, 654.0], [330.5, 653.0], [331.0, 652.5], [331.5, 652.0], [331.5, 651.0], [331.5, 650.0], [331.5, 649.0], [332.0, 648.5], [332.5, 648.0], [332.5, 647.0], [332.5, 646.0], [333.0, 645.5], [333.5, 645.0], [333.5, 644.0], [334.0, 643.5], [334.5, 643.0], [335.0, 642.5], [335.5, 642.0], [336.0, 641.5], [337.0, 641.5], [337.5, 641.0], [338.0, 640.5], [339.0, 640.5], [340.0, 640.5], [341.0, 640.5], [342.0, 640.5], [342.5, 641.0], [343.0, 641.5], [344.0, 641.5], [344.5, 642.0], [345.0, 642.5], [345.5, 643.0], [346.0, 643.5], [346.5, 644.0], [347.0, 644.5], [347.5, 645.0], [348.0, 645.5], [348.5, 646.0], [349.0, 646.5], [349.5, 647.0], [350.0, 647.5], [351.0, 647.5], [351.5, 648.0], [352.0, 648.5], [352.5, 649.0], [353.0, 649.5], [353.5, 650.0], [354.0, 650.5], [354.5, 651.0], [354.5, 652.0], [355.0, 652.5], [355.5, 653.0], [355.5, 654.0], [355.5, 655.0], [355.5, 656.0], [355.0, 656.5], [354.5, 657.0], [354.5, 658.0], [354.0, 658.5], [353.5, 659.0], [353.0, 659.5], [352.5, 660.0], [352.0, 660.5], [351.0, 660.5], [350.5, 661.0], [350.0, 661.5], [350.0, 661.5]]]}, "properties": {"image": "5dw5qe9ar25eagtrwk72_flip.png", "iceberg_id": 25, "confidence": 0.640714704990387}}, {"type": "Feature", "geometry": {"type": "Polygon", "coordinates": [[[8.0, 48.5], [7.0, 48.5], [6.0, 48.5], [5.0, 48.5], [4.5, 48.0], [4.5, 47.0], [5.0, 46.5], [5.5, 46.0], [6.0, 45.5], [6.5, 46.0], [7.0, 46.5], [8.0, 46.5], [8.5, 47.0], [8.5, 48.0], [8.0, 48.5], [8.0, 48.5]]]}, "properties": {"image": "5zq7pjmjjr3shetc9lr9_al_4_si_4_af_20.png", "iceberg_id": 0, "confidence": 0.6407288312911987}}, {"type": "Feature", "geometry": {"type": "Polygon", "coordinates": [[[47.0, 81.5], [46.0, 81.5], [45.0, 81.5], [44.0, 81.5], [43.5, 81.0], [43.0, 80.5], [42.0, 80.5], [41.5, 80.0], [41.0, 79.5], [40.5, 79.0], [40.0, 78.5], [39.5, 78.0], [40.0, 77.5], [41.0, 77.5], [42.0, 77.5], [43.0, 77.5], [44.0, 77.5], [45.0, 77.5], [46.0, 77.5], [46.5, 78.0], [47.0, 78.5], [48.0, 78.5], [48.5, 79.0], [48.5, 80.0], [48.0, 80.5], [47.5, 81.0], [47.0, 81.5], [47.0, 81.5]]]}, "properties": {"image": "5zq7pjmjjr3shetc9lr9_al_4_si_4_af_20.png", "iceberg_id": 1, "confidence": 0.6407288312911987}}, {"type": "Feature", "geometry": {"type": "Polygon", "coordinates": [[[125.0, 119.5], [124.0, 119.5], [123.0, 119.5], [122.0, 119.5], [121.5, 119.0], [121.5, 118.0], [121.5, 117.0], [121.5, 116.0], [121.0, 115.5], [120.5, 115.0], [120.5, 114.0], [120.5, 113.0], [120.5, 112.0], [120.0, 111.5], [119.5, 111.0], [119.5, 110.0], [119.5, 109.0], [119.5, 108.0], [119.5, 107.0], [119.5, 106.0], [119.0, 105.5], [118.5, 105.0], [119.0, 104.5], [119.5, 104.0], [119.5, 103.0], [119.5, 102.0], [119.5, 101.0], [119.5, 100.0], [120.0, 99.5], [120.5, 99.0], [121.0, 98.5], [121.5, 98.0], [122.0, 97.5], [122.5, 97.0], [123.0, 96.5], [123.5, 96.0], [124.0, 95.5], [124.5, 96.0], [125.0, 96.5], [125.5, 96.0], [126.0, 95.5], [126.5, 96.0], [127.0, 96.5], [128.0, 96.5], [128.5, 97.0], [129.0, 97.5], [129.5, 98.0], [130.0, 98.5], [130.5, 99.0], [131.0, 99.5], [131.5, 100.0], [131.5, 101.0], [132.0, 101.5], [132.5, 102.0], [132.5, 103.0], [132.5, 104.0], [132.5, 105.0], [132.5, 106.0], [132.5, 107.0], [132.5, 108.0], [132.0, 108.5], [131.5, 109.0], [131.5, 110.0], [131.5, 111.0], [131.0, 111.5], [130.5, 112.0], [130.5, 113.0], [130.0, 113.5], [129.5, 114.0], [129.5, 115.0], [129.0, 115.5], [128.5, 116.0], [128.0, 116.5], [127.5, 117.0], [127.0, 117.5], [126.5, 118.0], [126.0, 118.5], [125.5, 119.0], [125.0, 119.5], [125.0, 119.5]]]}, "properties": {"image": "5zq7pjmjjr3shetc9lr9_al_4_si_4_af_20.png", "iceberg_id": 2, "confidence": 0.6407288312911987}}, {"type": "Feature", "geometry": {"type": "Polygon", "coordinates": [[[22.0, 178.5], [21.0, 178.5], [20.0, 178.5], [19.5, 178.0], [19.0, 177.5], [18.5, 177.0], [18.5, 176.0], [18.0, 175.5], [17.5, 175.0], [17.5, 174.0], [17.0, 173.5], [16.5, 173.0], [16.5, 172.0], [16.5, 171.0], [16.0, 170.5], [15.5, 170.0], [15.5, 169.0], [15.5, 168.0], [15.5, 167.0], [15.0, 166.5], [14.5, 166.0], [14.5, 165.0], [14.5, 164.0], [14.5, 163.0], [14.5, 162.0], [14.0, 161.5], [13.5, 161.0], [13.5, 160.0], [13.5, 159.0], [13.5, 158.0], [13.5, 157.0], [13.0, 156.5], [12.5, 156.0], [12.5, 155.0], [12.5, 154.0], [12.5, 153.0], [12.5, 152.0], [12.5, 151.0], [12.0, 150.5], [11.5, 150.0], [11.5, 149.0], [11.5, 148.0], [11.5, 147.0], [11.5, 146.0], [11.5, 145.0], [11.5, 144.0], [11.0, 143.5], [10.5, 143.0], [10.5, 142.0], [10.5, 141.0], [10.5, 140.0], [10.5, 139.0], [10.5, 138.0], [10.0, 137.5], [9.5, 137.0], [9.5, 136.0], [9.5, 135.0], [9.5, 134.0], [9.5, 133.0], [9.5, 132.0], [9.0, 131.5], [8.5, 131.0], [8.5, 130.0], [8.5, 129.0], [8.5, 128.0], [8.0, 127.5], [7.5, 127.0], [7.5, 126.0], [7.5, 125.0], [7.5, 124.0], [7.0, 123.5], [6.5, 123.0], [6.5, 122.0], [6.5, 121.0], [6.5, 120.0], [6.5, 119.0], [6.0, 118.5], [5.5, 118.0], [5.5, 117.0], [5.5, 116.0], [5.5, 115.0], [5.5, 114.0], [5.5, 113.0], [6.0, 112.5], [7.0, 112.5], [8.0, 112.5], [9.0, 112.5], [9.5, 113.0], [10.0, 113.5], [11.0, 113.5], [11.5, 114.0], [12.0, 114.5], [13.0, 114.5], [13.5, 115.0], [14.0, 115.5], [14.5, 116.0], [15.0, 116.5], [15.5, 117.0], [16.0, 117.5], [17.0, 117.5], [17.5, 118.0], [18.0, 118.5], [18.5, 119.0], [19.0, 119.5], [20.0, 119.5], [20.5, 120.0], [21.0, 120.5], [21.5, 121.0], [22.0, 121.5], [22.5, 122.0], [23.0, 122.5], [23.5, 123.0], [24.0, 123.5], [24.5, 124.0], [25.0, 124.5], [25.5, 125.0], [26.0, 125.5], [26.5, 126.0], [27.0, 126.5], [27.5, 127.0], [28.0, 127.5], [28.5, 128.0], [29.0, 128.5], [29.5, 129.0], [30.0, 129.5], [30.5, 130.0], [31.0, 130.5], [31.5, 131.0], [32.0, 131.5], [32.5, 132.0], [33.0, 132.5], [33.5, 133.0], [34.0, 133.5], [34.5, 134.0], [34.5, 135.0], [35.0, 135.5], [35.5, 136.0], [35.5, 137.0], [36.0, 137.5], [36.5, 138.0], [36.5, 139.0], [36.5, 140.0], [37.0, 140.5], [37.5, 141.0], [37.5, 142.0], [37.5, 143.0], [37.5, 144.0], [37.5, 145.0], [37.5, 146.0], [37.5, 147.0], [37.5, 148.0], [37.5, 149.0], [38.0, 149.5], [38.5, 150.0], [38.5, 151.0], [38.5, 152.0], [38.5, 153.0], [38.5, 154.0], [38.5, 155.0], [38.5, 156.0], [38.0, 156.5], [37.5, 157.0], [37.5, 158.0], [37.5, 159.0], [37.5, 160.0], [37.5, 161.0], [37.5, 162.0], [37.5, 163.0], [37.5, 164.0], [37.5, 165.0], [37.0, 165.5], [36.5, 166.0], [36.5, 167.0], [36.0, 167.5], [35.5, 168.0], [35.5, 169.0], [35.0, 169.5], [34.0, 169.5], [33.5, 170.0], [33.0, 170.5], [32.5, 171.0], [32.0, 171.5], [31.0, 171.5], [30.5, 172.0], [30.0, 172.5], [29.5, 173.0], [29.0, 173.5], [28.5, 174.0], [28.0, 174.5], [27.5, 175.0], [27.0, 175.5], [26.0, 175.5], [25.5, 176.0], [25.0, 176.5], [24.5, 177.0], [24.0, 177.5], [23.0, 177.5], [22.5, 178.0], [22.0, 178.5], [22.0, 178.5]]]}, "properties": {"image": "5zq7pjmjjr3shetc9lr9_al_4_si_4_af_20.png", "iceberg_id": 3, "confidence": 0.6407288312911987}}, {"type": "Feature", "geometry": {"type": "Polygon", "coordinates": [[[395.0, 176.5], [394.0, 176.5], [393.0, 176.5], [392.0, 176.5], [391.0, 176.5], [390.0, 176.5], [389.5, 176.0], [389.0, 175.5], [388.0, 175.5], [387.5, 175.0], [387.0, 174.5], [386.0, 174.5], [385.5, 174.0], [385.0, 173.5], [384.5, 173.0], [384.0, 172.5], [383.0, 172.5], [382.5, 172.0], [382.0, 171.5], [381.5, 171.0], [381.0, 170.5], [380.5, 170.0], [380.0, 169.5], [379.5, 169.0], [379.0, 168.5], [378.5, 168.0], [378.0, 167.5], [377.5, 167.0], [377.0, 166.5], [376.5, 166.0], [376.5, 165.0], [376.0, 164.5], [375.5, 164.0], [375.5, 163.0], [375.5, 162.0], [375.5, 161.0], [375.5, 160.0], [375.5, 159.0], [375.5, 158.0], [375.5, 157.0], [376.0, 156.5], [376.5, 156.0], [377.0, 155.5], [377.5, 155.0], [378.0, 154.5], [379.0, 154.5], [379.5, 154.0], [380.0, 153.5], [380.5, 154.0], [381.0, 154.5], [382.0, 154.5], [383.0, 154.5], [383.5, 155.0], [384.0, 155.5], [385.0, 155.5], [386.0, 155.5], [386.5, 156.0], [387.0, 156.5], [388.0, 156.5], [389.0, 156.5], [389.5, 157.0], [390.0, 157.5], [390.5, 158.0], [391.0, 158.5], [392.0, 158.5], [392.5, 159.0], [393.0, 159.5], [394.0, 159.5], [394.5, 160.0], [395.0, 160.5], [395.5, 161.0], [396.0, 161.5], [396.5, 162.0], [396.5, 163.0], [397.0, 163.5], [397.5, 164.0], [398.0, 164.5], [398.5, 165.0], [398.5, 166.0], [399.0, 166.5], [399.5, 167.0], [399.5, 168.0], [399.5, 169.0], [399.5, 170.0], [399.5, 171.0], [399.5, 172.0], [399.0, 172.5], [398.5, 173.0], [398.5, 174.0], [398.0, 174.5], [397.5, 175.0], [397.0, 175.5], [396.0, 175.5], [395.5, 176.0], [395.0, 176.5], [395.0, 176.5]]]}, "properties": {"image": "5zq7pjmjjr3shetc9lr9_al_4_si_4_af_20.png", "iceberg_id": 4, "confidence": 0.6407288312911987}}, {"type": "Feature", "geometry": {"type": "Polygon", "coordinates": [[[510.0, 204.5], [509.0, 204.5], [508.0, 204.5], [507.0, 204.5], [506.0, 204.5], [505.0, 204.5], [504.0, 204.5], [503.0, 204.5], [502.0, 204.5], [501.5, 204.0], [501.0, 203.5], [500.0, 203.5], [499.5, 203.0], [499.0, 202.5], [498.5, 202.0], [498.5, 201.0], [499.0, 200.5], [500.0, 200.5], [501.0, 200.5], [501.5, 200.0], [502.0, 199.5], [503.0, 199.5], [504.0, 199.5], [505.0, 199.5], [506.0, 199.5], [506.5, 200.0], [507.0, 200.5], [508.0, 200.5], [509.0, 200.5], [509.5, 201.0], [510.0, 201.5], [511.0, 201.5], [511.5, 202.0], [511.5, 203.0], [511.0, 203.5], [510.5, 204.0], [510.0, 204.5], [510.0, 204.5]]]}, "properties": {"image": "5zq7pjmjjr3shetc9lr9_al_4_si_4_af_20.png", "iceberg_id": 5, "confidence": 0.6407288312911987}}, {"type": "Feature", "geometry": {"type": "Polygon", "coordinates": [[[650.0, 234.5], [649.0, 234.5], [648.0, 234.5], [647.0, 234.5], [646.0, 234.5], [645.5, 234.0], [646.0, 233.5], [646.5, 233.0], [647.0, 232.5], [648.0, 232.5], [649.0, 232.5], [650.0, 232.5], [650.5, 233.0], [650.5, 234.0], [650.0, 234.5], [650.0, 234.5]]]}, "properties": {"image": "5zq7pjmjjr3shetc9lr9_al_4_si_4_af_20.png", "iceberg_id": 6, "confidence": 0.6407288312911987}}, {"type": "Feature", "geometry": {"type": "Polygon", "coordinates": [[[148.0, 332.5], [147.0, 332.5], [146.0, 332.5], [145.5, 332.0], [145.0, 331.5], [144.5, 331.0], [144.0, 330.5], [143.5, 330.0], [143.0, 329.5], [142.5, 329.0], [142.5, 328.0], [142.5, 327.0], [142.5, 326.0], [143.0, 325.5], [144.0, 325.5], [144.5, 325.0], [145.0, 324.5], [146.0, 324.5], [147.0, 324.5], [147.5, 325.0], [148.0, 325.5], [148.5, 326.0], [149.0, 326.5], [149.5, 327.0], [150.0, 327.5], [150.5, 328.0], [150.5, 329.0], [150.5, 330.0], [150.0, 330.5], [149.5, 331.0], [149.0, 331.5], [148.5, 332.0], [148.0, 332.5], [148.0, 332.5]]]}, "properties": {"image": "5zq7pjmjjr3shetc9lr9_al_4_si_4_af_20.png", "iceberg_id": 7, "confidence": 0.6407288312911987}}, {"type": "Feature", "geometry": {"type": "Polygon", "coordinates": [[[201.0, 387.5], [200.0, 387.5], [199.0, 387.5], [198.0, 387.5], [197.0, 387.5], [196.5, 387.0], [196.0, 386.5], [195.0, 386.5], [194.0, 386.5], [193.5, 386.0], [193.0, 385.5], [192.0, 385.5], [191.5, 385.0], [191.0, 384.5], [190.5, 384.0], [190.0, 383.5], [189.5, 383.0], [189.0, 382.5], [188.5, 382.0], [188.0, 381.5], [187.5, 381.0], [187.5, 380.0], [187.0, 379.5], [186.5, 379.0], [186.5, 378.0], [186.0, 377.5], [185.5, 377.0], [185.5, 376.0], [185.0, 375.5], [184.5, 375.0], [184.5, 374.0], [184.5, 373.0], [184.5, 372.0], [185.0, 371.5], [185.5, 371.0], [186.0, 370.5], [187.0, 370.5], [188.0, 370.5], [189.0, 370.5], [190.0, 370.5], [190.5, 371.0], [191.0, 371.5], [192.0, 371.5], [193.0, 371.5], [194.0, 371.5], [194.5, 372.0], [195.0, 372.5], [196.0, 372.5], [196.5, 373.0], [197.0, 373.5], [198.0, 373.5], [198.5, 374.0], [199.0, 374.5], [200.0, 374.5], [200.5, 375.0], [201.0, 375.5], [201.5, 376.0], [202.0, 376.5], [203.0, 376.5], [203.5, 377.0], [204.0, 377.5], [204.5, 378.0], [205.0, 378.5], [206.0, 378.5], [206.5, 379.0], [207.0, 379.5], [207.5, 380.0], [207.5, 381.0], [208.0, 381.5], [208.5, 382.0], [208.5, 383.0], [208.5, 384.0], [208.0, 384.5], [207.5, 385.0], [207.0, 385.5], [206.5, 386.0], [206.0, 386.5], [205.0, 386.5], [204.0, 386.5], [203.0, 386.5], [202.0, 386.5], [201.5, 387.0], [201.0, 387.5], [201.0, 387.5]]]}, "properties": {"image": "5zq7pjmjjr3shetc9lr9_al_4_si_4_af_20.png", "iceberg_id": 8, "confidence": 0.6407288312911987}}, {"type": "Feature", "geometry": {"type": "Polygon", "coordinates": [[[173.0, 399.5], [172.0, 399.5], [171.0, 399.5], [170.5, 399.0], [170.0, 398.5], [169.5, 398.0], [169.0, 397.5], [168.5, 397.0], [169.0, 396.5], [169.5, 396.0], [169.5, 395.0], [169.5, 394.0], [170.0, 393.5], [171.0, 393.5], [172.0, 393.5], [173.0, 393.5], [174.0, 393.5], [174.5, 394.0], [175.0, 394.5], [175.5, 395.0], [176.0, 395.5], [176.5, 396.0], [176.0, 396.5], [175.5, 397.0], [175.5, 398.0], [175.0, 398.5], [174.0, 398.5], [173.5, 399.0], [173.0, 399.5], [173.0, 399.5]]]}, "properties": {"image": "5zq7pjmjjr3shetc9lr9_al_4_si_4_af_20.png", "iceberg_id": 9, "confidence": 0.6407288312911987}}, {"type": "Feature", "geometry": {"type": "Polygon", "coordinates": [[[220.0, 638.5], [219.0, 638.5], [218.0, 638.5], [217.5, 638.0], [217.0, 637.5], [216.5, 637.0], [217.0, 636.5], [217.5, 636.0], [218.0, 635.5], [218.5, 636.0], [219.0, 636.5], [220.0, 636.5], [220.5, 637.0], [220.5, 638.0], [220.0, 638.5], [220.0, 638.5]]]}, "properties": {"image": "5zq7pjmjjr3shetc9lr9_al_4_si_4_af_20.png", "iceberg_id": 10, "confidence": 0.6407288312911987}}, {"type": "Feature", "geometry": {"type": "Polygon", "coordinates": [[[107.0, 154.5], [106.0, 154.5], [105.5, 154.0], [105.0, 153.5], [104.5, 153.0], [104.5, 152.0], [104.5, 151.0], [105.0, 150.5], [105.5, 150.0], [106.0, 149.5], [106.5, 149.0], [107.0, 148.5], [107.5, 149.0], [108.0, 149.5], [108.5, 150.0], [109.0, 150.5], [109.5, 151.0], [109.5, 152.0], [109.0, 152.5], [108.5, 153.0], [108.0, 153.5], [107.5, 154.0], [107.0, 154.5], [107.0, 154.5]]]}, "properties": {"image": "5zq7pjmjjr3shetc9lr9_al_4_si_5_af_10.png", "iceberg_id": 0, "confidence": 0.6407027244567871}}, {"type": "Feature", "geometry": {"type": "Polygon", "coordinates": [[[358.0, 182.5], [357.0, 182.5], [356.5, 182.0], [356.0, 181.5], [355.0, 181.5], [354.0, 181.5], [353.5, 181.0], [353.0, 180.5], [352.5, 180.0], [352.0, 179.5], [351.5, 179.0], [351.5, 178.0], [351.0, 177.5], [350.5, 177.0], [350.5, 176.0], [350.5, 175.0], [350.5, 174.0], [351.0, 173.5], [351.5, 173.0], [351.5, 172.0], [351.5, 171.0], [352.0, 170.5], [352.5, 170.0], [352.5, 169.0], [353.0, 168.5], [353.5, 168.0], [354.0, 167.5], [354.5, 167.0], [355.0, 166.5], [356.0, 166.5], [356.5, 166.0], [357.0, 165.5], [358.0, 165.5], [359.0, 165.5], [359.5, 165.0], [360.0, 164.5], [361.0, 164.5], [362.0, 164.5], [362.5, 165.0], [363.0, 165.5], [364.0, 165.5], [364.5, 166.0], [364.5, 167.0], [365.0, 167.5], [365.5, 168.0], [365.5, 169.0], [365.5, 170.0], [365.5, 171.0], [365.5, 172.0], [365.5, 173.0], [365.5, 174.0], [365.0, 174.5], [364.5, 175.0], [364.5, 176.0], [364.0, 176.5], [363.5, 177.0], [363.5, 178.0], [363.0, 178.5], [362.5, 179.0], [362.0, 179.5], [361.5, 180.0], [361.5, 181.0], [361.0, 181.5], [360.0, 181.5], [359.0, 181.5], [358.5, 182.0], [358.0, 182.5], [358.0, 182.5]]]}, "properties": {"image": "5zq7pjmjjr3shetc9lr9_al_4_si_5_af_10.png", "iceberg_id": 1, "confidence": 0.6407027244567871}}, {"type": "Feature", "geometry": {"type": "Polygon", "coordinates": [[[176.0, 196.5], [175.5, 196.0], [175.0, 195.5], [174.5, 195.0], [174.0, 194.5], [173.5, 194.0], [173.0, 193.5], [172.5, 193.0], [172.5, 192.0], [172.5, 191.0], [172.0, 190.5], [171.5, 190.0], [172.0, 189.5], [172.5, 189.0], [172.5, 188.0], [173.0, 187.5], [173.5, 187.0], [174.0, 186.5], [174.5, 186.0], [175.0, 185.5], [176.0, 185.5], [176.5, 185.0], [177.0, 184.5], [177.5, 184.0], [178.0, 183.5], [179.0, 183.5], [180.0, 183.5], [181.0, 183.5], [182.0, 183.5], [183.0, 183.5], [184.0, 183.5], [184.5, 184.0], [184.5, 185.0], [184.5, 186.0], [184.5, 187.0], [184.5, 188.0], [184.0, 188.5], [183.5, 189.0], [183.0, 189.5], [182.5, 190.0], [182.5, 191.0], [182.0, 191.5], [181.5, 192.0], [181.0, 192.5], [180.5, 193.0], [180.0, 193.5], [179.5, 194.0], [179.0, 194.5], [178.5, 195.0], [178.0, 195.5], [177.0, 195.5], [176.5, 196.0], [176.0, 196.5], [176.0, 196.5]]]}, "properties": {"image": "5zq7pjmjjr3shetc9lr9_al_4_si_5_af_10.png", "iceberg_id": 2, "confidence": 0.6407027244567871}}, {"type": "Feature", "geometry": {"type": "Polygon", "coordinates": [[[129.0, 193.5], [128.5, 193.0], [128.0, 192.5], [127.5, 192.0], [127.0, 191.5], [126.5, 191.0], [127.0, 190.5], [127.5, 190.0], [128.0, 189.5], [129.0, 189.5], [130.0, 189.5], [131.0, 189.5], [132.0, 189.5], [132.5, 190.0], [132.5, 191.0], [132.0, 191.5], [131.5, 192.0], [131.0, 192.5], [130.0, 192.5], [129.5, 193.0], [129.0, 193.5], [129.0, 193.5]]]}, "properties": {"image": "5zq7pjmjjr3shetc9lr9_al_4_si_5_af_10.png", "iceberg_id": 3, "confidence": 0.6407027244567871}}, {"type": "Feature", "geometry": {"type": "Polygon", "coordinates": [[[420.0, 202.5], [419.0, 202.5], [418.0, 202.5], [417.0, 202.5], [416.0, 202.5], [415.5, 202.0], [415.0, 201.5], [414.5, 201.0], [414.0, 200.5], [413.5, 200.0], [413.5, 199.0], [413.5, 198.0], [414.0, 197.5], [414.5, 197.0], [414.5, 196.0], [415.0, 195.5], [416.0, 195.5], [417.0, 195.5], [418.0, 195.5], [419.0, 195.5], [419.5, 196.0], [420.0, 196.5], [420.5, 197.0], [421.0, 197.5], [421.5, 198.0], [421.5, 199.0], [421.5, 200.0], [421.5, 201.0], [421.0, 201.5], [420.5, 202.0], [420.0, 202.5], [420.0, 202.5]]]}, "properties": {"image": "5zq7pjmjjr3shetc9lr9_al_4_si_5_af_10.png", "iceberg_id": 4, "confidence": 0.6407027244567871}}, {"type": "Feature", "geometry": {"type": "Polygon", "coordinates": [[[548.0, 240.5], [547.0, 240.5], [546.0, 240.5], [545.0, 240.5], [544.0, 240.5], [543.5, 240.0], [543.0, 239.5], [542.0, 239.5], [541.5, 239.0], [541.0, 238.5], [540.5, 238.0], [540.0, 237.5], [539.5, 237.0], [539.0, 236.5], [538.5, 236.0], [538.0, 235.5], [537.5, 235.0], [537.5, 234.0], [537.0, 233.5], [536.5, 233.0], [536.5, 232.0], [536.0, 231.5], [535.5, 231.0], [535.5, 230.0], [535.0, 229.5], [534.5, 229.0], [534.5, 228.0], [534.0, 227.5], [533.5, 227.0], [533.5, 226.0], [533.0, 225.5], [532.0, 225.5], [531.5, 225.0], [531.0, 224.5], [530.0, 224.5], [529.5, 224.0], [529.0, 223.5], [528.5, 224.0], [528.0, 224.5], [527.5, 224.0], [527.0, 223.5], [526.0, 223.5], [525.5, 223.0], [525.5, 222.0], [525.5, 221.0], [526.0, 220.5], [526.5, 220.0], [527.0, 219.5], [527.5, 219.0], [527.5, 218.0], [528.0, 217.5], [529.0, 217.5], [529.5, 217.0], [530.0, 216.5], [531.0, 216.5], [531.5, 216.0], [532.0, 215.5], [533.0, 215.5], [534.0, 215.5], [534.5, 215.0], [535.0, 214.5], [536.0, 214.5], [537.0, 214.5], [537.5, 214.0], [538.0, 213.5], [539.0, 213.5], [540.0, 213.5], [541.0, 213.5], [542.0, 213.5], [543.0, 213.5], [543.5, 213.0], [544.0, 212.5], [545.0, 212.5], [546.0, 212.5], [547.0, 212.5], [547.5, 212.0], [548.0, 211.5], [549.0, 211.5], [550.0, 211.5], [551.0, 211.5], [551.5, 211.0], [552.0, 210.5], [553.0, 210.5], [554.0, 210.5], [555.0, 210.5], [555.5, 211.0], [556.0, 211.5], [557.0, 211.5], [558.0, 211.5], [559.0, 211.5], [560.0, 211.5], [561.0, 211.5], [562.0, 211.5], [563.0, 211.5], [564.0, 211.5], [564.5, 212.0], [565.0, 212.5], [565.5, 212.0], [566.0, 211.5], [566.5, 212.0], [567.0, 212.5], [568.0, 212.5], [569.0, 212.5], [569.5, 213.0], [570.0, 213.5], [571.0, 213.5], [571.5, 214.0], [572.0, 214.5], [572.5, 215.0], [573.0, 215.5], [573.5, 216.0], [573.5, 217.0], [573.5, 218.0], [573.5, 219.0], [573.0, 219.5], [572.5, 220.0], [572.5, 221.0], [572.5, 222.0], [572.0, 222.5], [571.5, 223.0], [571.5, 224.0], [571.5, 225.0], [571.0, 225.5], [570.5, 226.0], [570.5, 227.0], [570.5, 228.0], [570.0, 228.5], [569.5, 229.0], [569.0, 229.5], [568.5, 230.0], [568.5, 231.0], [568.0, 231.5], [567.0, 231.5], [566.5, 232.0], [566.0, 232.5], [565.5, 233.0], [565.0, 233.5], [564.0, 233.5], [563.0, 233.5], [562.5, 234.0], [562.0, 234.5], [561.0, 234.5], [560.0, 234.5], [559.5, 235.0], [559.0, 235.5], [558.0, 235.5], [557.0, 235.5], [556.5, 236.0], [556.0, 236.5], [555.0, 236.5], [554.5, 237.0], [554.0, 237.5], [553.0, 237.5], [552.5, 238.0], [552.0, 238.5], [551.0, 238.5], [550.5, 239.0], [550.0, 239.5], [549.0, 239.5], [548.5, 240.0], [548.0, 240.5], [548.0, 240.5]]]}, "properties": {"image": "5zq7pjmjjr3shetc9lr9_al_4_si_5_af_10.png", "iceberg_id": 5, "confidence": 0.6407027244567871}}, {"type": "Feature", "geometry": {"type": "Polygon", "coordinates": [[[0.0, 225.5], [1.0, 225.5], [2.0, 225.5], [2.5, 226.0], [2.5, 227.0], [3.0, 227.5], [3.5, 228.0], [3.5, 229.0], [3.5, 230.0], [3.5, 231.0], [4.0, 231.5], [4.5, 232.0], [4.5, 233.0], [4.5, 234.0], [4.5, 235.0], [4.5, 236.0], [4.5, 237.0], [5.0, 237.5], [5.5, 238.0], [5.5, 239.0], [5.5, 240.0], [5.5, 241.0], [5.5, 242.0], [5.5, 243.0], [6.0, 243.5], [6.5, 244.0], [6.5, 245.0], [6.5, 246.0], [6.5, 247.0], [6.5, 248.0], [7.0, 248.5], [7.5, 249.0], [7.5, 250.0], [7.5, 251.0], [7.5, 252.0], [7.5, 253.0], [8.0, 253.5], [8.5, 254.0], [8.5, 255.0], [8.5, 256.0], [8.5, 257.0], [8.5, 258.0], [9.0, 258.5], [9.5, 259.0], [9.5, 260.0], [9.5, 261.0], [9.5, 262.0], [9.5, 263.0], [9.5, 264.0], [9.5, 265.0], [10.0, 265.5], [10.5, 266.0], [10.5, 267.0], [10.5, 268.0], [10.5, 269.0], [10.5, 270.0], [10.5, 271.0], [11.0, 271.5], [11.5, 272.0], [11.5, 273.0], [11.5, 274.0], [11.5, 275.0], [11.5, 276.0], [11.5, 277.0], [11.5, 278.0], [11.5, 279.0], [12.0, 279.5], [12.5, 280.0], [12.5, 281.0], [12.5, 282.0], [12.5, 283.0], [12.5, 284.0], [12.5, 285.0], [12.5, 286.0], [12.5, 287.0], [12.5, 288.0], [12.5, 289.0], [12.5, 290.0], [12.5, 291.0], [12.5, 292.0], [12.5, 293.0], [12.5, 294.0], [12.5, 295.0], [12.5, 296.0], [12.5, 297.0], [12.5, 298.0], [12.5, 299.0], [12.5, 300.0], [12.5, 301.0], [12.0, 301.5], [11.0, 301.5], [10.5, 301.0], [10.0, 300.5], [9.5, 300.0], [9.0, 299.5], [8.5, 299.0], [8.0, 298.5], [7.5, 298.0], [7.5, 297.0], [7.0, 296.5], [6.5, 296.0], [6.0, 295.5], [5.5, 295.0], [5.5, 294.0], [5.0, 293.5], [4.5, 293.0], [4.0, 292.5], [3.5, 292.0], [3.5, 291.0], [3.0, 290.5], [2.5, 290.0], [2.0, 289.5], [1.5, 289.0], [1.0, 288.5], [0.5, 288.0], [0.5, 287.0], [0.0, 286.5], [0.0, 225.5]]]}, "properties": {"image": "5zq7pjmjjr3shetc9lr9_al_4_si_5_af_10.png", "iceberg_id": 6, "confidence": 0.6407027244567871}}, {"type": "Feature", "geometry": {"type": "Polygon", "coordinates": [[[102.0, 293.5], [101.5, 293.0], [101.0, 292.5], [100.5, 292.0], [100.5, 291.0], [100.5, 290.0], [100.5, 289.0], [100.0, 288.5], [99.5, 288.0], [99.5, 287.0], [99.5, 286.0], [99.5, 285.0], [99.5, 284.0], [99.5, 283.0], [99.5, 282.0], [99.5, 281.0], [99.5, 280.0], [99.5, 279.0], [99.5, 278.0], [99.5, 277.0], [99.5, 276.0], [99.5, 275.0], [99.5, 274.0], [99.5, 273.0], [99.5, 272.0], [99.5, 271.0], [99.5, 270.0], [99.5, 269.0], [99.5, 268.0], [99.5, 267.0], [99.5, 266.0], [99.5, 265.0], [99.5, 264.0], [99.5, 263.0], [99.5, 262.0], [99.5, 261.0], [99.5, 260.0], [99.5, 259.0], [99.5, 258.0], [99.5, 257.0], [99.5, 256.0], [99.0, 255.5], [98.5, 255.0], [98.5, 254.0], [98.5, 253.0], [98.5, 252.0], [98.5, 251.0], [98.5, 250.0], [98.5, 249.0], [98.5, 248.0], [98.5, 247.0], [98.5, 246.0], [98.5, 245.0], [98.5, 244.0], [98.5, 243.0], [98.5, 242.0], [98.5, 241.0], [98.5, 240.0], [98.5, 239.0], [98.0, 238.5], [97.5, 238.0], [97.5, 237.0], [97.5, 236.0], [97.5, 235.0], [97.5, 234.0], [98.0, 233.5], [98.5, 233.0], [98.5, 232.0], [99.0, 231.5], [100.0, 231.5], [100.5, 232.0], [101.0, 232.5], [101.5, 233.0], [102.0, 233.5], [103.0, 233.5], [103.5, 234.0], [104.0, 234.5], [104.5, 235.0], [105.0, 235.5], [105.5, 236.0], [106.0, 236.5], [107.0, 236.5], [107.5, 237.0], [108.0, 237.5], [108.5, 238.0], [109.0, 238.5], [109.5, 239.0], [110.0, 239.5], [111.0, 239.5], [111.5, 240.0], [112.0, 240.5], [112.5, 241.0], [113.0, 241.5], [113.5, 242.0], [114.0, 242.5], [114.5, 243.0], [114.5, 244.0], [114.5, 245.0], [115.0, 245.5], [115.5, 246.0], [115.5, 247.0], [115.5, 248.0], [115.5, 249.0], [115.5, 250.0], [115.5, 251.0], [115.5, 252.0], [115.5, 253.0], [115.5, 254.0], [115.5, 255.0], [115.5, 256.0], [115.5, 257.0], [115.5, 258.0], [115.5, 259.0], [115.5, 260.0], [115.5, 261.0], [115.0, 261.5], [114.5, 262.0], [114.5, 263.0], [114.5, 264.0], [114.5, 265.0], [114.5, 266.0], [114.5, 267.0], [114.5, 268.0], [114.5, 269.0], [114.5, 270.0], [114.0, 270.5], [113.5, 271.0], [113.5, 272.0], [113.0, 272.5], [112.5, 273.0], [112.5, 274.0], [112.0, 274.5], [111.5, 275.0], [111.5, 276.0], [111.5, 277.0], [111.0, 277.5], [110.5, 278.0], [110.0, 278.5], [109.5, 279.0], [109.5, 280.0], [109.5, 281.0], [109.0, 281.5], [108.5, 282.0], [108.0, 282.5], [107.5, 283.0], [107.5, 284.0], [107.5, 285.0], [107.0, 285.5], [106.5, 286.0], [106.0, 286.5], [105.5, 287.0], [105.5, 288.0], [105.5, 289.0], [105.0, 289.5], [104.5, 290.0], [104.5, 291.0], [104.0, 291.5], [103.5, 292.0], [103.0, 292.5], [102.5, 293.0], [102.0, 293.5], [102.0, 293.5]]]}, "properties": {"image": "5zq7pjmjjr3shetc9lr9_al_4_si_5_af_10.png", "iceberg_id": 7, "confidence": 0.6407027244567871}}, {"type": "Feature", "geometry": {"type": "Polygon", "coordinates": [[[511.0, 241.5], [510.0, 241.5], [509.0, 241.5], [508.0, 241.5], [507.0, 241.5], [506.5, 241.0], [506.0, 240.5], [505.0, 240.5], [504.5, 240.0], [504.0, 239.5], [503.5, 239.0], [503.5, 238.0], [503.5, 237.0], [503.5, 236.0], [504.0, 235.5], [504.5, 235.0], [505.0, 234.5], [506.0, 234.5], [507.0, 234.5], [507.5, 234.0], [508.0, 233.5], [508.5, 234.0], [509.0, 234.5], [510.0, 234.5], [510.5, 235.0], [511.0, 235.5], [512.0, 235.5], [512.5, 236.0], [512.5, 237.0], [512.5, 238.0], [512.5, 239.0], [512.5, 240.0], [512.0, 240.5], [511.5, 241.0], [511.0, 241.5], [511.0, 241.5]]]}, "properties": {"image": "5zq7pjmjjr3shetc9lr9_al_4_si_5_af_10.png", "iceberg_id": 8, "confidence": 0.6407027244567871}}, {"type": "Feature", "geometry": {"type": "Polygon", "coordinates": [[[531.0, 383.5], [530.5, 383.0], [530.5, 382.0], [531.0, 381.5], [532.0, 381.5], [532.5, 382.0], [532.0, 382.5], [531.5, 383.0], [531.0, 383.5], [531.0, 383.5]]]}, "properties": {"image": "5zq7pjmjjr3shetc9lr9_al_4_si_5_af_10.png", "iceberg_id": 9, "confidence": 0.6407027244567871}}, {"type": "Feature", "geometry": {"type": "Polygon", "coordinates": [[[211.0, 507.5], [210.0, 507.5], [209.0, 507.5], [208.0, 507.5], [207.0, 507.5], [206.0, 507.5], [205.0, 507.5], [204.0, 507.5], [203.5, 507.0], [203.0, 506.5], [202.5, 506.0], [202.0, 505.5], [201.5, 505.0], [201.0, 504.5], [200.5, 504.0], [200.5, 503.0], [200.0, 502.5], [199.5, 502.0], [199.5, 501.0], [199.0, 500.5], [198.5, 500.0], [198.5, 499.0], [198.5, 498.0], [198.0, 497.5], [197.5, 497.0], [197.5, 496.0], [197.5, 495.0], [197.5, 494.0], [197.5, 493.0], [197.5, 492.0], [198.0, 491.5], [199.0, 491.5], [200.0, 491.5], [200.5, 491.0], [201.0, 490.5], [201.5, 491.0], [202.0, 491.5], [203.0, 491.5], [204.0, 491.5], [205.0, 491.5], [206.0, 491.5], [207.0, 491.5], [208.0, 491.5], [208.5, 492.0], [209.0, 492.5], [210.0, 492.5], [210.5, 493.0], [211.0, 493.5], [212.0, 493.5], [212.5, 494.0], [213.0, 494.5], [213.5, 495.0], [214.0, 495.5], [215.0, 495.5], [215.5, 496.0], [216.0, 496.5], [216.5, 497.0], [216.5, 498.0], [217.0, 498.5], [217.5, 499.0], [217.5, 500.0], [217.5, 501.0], [217.5, 502.0], [217.5, 503.0], [217.0, 503.5], [216.5, 504.0], [216.0, 504.5], [215.5, 505.0], [215.0, 505.5], [214.0, 505.5], [213.5, 506.0], [213.0, 506.5], [212.0, 506.5], [211.5, 507.0], [211.0, 507.5], [211.0, 507.5]]]}, "properties": {"image": "5zq7pjmjjr3shetc9lr9_al_4_si_5_af_10.png", "iceberg_id": 10, "confidence": 0.6407027244567871}}, {"type": "Feature", "geometry": {"type": "Polygon", "coordinates": [[[603.0, 515.5], [602.0, 515.5], [601.0, 515.5], [600.0, 515.5], [599.0, 515.5], [598.5, 515.0], [598.0, 514.5], [597.5, 514.0], [597.0, 513.5], [596.5, 513.0], [596.5, 512.0], [597.0, 511.5], [597.5, 511.0], [597.5, 510.0], [598.0, 509.5], [599.0, 509.5], [600.0, 509.5], [601.0, 509.5], [602.0, 509.5], [603.0, 509.5], [603.5, 510.0], [603.5, 511.0], [604.0, 511.5], [604.5, 512.0], [604.5, 513.0], [604.5, 514.0], [604.0, 514.5], [603.5, 515.0], [603.0, 515.5], [603.0, 515.5]]]}, "properties": {"image": "5zq7pjmjjr3shetc9lr9_al_4_si_5_af_10.png", "iceberg_id": 11, "confidence": 0.6407027244567871}}, {"type": "Feature", "geometry": {"type": "Polygon", "coordinates": [[[182.0, 527.5], [181.0, 527.5], [180.0, 527.5], [179.0, 527.5], [178.5, 527.0], [178.5, 526.0], [178.5, 525.0], [178.5, 524.0], [178.5, 523.0], [179.0, 522.5], [179.5, 522.0], [180.0, 521.5], [180.5, 521.0], [181.0, 520.5], [181.5, 520.0], [182.0, 519.5], [182.5, 520.0], [183.0, 520.5], [183.5, 520.0], [184.0, 519.5], [184.5, 520.0], [185.0, 520.5], [185.5, 521.0], [186.0, 521.5], [186.5, 522.0], [186.5, 523.0], [186.5, 524.0], [186.0, 524.5], [185.5, 525.0], [185.0, 525.5], [184.5, 526.0], [184.0, 526.5], [183.0, 526.5], [182.5, 527.0], [182.0, 527.5], [182.0, 527.5]]]}, "properties": {"image": "5zq7pjmjjr3shetc9lr9_al_4_si_5_af_10.png", "iceberg_id": 12, "confidence": 0.6407027244567871}}, {"type": "Feature", "geometry": {"type": "Polygon", "coordinates": [[[176.0, 574.5], [175.5, 574.0], [176.0, 573.5], [176.5, 574.0], [176.0, 574.5], [176.0, 574.5]]]}, "properties": {"image": "5zq7pjmjjr3shetc9lr9_al_4_si_5_af_10.png", "iceberg_id": 13, "confidence": 0.6407027244567871}}, {"type": "Feature", "geometry": {"type": "Polygon", "coordinates": [[[11.0, 188.5], [10.0, 188.5], [9.0, 188.5], [8.0, 188.5], [7.0, 188.5], [6.0, 188.5], [5.5, 188.0], [5.0, 187.5], [4.0, 187.5], [3.5, 187.0], [3.0, 186.5], [2.5, 186.0], [2.5, 185.0], [2.0, 184.5], [1.5, 184.0], [1.5, 183.0], [1.5, 182.0], [1.5, 181.0], [1.5, 180.0], [2.0, 179.5], [3.0, 179.5], [4.0, 179.5], [5.0, 179.5], [6.0, 179.5], [7.0, 179.5], [8.0, 179.5], [8.5, 180.0], [9.0, 180.5], [10.0, 180.5], [10.5, 181.0], [11.0, 181.5], [11.5, 182.0], [11.5, 183.0], [12.0, 183.5], [12.5, 184.0], [12.5, 185.0], [12.5, 186.0], [12.5, 187.0], [12.0, 187.5], [11.5, 188.0], [11.0, 188.5], [11.0, 188.5]]]}, "properties": {"image": "5zq7pjmjjr3shetc9lr9_al_4_si_5_af_20.png", "iceberg_id": 0, "confidence": 0.6407158970832825}}, {"type": "Feature", "geometry": {"type": "Polygon", "coordinates": [[[76.0, 208.5], [75.0, 208.5], [74.0, 208.5], [73.5, 208.0], [73.0, 207.5], [72.0, 207.5], [71.5, 207.0], [71.0, 206.5], [70.5, 206.0], [70.0, 205.5], [69.5, 205.0], [69.5, 204.0], [69.0, 203.5], [68.5, 203.0], [68.0, 202.5], [67.5, 202.0], [67.0, 201.5], [66.0, 201.5], [65.5, 201.0], [65.0, 200.5], [64.5, 200.0], [64.0, 199.5], [63.5, 199.0], [63.0, 198.5], [62.5, 198.0], [62.5, 197.0], [62.0, 196.5], [61.5, 196.0], [61.5, 195.0], [61.5, 194.0], [62.0, 193.5], [62.5, 193.0], [62.5, 192.0], [63.0, 191.5], [63.5, 191.0], [64.0, 190.5], [65.0, 190.5], [65.5, 190.0], [66.0, 189.5], [67.0, 189.5], [68.0, 189.5], [68.5, 189.0], [69.0, 188.5], [70.0, 188.5], [71.0, 188.5], [72.0, 188.5], [73.0, 188.5], [74.0, 188.5], [75.0, 188.5], [75.5, 189.0], [76.0, 189.5], [77.0, 189.5], [78.0, 189.5], [78.5, 190.0], [79.0, 190.5], [79.5, 191.0], [80.0, 191.5], [80.5, 192.0], [81.0, 192.5], [81.5, 193.0], [81.5, 194.0], [81.5, 195.0], [81.5, 196.0], [81.5, 197.0], [81.5, 198.0], [81.5, 199.0], [81.5, 200.0], [81.0, 200.5], [80.5, 201.0], [80.5, 202.0], [80.0, 202.5], [79.5, 203.0], [79.0, 203.5], [78.5, 204.0], [78.5, 205.0], [78.0, 205.5], [77.5, 206.0], [77.5, 207.0], [77.0, 207.5], [76.5, 208.0], [76.0, 208.5], [76.0, 208.5]]]}, "properties": {"image": "5zq7pjmjjr3shetc9lr9_al_4_si_5_af_20.png", "iceberg_id": 1, "confidence": 0.6407158970832825}}, {"type": "Feature", "geometry": {"type": "Polygon", "coordinates": [[[352.0, 220.5], [351.0, 220.5], [350.0, 220.5], [349.0, 220.5], [348.5, 220.0], [348.0, 219.5], [347.0, 219.5], [346.0, 219.5], [345.5, 219.0], [345.0, 218.5], [344.0, 218.5], [343.5, 218.0], [343.0, 217.5], [342.5, 217.0], [342.0, 216.5], [341.0, 216.5], [340.5, 216.0], [340.0, 215.5], [339.5, 215.0], [339.0, 214.5], [338.5, 214.0], [338.0, 213.5], [337.5, 213.0], [337.5, 212.0], [337.0, 211.5], [336.5, 211.0], [336.5, 210.0], [336.0, 209.5], [335.5, 209.0], [335.5, 208.0], [335.5, 207.0], [335.5, 206.0], [335.5, 205.0], [335.5, 204.0], [336.0, 203.5], [336.5, 203.0], [336.5, 202.0], [337.0, 201.5], [337.5, 201.0], [337.5, 200.0], [338.0, 199.5], [338.5, 199.0], [338.5, 198.0], [339.0, 197.5], [339.5, 197.0], [340.0, 196.5], [340.5, 196.0], [341.0, 195.5], [341.5, 195.0], [342.0, 194.5], [343.0, 194.5], [343.5, 194.0], [344.0, 193.5], [345.0, 193.5], [346.0, 193.5], [347.0, 193.5], [348.0, 193.5], [349.0, 193.5], [350.0, 193.5], [351.0, 193.5], [352.0, 193.5], [353.0, 193.5], [354.0, 193.5], [355.0, 193.5], [356.0, 193.5], [356.5, 194.0], [357.0, 194.5], [358.0, 194.5], [359.0, 194.5], [359.5, 195.0], [360.0, 195.5], [361.0, 195.5], [361.5, 196.0], [362.0, 196.5], [362.5, 197.0], [363.0, 197.5], [363.5, 198.0], [363.5, 199.0], [364.0, 199.5], [364.5, 200.0], [364.5, 201.0], [365.0, 201.5], [365.5, 202.0], [365.5, 203.0], [365.5, 204.0], [365.5, 205.0], [365.5, 206.0], [365.5, 207.0], [365.0, 207.5], [364.5, 208.0], [364.5, 209.0], [364.5, 210.0], [364.0, 210.5], [363.5, 211.0], [363.0, 211.5], [362.5, 212.0], [362.5, 213.0], [362.0, 213.5], [361.5, 214.0], [361.0, 214.5], [360.5, 215.0], [360.0, 215.5], [359.5, 216.0], [359.0, 216.5], [358.5, 217.0], [358.0, 217.5], [357.0, 217.5], [356.5, 218.0], [356.0, 218.5], [355.5, 219.0], [355.0, 219.5], [354.0, 219.5], [353.0, 219.5], [352.5, 220.0], [352.0, 220.5], [352.0, 220.5]]]}, "properties": {"image": "5zq7pjmjjr3shetc9lr9_al_4_si_5_af_20.png", "iceberg_id": 2, "confidence": 0.6407158970832825}}, {"type": "Feature", "geometry": {"type": "Polygon", "coordinates": [[[442.0, 254.5], [441.0, 254.5], [440.0, 254.5], [439.5, 254.0], [439.0, 253.5], [438.0, 253.5], [437.0, 253.5], [436.0, 253.5], [435.5, 253.0], [435.0, 252.5], [434.5, 252.0], [434.0, 251.5], [433.5, 251.0], [433.5, 250.0], [433.0, 249.5], [432.5, 249.0], [432.5, 248.0], [432.5, 247.0], [433.0, 246.5], [433.5, 246.0], [433.5, 245.0], [433.5, 244.0], [434.0, 243.5], [434.5, 243.0], [435.0, 242.5], [435.5, 242.0], [436.0, 241.5], [436.5, 241.0], [437.0, 240.5], [438.0, 240.5], [439.0, 240.5], [439.5, 241.0], [440.0, 241.5], [441.0, 241.5], [442.0, 241.5], [442.5, 242.0], [443.0, 242.5], [443.5, 243.0], [444.0, 243.5], [445.0, 243.5], [445.5, 244.0], [446.0, 244.5], [446.5, 245.0], [447.0, 245.5], [447.5, 246.0], [448.0, 246.5], [448.5, 247.0], [448.5, 248.0], [449.0, 248.5], [449.5, 249.0], [449.5, 250.0], [449.5, 251.0], [449.0, 251.5], [448.5, 252.0], [448.0, 252.5], [447.5, 253.0], [447.0, 253.5], [446.0, 253.5], [445.0, 253.5], [444.0, 253.5], [443.0, 253.5], [442.5, 254.0], [442.0, 254.5], [442.0, 254.5]]]}, "properties": {"image": "5zq7pjmjjr3shetc9lr9_al_4_si_5_af_20.png", "iceberg_id": 3, "confidence": 0.6407158970832825}}, {"type": "Feature", "geometry": {"type": "Polygon", "coordinates": [[[0.0, 250.5], [0.5, 251.0], [1.0, 251.5], [2.0, 251.5], [2.5, 252.0], [3.0, 252.5], [3.5, 253.0], [4.0, 253.5], [4.5, 254.0], [5.0, 254.5], [6.0, 254.5], [6.5, 255.0], [7.0, 255.5], [7.5, 256.0], [8.0, 256.5], [8.5, 257.0], [9.0, 257.5], [9.5, 258.0], [10.0, 258.5], [10.5, 259.0], [10.5, 260.0], [11.0, 260.5], [11.5, 261.0], [11.5, 262.0], [11.5, 263.0], [12.0, 263.5], [12.5, 264.0], [12.5, 265.0], [12.5, 266.0], [13.0, 266.5], [13.5, 267.0], [13.5, 268.0], [14.0, 268.5], [14.5, 269.0], [14.5, 270.0], [14.5, 271.0], [15.0, 271.5], [15.5, 272.0], [15.5, 273.0], [15.5, 274.0], [15.5, 275.0], [16.0, 275.5], [16.5, 276.0], [16.5, 277.0], [16.5, 278.0], [16.5, 279.0], [16.5, 280.0], [16.5, 281.0], [16.5, 282.0], [17.0, 282.5], [17.5, 283.0], [17.5, 284.0], [17.5, 285.0], [18.0, 285.5], [18.5, 286.0], [18.5, 287.0], [18.5, 288.0], [18.5, 289.0], [18.5, 290.0], [18.0, 290.5], [17.5, 291.0], [17.5, 292.0], [17.5, 293.0], [17.0, 293.5], [16.5, 294.0], [16.0, 294.5], [15.5, 295.0], [15.5, 296.0], [15.0, 296.5], [14.5, 297.0], [14.5, 298.0], [14.0, 298.5], [13.5, 299.0], [13.0, 299.5], [12.5, 300.0], [12.0, 300.5], [11.5, 301.0], [11.5, 302.0], [11.0, 302.5], [10.5, 303.0], [10.5, 304.0], [10.0, 304.5], [9.5, 305.0], [9.0, 305.5], [8.5, 306.0], [8.0, 306.5], [7.5, 307.0], [7.0, 307.5], [6.5, 308.0], [6.0, 308.5], [5.0, 308.5], [4.5, 308.0], [4.0, 307.5], [3.5, 307.0], [3.0, 306.5], [2.5, 306.0], [2.0, 305.5], [1.5, 305.0], [1.5, 304.0], [1.0, 303.5], [0.5, 303.0], [0.5, 302.0], [0.0, 301.5], [0.0, 250.5]]]}, "properties": {"image": "5zq7pjmjjr3shetc9lr9_al_4_si_5_af_20.png", "iceberg_id": 4, "confidence": 0.6407158970832825}}, {"type": "Feature", "geometry": {"type": "Polygon", "coordinates": [[[647.0, 302.5], [646.0, 302.5], [645.0, 302.5], [644.0, 302.5], [643.0, 302.5], [642.5, 302.0], [642.0, 301.5], [641.0, 301.5], [640.5, 301.0], [640.0, 300.5], [639.0, 300.5], [638.5, 300.0], [638.0, 299.5], [637.5, 299.0], [637.0, 298.5], [636.5, 298.0], [636.0, 297.5], [635.5, 297.0], [635.0, 296.5], [634.5, 296.0], [634.0, 295.5], [633.5, 295.0], [633.0, 294.5], [632.5, 294.0], [632.0, 293.5], [631.5, 293.0], [631.5, 292.0], [631.0, 291.5], [630.5, 291.0], [630.5, 290.0], [630.0, 289.5], [629.5, 289.0], [629.5, 288.0], [629.0, 287.5], [628.5, 287.0], [628.5, 286.0], [628.5, 285.0], [628.0, 284.5], [627.5, 284.0], [627.5, 283.0], [627.0, 282.5], [626.5, 282.0], [626.5, 281.0], [626.0, 280.5], [625.5, 280.0], [625.0, 279.5], [624.5, 279.0], [624.5, 278.0], [624.0, 277.5], [623.5, 277.0], [623.0, 276.5], [622.5, 276.0], [622.0, 275.5], [621.0, 275.5], [620.0, 275.5], [619.0, 275.5], [618.0, 275.5], [617.0, 275.5], [616.0, 275.5], [615.0, 275.5], [614.5, 275.0], [614.0, 274.5], [613.5, 274.0], [613.5, 273.0], [613.5, 272.0], [613.5, 271.0], [613.5, 270.0], [614.0, 269.5], [614.5, 269.0], [615.0, 268.5], [615.5, 268.0], [616.0, 267.5], [616.5, 267.0], [617.0, 266.5], [617.5, 266.0], [618.0, 265.5], [619.0, 265.5], [619.5, 265.0], [620.0, 264.5], [621.0, 264.5], [622.0, 264.5], [623.0, 264.5], [623.5, 264.0], [624.0, 263.5], [624.5, 264.0], [625.0, 264.5], [625.5, 264.0], [626.0, 263.5], [626.5, 264.0], [627.0, 264.5], [627.5, 264.0], [628.0, 263.5], [628.5, 264.0], [629.0, 264.5], [629.5, 264.0], [630.0, 263.5], [630.5, 264.0], [631.0, 264.5], [631.5, 264.0], [632.0, 263.5], [633.0, 263.5], [634.0, 263.5], [635.0, 263.5], [636.0, 263.5], [637.0, 263.5], [638.0, 263.5], [639.0, 263.5], [640.0, 263.5], [641.0, 263.5], [642.0, 263.5], [643.0, 263.5], [644.0, 263.5], [645.0, 263.5], [646.0, 263.5], [646.5, 264.0], [647.0, 264.5], [648.0, 264.5], [648.5, 265.0], [649.0, 265.5], [650.0, 265.5], [651.0, 265.5], [652.0, 265.5], [652.5, 266.0], [653.0, 266.5], [654.0, 266.5], [655.0, 266.5], [656.0, 266.5], [656.5, 267.0], [657.0, 267.5], [658.0, 267.5], [659.0, 267.5], [659.5, 268.0], [660.0, 268.5], [661.0, 268.5], [661.5, 269.0], [662.0, 269.5], [663.0, 269.5], [663.5, 270.0], [664.0, 270.5], [664.5, 271.0], [665.0, 271.5], [665.5, 272.0], [666.0, 272.5], [666.5, 273.0], [667.0, 273.5], [667.5, 274.0], [667.5, 275.0], [667.5, 276.0], [667.5, 277.0], [667.5, 278.0], [667.5, 279.0], [667.5, 280.0], [667.5, 281.0], [667.0, 281.5], [666.5, 282.0], [666.5, 283.0], [666.5, 284.0], [666.5, 285.0], [666.5, 286.0], [666.5, 287.0], [666.5, 288.0], [667.0, 288.5], [667.5, 289.0], [667.0, 289.5], [666.5, 290.0], [667.0, 290.5], [667.5, 291.0], [667.0, 291.5], [666.5, 292.0], [666.5, 293.0], [666.5, 294.0], [666.0, 294.5], [665.5, 295.0], [665.0, 295.5], [664.5, 296.0], [664.0, 296.5], [663.5, 297.0], [663.0, 297.5], [662.0, 297.5], [661.0, 297.5], [660.0, 297.5], [659.0, 297.5], [658.5, 298.0], [658.0, 298.5], [657.0, 298.5], [656.0, 298.5], [655.5, 299.0], [655.0, 299.5], [654.0, 299.5], [653.0, 299.5], [652.5, 300.0], [652.0, 300.5], [651.0, 300.5], [650.5, 301.0], [650.0, 301.5], [649.0, 301.5], [648.0, 301.5], [647.5, 302.0], [647.0, 302.5], [647.0, 302.5]]]}, "properties": {"image": "5zq7pjmjjr3shetc9lr9_al_4_si_5_af_20.png", "iceberg_id": 5, "confidence": 0.6407158970832825}}, {"type": "Feature", "geometry": {"type": "Polygon", "coordinates": [[[594.0, 294.5], [593.0, 294.5], [592.0, 294.5], [591.0, 294.5], [590.0, 294.5], [589.0, 294.5], [588.0, 294.5], [587.5, 294.0], [587.0, 293.5], [586.0, 293.5], [585.0, 293.5], [584.5, 293.0], [584.0, 292.5], [583.5, 292.0], [583.5, 291.0], [583.0, 290.5], [582.5, 290.0], [582.5, 289.0], [583.0, 288.5], [583.5, 288.0], [584.0, 287.5], [584.5, 287.0], [585.0, 286.5], [585.5, 286.0], [586.0, 285.5], [587.0, 285.5], [588.0, 285.5], [588.5, 285.0], [589.0, 284.5], [590.0, 284.5], [591.0, 284.5], [592.0, 284.5], [593.0, 284.5], [594.0, 284.5], [595.0, 284.5], [595.5, 285.0], [596.0, 285.5], [596.5, 286.0], [597.0, 286.5], [597.5, 287.0], [598.0, 287.5], [598.5, 288.0], [598.5, 289.0], [598.5, 290.0], [598.5, 291.0], [598.5, 292.0], [598.0, 292.5], [597.5, 293.0], [597.0, 293.5], [596.0, 293.5], [595.0, 293.5], [594.5, 294.0], [594.0, 294.5], [594.0, 294.5]]]}, "properties": {"image": "5zq7pjmjjr3shetc9lr9_al_4_si_5_af_20.png", "iceberg_id": 6, "confidence": 0.6407158970832825}}, {"type": "Feature", "geometry": {"type": "Polygon", "coordinates": [[[649.0, 373.5], [648.0, 373.5], [647.0, 373.5], [646.5, 373.0], [646.0, 372.5], [645.5, 372.0], [645.5, 371.0], [645.5, 370.0], [645.5, 369.0], [645.5, 368.0], [646.0, 367.5], [647.0, 367.5], [648.0, 367.5], [648.5, 368.0], [649.0, 368.5], [649.5, 369.0], [650.0, 369.5], [650.5, 370.0], [650.5, 371.0], [650.5, 372.0], [650.0, 372.5], [649.5, 373.0], [649.0, 373.5], [649.0, 373.5]]]}, "properties": {"image": "5zq7pjmjjr3shetc9lr9_al_4_si_5_af_20.png", "iceberg_id": 7, "confidence": 0.6407158970832825}}, {"type": "Feature", "geometry": {"type": "Polygon", "coordinates": [[[665.0, 499.5], [664.0, 499.5], [663.0, 499.5], [662.5, 499.0], [662.0, 498.5], [661.0, 498.5], [660.5, 498.0], [660.5, 497.0], [660.0, 496.5], [659.5, 496.0], [659.5, 495.0], [659.5, 494.0], [659.5, 493.0], [659.5, 492.0], [660.0, 491.5], [660.5, 491.0], [660.5, 490.0], [661.0, 489.5], [662.0, 489.5], [662.5, 489.0], [663.0, 488.5], [664.0, 488.5], [665.0, 488.5], [665.5, 489.0], [666.0, 489.5], [666.5, 490.0], [667.0, 490.5], [667.5, 491.0], [667.5, 492.0], [667.5, 493.0], [667.5, 494.0], [667.5, 495.0], [667.5, 496.0], [667.5, 497.0], [667.0, 497.5], [666.5, 498.0], [666.0, 498.5], [665.5, 499.0], [665.0, 499.5], [665.0, 499.5]]]}, "properties": {"image": "5zq7pjmjjr3shetc9lr9_al_4_si_5_af_20.png", "iceberg_id": 8, "confidence": 0.6407158970832825}}, {"type": "Feature", "geometry": {"type": "Polygon", "coordinates": [[[167.0, 555.5], [166.0, 555.5], [165.0, 555.5], [164.5, 555.0], [164.0, 554.5], [163.5, 554.0], [163.0, 553.5], [162.5, 553.0], [162.5, 552.0], [162.5, 551.0], [162.5, 550.0], [163.0, 549.5], [163.5, 549.0], [163.5, 548.0], [164.0, 547.5], [165.0, 547.5], [166.0, 547.5], [167.0, 547.5], [168.0, 547.5], [168.5, 548.0], [169.0, 548.5], [169.5, 549.0], [170.0, 549.5], [170.5, 550.0], [170.0, 550.5], [169.5, 551.0], [169.5, 552.0], [169.5, 553.0], [169.0, 553.5], [168.5, 554.0], [168.0, 554.5], [167.5, 555.0], [167.0, 555.5], [167.0, 555.5]]]}, "properties": {"image": "5zq7pjmjjr3shetc9lr9_al_4_si_5_af_20.png", "iceberg_id": 9, "confidence": 0.6407158970832825}}, {"type": "Feature", "geometry": {"type": "Polygon", "coordinates": [[[664.0, 568.5], [663.5, 568.0], [663.0, 567.5], [662.0, 567.5], [661.0, 567.5], [660.5, 567.0], [660.5, 566.0], [660.0, 565.5], [659.5, 565.0], [659.5, 564.0], [659.5, 563.0], [659.5, 562.0], [660.0, 561.5], [660.5, 561.0], [660.5, 560.0], [661.0, 559.5], [662.0, 559.5], [662.5, 559.0], [663.0, 558.5], [664.0, 558.5], [665.0, 558.5], [665.5, 559.0], [666.0, 559.5], [667.0, 559.5], [667.5, 560.0], [668.0, 560.5], [668.5, 561.0], [668.5, 562.0], [669.0, 562.5], [669.5, 563.0], [669.0, 563.5], [668.5, 564.0], [668.5, 565.0], [668.0, 565.5], [667.5, 566.0], [667.0, 566.5], [666.5, 567.0], [666.0, 567.5], [665.0, 567.5], [664.5, 568.0], [664.0, 568.5], [664.0, 568.5]]]}, "properties": {"image": "5zq7pjmjjr3shetc9lr9_al_4_si_5_af_20.png", "iceberg_id": 10, "confidence": 0.6407158970832825}}, {"type": "Feature", "geometry": {"type": "Polygon", "coordinates": [[[217.0, 633.5], [216.5, 633.0], [216.0, 632.5], [215.0, 632.5], [214.0, 632.5], [213.5, 632.0], [213.0, 631.5], [212.5, 631.0], [212.0, 630.5], [211.5, 630.0], [211.0, 629.5], [210.5, 629.0], [210.5, 628.0], [210.0, 627.5], [209.5, 627.0], [209.5, 626.0], [209.0, 625.5], [208.5, 625.0], [208.5, 624.0], [208.5, 623.0], [208.5, 622.0], [208.0, 621.5], [207.5, 621.0], [207.5, 620.0], [207.5, 619.0], [207.5, 618.0], [207.5, 617.0], [207.5, 616.0], [207.5, 615.0], [207.5, 614.0], [207.5, 613.0], [207.5, 612.0], [207.5, 611.0], [207.5, 610.0], [207.5, 609.0], [207.5, 608.0], [207.5, 607.0], [207.5, 606.0], [207.5, 605.0], [207.5, 604.0], [207.5, 603.0], [207.5, 602.0], [208.0, 601.5], [208.5, 601.0], [208.5, 600.0], [209.0, 599.5], [209.5, 599.0], [209.5, 598.0], [210.0, 597.5], [210.5, 597.0], [211.0, 596.5], [211.5, 596.0], [212.0, 595.5], [213.0, 595.5], [213.5, 595.0], [214.0, 594.5], [215.0, 594.5], [216.0, 594.5], [217.0, 594.5], [217.5, 594.0], [218.0, 593.5], [219.0, 593.5], [220.0, 593.5], [221.0, 593.5], [222.0, 593.5], [222.5, 594.0], [223.0, 594.5], [224.0, 594.5], [225.0, 594.5], [225.5, 595.0], [226.0, 595.5], [227.0, 595.5], [228.0, 595.5], [228.5, 596.0], [229.0, 596.5], [229.5, 597.0], [230.0, 597.5], [230.5, 598.0], [231.0, 598.5], [231.5, 599.0], [232.0, 599.5], [232.5, 600.0], [232.5, 601.0], [233.0, 601.5], [233.5, 602.0], [233.5, 603.0], [234.0, 603.5], [234.5, 604.0], [234.5, 605.0], [235.0, 605.5], [235.5, 606.0], [235.5, 607.0], [235.5, 608.0], [235.5, 609.0], [236.0, 609.5], [236.5, 610.0], [236.0, 610.5], [235.5, 611.0], [236.0, 611.5], [236.5, 612.0], [236.0, 612.5], [235.5, 613.0], [235.5, 614.0], [235.5, 615.0], [235.5, 616.0], [235.5, 617.0], [235.0, 617.5], [234.5, 618.0], [234.5, 619.0], [234.5, 620.0], [234.0, 620.5], [233.5, 621.0], [233.0, 621.5], [232.5, 622.0], [232.5, 623.0], [232.0, 623.5], [231.5, 624.0], [231.0, 624.5], [230.5, 625.0], [230.0, 625.5], [229.5, 626.0], [229.0, 626.5], [228.5, 627.0], [228.0, 627.5], [227.0, 627.5], [226.5, 628.0], [226.0, 628.5], [225.5, 629.0], [225.0, 629.5], [224.5, 630.0], [224.0, 630.5], [223.5, 631.0], [223.0, 631.5], [222.0, 631.5], [221.0, 631.5], [220.5, 632.0], [220.0, 632.5], [219.0, 632.5], [218.0, 632.5], [217.5, 633.0], [217.0, 633.5], [217.0, 633.5]]]}, "properties": {"image": "5zq7pjmjjr3shetc9lr9_al_4_si_5_af_20.png", "iceberg_id": 11, "confidence": 0.6407158970832825}}, {"type": "Feature", "geometry": {"type": "Polygon", "coordinates": [[[580.0, 616.5], [579.5, 616.0], [580.0, 615.5], [580.5, 616.0], [580.0, 616.5], [580.0, 616.5]]]}, "properties": {"image": "5zq7pjmjjr3shetc9lr9_al_4_si_5_af_20.png", "iceberg_id": 12, "confidence": 0.6407158970832825}}, {"type": "Feature", "geometry": {"type": "Polygon", "coordinates": [[[193.0, 656.5], [192.0, 656.5], [191.0, 656.5], [190.5, 656.0], [190.0, 655.5], [189.0, 655.5], [188.5, 655.0], [188.0, 654.5], [187.5, 654.0], [187.0, 653.5], [186.5, 653.0], [186.0, 652.5], [185.5, 652.0], [185.5, 651.0], [185.5, 650.0], [185.5, 649.0], [185.5, 648.0], [185.5, 647.0], [185.5, 646.0], [186.0, 645.5], [186.5, 645.0], [187.0, 644.5], [188.0, 644.5], [189.0, 644.5], [190.0, 644.5], [190.5, 645.0], [191.0, 645.5], [192.0, 645.5], [192.5, 646.0], [193.0, 646.5], [193.5, 647.0], [194.0, 647.5], [194.5, 648.0], [194.5, 649.0], [195.0, 649.5], [195.5, 650.0], [195.5, 651.0], [195.5, 652.0], [195.5, 653.0], [195.5, 654.0], [195.0, 654.5], [194.5, 655.0], [194.0, 655.5], [193.5, 656.0], [193.0, 656.5], [193.0, 656.5]]]}, "properties": {"image": "5zq7pjmjjr3shetc9lr9_al_4_si_5_af_20.png", "iceberg_id": 13, "confidence": 0.6407158970832825}}, {"type": "Feature", "geometry": {"type": "Polygon", "coordinates": [[[495.0, 31.5], [494.5, 31.0], [494.0, 30.5], [493.5, 30.0], [493.5, 29.0], [493.5, 28.0], [493.5, 27.0], [493.5, 26.0], [494.0, 25.5], [494.5, 25.0], [494.0, 24.5], [493.5, 24.0], [494.0, 23.5], [494.5, 23.0], [495.0, 22.5], [495.5, 22.0], [495.5, 21.0], [495.5, 20.0], [496.0, 19.5], [497.0, 19.5], [497.5, 19.0], [497.5, 18.0], [497.5, 17.0], [497.5, 16.0], [497.5, 15.0], [497.5, 14.0], [497.5, 13.0], [497.5, 12.0], [498.0, 11.5], [498.5, 11.0], [498.5, 10.0], [499.0, 9.5], [499.5, 9.0], [499.5, 8.0], [500.0, 7.5], [500.5, 7.0], [501.0, 6.5], [501.5, 6.0], [502.0, 5.5], [503.0, 5.5], [504.0, 5.5], [504.5, 6.0], [505.0, 6.5], [505.5, 7.0], [506.0, 7.5], [506.5, 8.0], [506.5, 9.0], [506.5, 10.0], [507.0, 10.5], [507.5, 11.0], [507.5, 12.0], [507.5, 13.0], [507.5, 14.0], [507.5, 15.0], [507.0, 15.5], [506.5, 16.0], [506.5, 17.0], [506.5, 18.0], [506.0, 18.5], [505.5, 19.0], [505.0, 19.5], [504.5, 20.0], [504.0, 20.5], [503.5, 21.0], [503.0, 21.5], [502.5, 22.0], [502.0, 22.5], [501.5, 23.0], [502.0, 23.5], [502.5, 24.0], [502.0, 24.5], [501.5, 25.0], [501.5, 26.0], [501.5, 27.0], [501.0, 27.5], [500.5, 28.0], [500.0, 28.5], [499.5, 29.0], [499.0, 29.5], [498.5, 30.0], [498.0, 30.5], [497.5, 30.0], [497.0, 29.5], [496.5, 30.0], [496.0, 30.5], [495.5, 31.0], [495.0, 31.5], [495.0, 31.5]]]}, "properties": {"image": "681q6i2x3rwxxtoxmyjb_al_3_si_5_af_10.png", "iceberg_id": 0, "confidence": 0.6404474973678589}}, {"type": "Feature", "geometry": {"type": "Polygon", "coordinates": [[[495.5, 30.0], [495.0, 29.5], [494.5, 30.0], [495.0, 30.5], [495.5, 30.0], [495.5, 30.0]]]}, "properties": {"image": "681q6i2x3rwxxtoxmyjb_al_3_si_5_af_10.png", "iceberg_id": 1, "confidence": 0.6404474973678589}}, {"type": "Feature", "geometry": {"type": "Polygon", "coordinates": [[[490.0, 44.5], [489.5, 44.0], [490.0, 43.5], [490.5, 44.0], [490.0, 44.5], [490.0, 44.5]]]}, "properties": {"image": "681q6i2x3rwxxtoxmyjb_al_3_si_5_af_10.png", "iceberg_id": 2, "confidence": 0.6404474973678589}}, {"type": "Feature", "geometry": {"type": "Polygon", "coordinates": [[[434.0, 63.5], [433.0, 63.5], [432.0, 63.5], [431.0, 63.5], [430.0, 63.5], [429.0, 63.5], [428.5, 63.0], [428.0, 62.5], [427.5, 62.0], [427.0, 61.5], [426.5, 61.0], [426.0, 60.5], [425.5, 60.0], [425.5, 59.0], [425.5, 58.0], [425.0, 57.5], [424.5, 57.0], [424.5, 56.0], [424.5, 55.0], [424.5, 54.0], [424.5, 53.0], [425.0, 52.5], [425.5, 52.0], [425.5, 51.0], [426.0, 50.5], [427.0, 50.5], [427.5, 50.0], [428.0, 49.5], [429.0, 49.5], [430.0, 49.5], [431.0, 49.5], [432.0, 49.5], [432.5, 50.0], [433.0, 50.5], [433.5, 51.0], [434.0, 51.5], [434.5, 52.0], [435.0, 52.5], [435.5, 53.0], [435.5, 54.0], [436.0, 54.5], [436.5, 55.0], [436.5, 56.0], [436.5, 57.0], [436.5, 58.0], [437.0, 58.5], [437.5, 59.0], [437.0, 59.5], [436.5, 60.0], [436.5, 61.0], [436.0, 61.5], [435.5, 62.0], [435.0, 62.5], [434.5, 63.0], [434.0, 63.5], [434.0, 63.5]]]}, "properties": {"image": "681q6i2x3rwxxtoxmyjb_al_3_si_5_af_10.png", "iceberg_id": 3, "confidence": 0.6404474973678589}}, {"type": "Feature", "geometry": {"type": "Polygon", "coordinates": [[[505.0, 65.5], [504.0, 65.5], [503.0, 65.5], [502.5, 65.0], [502.0, 64.5], [501.5, 64.0], [501.0, 63.5], [500.5, 63.0], [500.0, 62.5], [499.5, 62.0], [499.0, 61.5], [498.5, 61.0], [498.0, 60.5], [497.5, 60.0], [497.0, 59.5], [496.5, 59.0], [496.0, 58.5], [495.5, 58.0], [496.0, 57.5], [496.5, 58.0], [497.0, 58.5], [497.5, 58.0], [498.0, 57.5], [498.5, 57.0], [499.0, 56.5], [499.5, 56.0], [500.0, 55.5], [500.5, 56.0], [501.0, 56.5], [501.5, 56.0], [502.0, 55.5], [502.5, 56.0], [502.5, 57.0], [502.5, 58.0], [503.0, 58.5], [503.5, 59.0], [504.0, 59.5], [504.5, 60.0], [504.5, 61.0], [504.5, 62.0], [505.0, 62.5], [505.5, 63.0], [506.0, 63.5], [506.5, 64.0], [506.0, 64.5], [505.5, 65.0], [505.0, 65.5], [505.0, 65.5]]]}, "properties": {"image": "681q6i2x3rwxxtoxmyjb_al_3_si_5_af_10.png", "iceberg_id": 4, "confidence": 0.6404474973678589}}, {"type": "Feature", "geometry": {"type": "Polygon", "coordinates": [[[491.0, 107.5], [490.0, 107.5], [489.0, 107.5], [488.0, 107.5], [487.0, 107.5], [486.0, 107.5], [485.0, 107.5], [484.0, 107.5], [483.0, 107.5], [482.5, 107.0], [482.0, 106.5], [481.5, 106.0], [482.0, 105.5], [482.5, 105.0], [482.0, 104.5], [481.5, 104.0], [482.0, 103.5], [482.5, 103.0], [482.5, 102.0], [482.5, 101.0], [482.5, 100.0], [482.5, 99.0], [483.0, 98.5], [483.5, 98.0], [483.0, 97.5], [482.5, 97.0], [483.0, 96.5], [483.5, 96.0], [483.0, 95.5], [482.5, 95.0], [483.0, 94.5], [483.5, 94.0], [483.5, 93.0], [483.5, 92.0], [484.0, 91.5], [485.0, 91.5], [486.0, 91.5], [487.0, 91.5], [488.0, 91.5], [488.5, 91.0], [489.0, 90.5], [489.5, 90.0], [490.0, 89.5], [490.5, 90.0], [491.0, 90.5], [492.0, 90.5], [492.5, 91.0], [493.0, 91.5], [494.0, 91.5], [494.5, 92.0], [495.0, 92.5], [495.5, 93.0], [496.0, 93.5], [496.5, 94.0], [496.5, 95.0], [496.5, 96.0], [496.5, 97.0], [496.5, 98.0], [496.5, 99.0], [496.5, 100.0], [496.0, 100.5], [495.5, 101.0], [495.0, 101.5], [494.5, 102.0], [494.0, 102.5], [493.5, 103.0], [493.5, 104.0], [493.0, 104.5], [492.5, 105.0], [492.5, 106.0], [492.0, 106.5], [491.5, 107.0], [491.0, 107.5], [491.0, 107.5]]]}, "properties": {"image": "681q6i2x3rwxxtoxmyjb_al_3_si_5_af_10.png", "iceberg_id": 5, "confidence": 0.6404474973678589}}, {"type": "Feature", "geometry": {"type": "Polygon", "coordinates": [[[322.0, 274.5], [321.0, 274.5], [320.0, 274.5], [319.5, 274.0], [319.0, 273.5], [318.5, 273.0], [318.5, 272.0], [318.5, 271.0], [318.5, 270.0], [318.5, 269.0], [319.0, 268.5], [319.5, 268.0], [320.0, 267.5], [320.5, 268.0], [321.0, 268.5], [321.5, 269.0], [322.0, 269.5], [322.5, 270.0], [322.5, 271.0], [322.5, 272.0], [322.5, 273.0], [322.5, 274.0], [322.0, 274.5], [322.0, 274.5]]]}, "properties": {"image": "681q6i2x3rwxxtoxmyjb_al_3_si_5_af_10.png", "iceberg_id": 6, "confidence": 0.6404474973678589}}, {"type": "Feature", "geometry": {"type": "Polygon", "coordinates": [[[159.0, 507.5], [158.0, 507.5], [157.0, 507.5], [156.0, 507.5], [155.0, 507.5], [154.5, 507.0], [154.0, 506.5], [153.5, 506.0], [153.0, 505.5], [152.5, 505.0], [152.0, 504.5], [151.5, 504.0], [151.0, 503.5], [150.5, 503.0], [150.0, 502.5], [149.5, 502.0], [149.0, 501.5], [148.5, 501.0], [148.0, 500.5], [147.5, 500.0], [147.0, 499.5], [146.5, 499.0], [146.0, 498.5], [145.5, 498.0], [145.0, 497.5], [144.5, 497.0], [144.5, 496.0], [144.0, 495.5], [143.5, 495.0], [143.5, 494.0], [143.0, 493.5], [142.5, 493.0], [142.5, 492.0], [142.5, 491.0], [142.5, 490.0], [142.5, 489.0], [142.5, 488.0], [142.5, 487.0], [142.5, 486.0], [142.5, 485.0], [142.5, 484.0], [142.5, 483.0], [142.5, 482.0], [143.0, 481.5], [143.5, 481.0], [143.5, 480.0], [144.0, 479.5], [145.0, 479.5], [146.0, 479.5], [146.5, 479.0], [147.0, 478.5], [148.0, 478.5], [149.0, 478.5], [149.5, 478.0], [150.0, 477.5], [150.5, 478.0], [151.0, 478.5], [151.5, 478.0], [152.0, 477.5], [153.0, 477.5], [154.0, 477.5], [155.0, 477.5], [156.0, 477.5], [156.5, 477.0], [157.0, 476.5], [158.0, 476.5], [159.0, 476.5], [159.5, 476.0], [160.0, 475.5], [161.0, 475.5], [162.0, 475.5], [163.0, 475.5], [164.0, 475.5], [165.0, 475.5], [166.0, 475.5], [167.0, 475.5], [168.0, 475.5], [169.0, 475.5], [170.0, 475.5], [170.5, 476.0], [171.0, 476.5], [171.5, 477.0], [172.0, 477.5], [172.5, 478.0], [172.5, 479.0], [172.5, 480.0], [172.5, 481.0], [172.5, 482.0], [172.0, 482.5], [171.5, 482.0], [171.0, 481.5], [170.5, 482.0], [170.0, 482.5], [169.5, 483.0], [170.0, 483.5], [170.5, 484.0], [170.0, 484.5], [169.5, 484.0], [169.0, 483.5], [168.5, 484.0], [168.5, 485.0], [168.5, 486.0], [169.0, 486.5], [169.5, 487.0], [170.0, 487.5], [170.5, 488.0], [170.0, 488.5], [169.5, 489.0], [170.0, 489.5], [170.5, 490.0], [170.0, 490.5], [169.5, 491.0], [169.0, 491.5], [168.5, 492.0], [169.0, 492.5], [169.5, 493.0], [169.0, 493.5], [168.5, 494.0], [168.0, 494.5], [167.5, 495.0], [167.0, 495.5], [166.5, 496.0], [166.5, 497.0], [166.0, 497.5], [165.5, 498.0], [165.0, 498.5], [164.5, 499.0], [164.5, 500.0], [164.0, 500.5], [163.5, 501.0], [163.0, 501.5], [162.5, 502.0], [162.5, 503.0], [162.0, 503.5], [161.5, 504.0], [161.5, 505.0], [161.0, 505.5], [160.5, 506.0], [160.0, 506.5], [159.5, 507.0], [159.0, 507.5], [159.0, 507.5]]]}, "properties": {"image": "681q6i2x3rwxxtoxmyjb_al_3_si_5_af_10.png", "iceberg_id": 7, "confidence": 0.6404474973678589}}, {"type": "Feature", "geometry": {"type": "Polygon", "coordinates": [[[220.0, 492.5], [219.0, 492.5], [218.0, 492.5], [217.0, 492.5], [216.0, 492.5], [215.0, 492.5], [214.0, 492.5], [213.0, 492.5], [212.5, 492.0], [212.0, 491.5], [211.0, 491.5], [210.0, 491.5], [209.5, 491.0], [209.0, 490.5], [208.0, 490.5], [207.5, 490.0], [207.0, 489.5], [206.5, 489.0], [206.0, 488.5], [205.5, 488.0], [205.0, 487.5], [204.5, 487.0], [204.5, 486.0], [204.5, 485.0], [204.0, 484.5], [203.5, 484.0], [203.5, 483.0], [203.5, 482.0], [203.5, 481.0], [203.5, 480.0], [203.0, 479.5], [202.5, 479.0], [202.0, 478.5], [201.5, 478.0], [201.0, 477.5], [200.5, 477.0], [200.5, 476.0], [201.0, 475.5], [202.0, 475.5], [203.0, 475.5], [204.0, 475.5], [205.0, 475.5], [206.0, 475.5], [206.5, 476.0], [207.0, 476.5], [207.5, 476.0], [208.0, 475.5], [208.5, 476.0], [209.0, 476.5], [209.5, 476.0], [210.0, 475.5], [210.5, 476.0], [211.0, 476.5], [211.5, 476.0], [212.0, 475.5], [212.5, 476.0], [213.0, 476.5], [214.0, 476.5], [215.0, 476.5], [215.5, 477.0], [216.0, 477.5], [217.0, 477.5], [218.0, 477.5], [218.5, 478.0], [219.0, 478.5], [219.5, 479.0], [220.0, 479.5], [220.5, 480.0], [221.0, 480.5], [221.5, 481.0], [222.0, 481.5], [222.5, 482.0], [222.5, 483.0], [222.5, 484.0], [223.0, 484.5], [223.5, 485.0], [223.5, 486.0], [223.5, 487.0], [223.5, 488.0], [223.5, 489.0], [223.0, 489.5], [222.5, 490.0], [222.0, 490.5], [221.5, 491.0], [221.0, 491.5], [220.5, 492.0], [220.0, 492.5], [220.0, 492.5]]]}, "properties": {"image": "681q6i2x3rwxxtoxmyjb_al_3_si_5_af_10.png", "iceberg_id": 8, "confidence": 0.6404474973678589}}, {"type": "Feature", "geometry": {"type": "Polygon", "coordinates": [[[37.0, 513.5], [36.0, 513.5], [35.0, 513.5], [34.0, 513.5], [33.0, 513.5], [32.5, 513.0], [32.0, 512.5], [31.5, 512.0], [31.0, 511.5], [30.0, 511.5], [29.5, 511.0], [29.5, 510.0], [29.0, 509.5], [28.5, 509.0], [28.0, 508.5], [27.5, 508.0], [27.0, 507.5], [26.5, 507.0], [26.0, 506.5], [25.5, 506.0], [25.0, 505.5], [24.5, 505.0], [24.0, 504.5], [23.5, 504.0], [23.0, 503.5], [22.5, 503.0], [22.0, 502.5], [21.5, 502.0], [21.0, 501.5], [20.5, 501.0], [20.5, 500.0], [20.5, 499.0], [21.0, 498.5], [21.5, 498.0], [21.5, 497.0], [21.5, 496.0], [22.0, 495.5], [22.5, 495.0], [22.0, 494.5], [21.5, 494.0], [21.0, 493.5], [20.5, 494.0], [20.0, 494.5], [19.5, 494.0], [19.5, 493.0], [19.0, 492.5], [18.0, 492.5], [17.5, 492.0], [18.0, 491.5], [18.5, 491.0], [18.0, 490.5], [17.5, 490.0], [18.0, 489.5], [18.5, 489.0], [19.0, 488.5], [19.5, 488.0], [20.0, 487.5], [21.0, 487.5], [22.0, 487.5], [22.5, 487.0], [23.0, 486.5], [23.5, 486.0], [24.0, 485.5], [24.5, 486.0], [25.0, 486.5], [25.5, 486.0], [26.0, 485.5], [27.0, 485.5], [28.0, 485.5], [29.0, 485.5], [30.0, 485.5], [31.0, 485.5], [32.0, 485.5], [33.0, 485.5], [34.0, 485.5], [35.0, 485.5], [36.0, 485.5], [37.0, 485.5], [38.0, 485.5], [39.0, 485.5], [40.0, 485.5], [40.5, 486.0], [41.0, 486.5], [42.0, 486.5], [42.5, 487.0], [42.5, 488.0], [43.0, 488.5], [43.5, 489.0], [44.0, 489.5], [44.5, 490.0], [44.5, 491.0], [44.5, 492.0], [44.5, 493.0], [44.5, 494.0], [45.0, 494.5], [45.5, 495.0], [45.5, 496.0], [45.5, 497.0], [45.5, 498.0], [45.5, 499.0], [45.0, 499.5], [44.5, 500.0], [44.5, 501.0], [44.5, 502.0], [44.0, 502.5], [43.5, 503.0], [43.5, 504.0], [43.0, 504.5], [42.5, 505.0], [42.5, 506.0], [42.0, 506.5], [41.5, 507.0], [41.0, 507.5], [40.5, 508.0], [40.0, 508.5], [39.5, 509.0], [39.0, 509.5], [38.5, 510.0], [39.0, 510.5], [39.5, 511.0], [39.0, 511.5], [38.5, 512.0], [38.0, 512.5], [37.5, 513.0], [37.0, 513.5], [37.0, 513.5]]]}, "properties": {"image": "681q6i2x3rwxxtoxmyjb_al_3_si_5_af_10.png", "iceberg_id": 9, "confidence": 0.6404474973678589}}, {"type": "Feature", "geometry": {"type": "Polygon", "coordinates": [[[169.5, 488.0], [169.0, 487.5], [168.5, 488.0], [169.0, 488.5], [169.5, 488.0], [169.5, 488.0]]]}, "properties": {"image": "681q6i2x3rwxxtoxmyjb_al_3_si_5_af_10.png", "iceberg_id": 10, "confidence": 0.6404474973678589}}, {"type": "Feature", "geometry": {"type": "Polygon", "coordinates": [[[23.5, 496.0], [23.0, 495.5], [22.5, 496.0], [23.0, 496.5], [23.5, 496.0], [23.5, 496.0]]]}, "properties": {"image": "681q6i2x3rwxxtoxmyjb_al_3_si_5_af_10.png", "iceberg_id": 11, "confidence": 0.6404474973678589}}, {"type": "Feature", "geometry": {"type": "Polygon", "coordinates": [[[296.0, 518.5], [295.5, 518.0], [295.0, 517.5], [294.5, 518.0], [294.0, 518.5], [293.5, 518.0], [293.0, 517.5], [292.0, 517.5], [291.5, 517.0], [291.0, 516.5], [290.0, 516.5], [289.5, 516.0], [289.0, 515.5], [288.5, 515.0], [288.0, 514.5], [287.5, 514.0], [287.5, 513.0], [287.5, 512.0], [287.5, 511.0], [287.5, 510.0], [288.0, 509.5], [288.5, 509.0], [289.0, 508.5], [289.5, 508.0], [289.5, 507.0], [290.0, 506.5], [290.5, 506.0], [291.0, 505.5], [291.5, 505.0], [291.5, 504.0], [292.0, 503.5], [293.0, 503.5], [293.5, 503.0], [294.0, 502.5], [295.0, 502.5], [295.5, 502.0], [296.0, 501.5], [296.5, 501.0], [297.0, 500.5], [297.5, 500.0], [298.0, 499.5], [298.5, 500.0], [299.0, 500.5], [299.5, 500.0], [300.0, 499.5], [300.5, 500.0], [301.0, 500.5], [302.0, 500.5], [303.0, 500.5], [303.5, 501.0], [304.0, 501.5], [305.0, 501.5], [306.0, 501.5], [306.5, 502.0], [307.0, 502.5], [307.5, 502.0], [308.0, 501.5], [308.5, 502.0], [308.0, 502.5], [307.5, 503.0], [308.0, 503.5], [308.5, 504.0], [308.0, 504.5], [307.5, 505.0], [307.0, 505.5], [306.5, 506.0], [306.0, 506.5], [305.5, 507.0], [305.0, 507.5], [304.5, 508.0], [304.0, 508.5], [303.5, 509.0], [303.0, 509.5], [302.5, 510.0], [302.0, 510.5], [301.5, 511.0], [301.0, 511.5], [300.5, 512.0], [300.5, 513.0], [300.5, 514.0], [300.0, 514.5], [299.5, 515.0], [299.0, 515.5], [298.5, 516.0], [298.5, 517.0], [298.0, 517.5], [297.0, 517.5], [296.5, 518.0], [296.0, 518.5], [296.0, 518.5]]]}, "properties": {"image": "681q6i2x3rwxxtoxmyjb_al_3_si_5_af_10.png", "iceberg_id": 12, "confidence": 0.6404474973678589}}, {"type": "Feature", "geometry": {"type": "Polygon", "coordinates": [[[307.5, 504.0], [307.0, 503.5], [306.5, 504.0], [307.0, 504.5], [307.5, 504.0], [307.5, 504.0]]]}, "properties": {"image": "681q6i2x3rwxxtoxmyjb_al_3_si_5_af_10.png", "iceberg_id": 13, "confidence": 0.6404474973678589}}, {"type": "Feature", "geometry": {"type": "Polygon", "coordinates": [[[208.0, 656.5], [207.0, 656.5], [206.0, 656.5], [205.0, 656.5], [204.0, 656.5], [203.5, 656.0], [203.0, 655.5], [202.0, 655.5], [201.5, 655.0], [201.0, 654.5], [200.5, 654.0], [200.0, 653.5], [199.5, 653.0], [199.5, 652.0], [199.0, 651.5], [198.5, 651.0], [198.5, 650.0], [198.0, 649.5], [197.5, 649.0], [197.5, 648.0], [197.5, 647.0], [197.5, 646.0], [197.5, 645.0], [197.5, 644.0], [197.5, 643.0], [197.5, 642.0], [197.5, 641.0], [197.5, 640.0], [197.5, 639.0], [197.5, 638.0], [197.5, 637.0], [197.5, 636.0], [198.0, 635.5], [198.5, 635.0], [198.5, 634.0], [198.5, 633.0], [198.5, 632.0], [198.5, 631.0], [199.0, 630.5], [199.5, 630.0], [199.5, 629.0], [199.5, 628.0], [200.0, 627.5], [200.5, 627.0], [200.5, 626.0], [200.5, 625.0], [200.5, 624.0], [200.5, 623.0], [200.0, 622.5], [199.5, 622.0], [199.5, 621.0], [199.0, 620.5], [198.5, 620.0], [198.5, 619.0], [198.0, 618.5], [197.5, 618.0], [197.5, 617.0], [197.5, 616.0], [197.0, 615.5], [196.5, 615.0], [197.0, 614.5], [197.5, 614.0], [197.0, 613.5], [196.5, 613.0], [197.0, 612.5], [197.5, 612.0], [197.5, 611.0], [197.5, 610.0], [197.5, 609.0], [197.5, 608.0], [198.0, 607.5], [198.5, 607.0], [199.0, 606.5], [199.5, 606.0], [199.5, 605.0], [200.0, 604.5], [200.5, 604.0], [201.0, 603.5], [201.5, 603.0], [202.0, 602.5], [202.5, 602.0], [203.0, 601.5], [203.5, 601.0], [204.0, 600.5], [205.0, 600.5], [205.5, 600.0], [206.0, 599.5], [207.0, 599.5], [208.0, 599.5], [209.0, 599.5], [210.0, 599.5], [211.0, 599.5], [212.0, 599.5], [212.5, 599.0], [213.0, 598.5], [213.5, 598.0], [214.0, 597.5], [214.5, 597.0], [214.5, 596.0], [215.0, 595.5], [215.5, 595.0], [215.5, 594.0], [216.0, 593.5], [216.5, 593.0], [217.0, 592.5], [217.5, 592.0], [218.0, 591.5], [219.0, 591.5], [220.0, 591.5], [220.5, 592.0], [221.0, 592.5], [221.5, 593.0], [222.0, 593.5], [222.5, 594.0], [223.0, 594.5], [223.5, 595.0], [223.5, 596.0], [223.5, 597.0], [224.0, 597.5], [224.5, 598.0], [224.5, 599.0], [224.5, 600.0], [224.5, 601.0], [224.5, 602.0], [225.0, 602.5], [225.5, 603.0], [225.5, 604.0], [225.5, 605.0], [225.5, 606.0], [225.5, 607.0], [226.0, 607.5], [226.5, 608.0], [226.5, 609.0], [226.5, 610.0], [226.5, 611.0], [226.5, 612.0], [226.5, 613.0], [226.5, 614.0], [226.0, 614.5], [225.5, 615.0], [225.5, 616.0], [225.5, 617.0], [225.0, 617.5], [224.5, 618.0], [224.0, 618.5], [223.5, 619.0], [223.0, 619.5], [222.5, 620.0], [222.0, 620.5], [221.5, 621.0], [221.0, 621.5], [220.5, 622.0], [220.0, 622.5], [219.5, 623.0], [219.5, 624.0], [219.5, 625.0], [219.5, 626.0], [219.5, 627.0], [220.0, 627.5], [220.5, 628.0], [220.5, 629.0], [220.5, 630.0], [220.5, 631.0], [220.5, 632.0], [221.0, 632.5], [221.5, 633.0], [221.5, 634.0], [221.5, 635.0], [221.5, 636.0], [221.5, 637.0], [221.5, 638.0], [221.5, 639.0], [221.5, 640.0], [221.5, 641.0], [221.0, 641.5], [220.5, 642.0], [220.5, 643.0], [220.5, 644.0], [220.0, 644.5], [219.5, 645.0], [219.5, 646.0], [219.0, 646.5], [218.5, 647.0], [218.5, 648.0], [218.0, 648.5], [217.5, 649.0], [217.0, 649.5], [216.5, 650.0], [216.0, 650.5], [215.5, 651.0], [215.0, 651.5], [214.5, 652.0], [214.0, 652.5], [213.5, 653.0], [213.0, 653.5], [212.5, 654.0], [212.0, 654.5], [211.5, 655.0], [211.0, 655.5], [210.0, 655.5], [209.0, 655.5], [208.5, 656.0], [208.0, 656.5], [208.0, 656.5]]]}, "properties": {"image": "681q6i2x3rwxxtoxmyjb_al_3_si_5_af_10.png", "iceberg_id": 14, "confidence": 0.6404474973678589}}, {"type": "Feature", "geometry": {"type": "Polygon", "coordinates": [[[304.0, 598.5], [303.5, 598.0], [303.0, 597.5], [302.0, 597.5], [301.5, 597.0], [301.5, 596.0], [301.5, 595.0], [302.0, 594.5], [303.0, 594.5], [303.5, 595.0], [304.0, 595.5], [304.5, 596.0], [305.0, 596.5], [305.5, 597.0], [305.0, 597.5], [304.5, 598.0], [304.0, 598.5], [304.0, 598.5]]]}, "properties": {"image": "681q6i2x3rwxxtoxmyjb_al_3_si_5_af_10.png", "iceberg_id": 15, "confidence": 0.6404474973678589}}, {"type": "Feature", "geometry": {"type": "Polygon", "coordinates": [[[271.0, 610.5], [270.0, 610.5], [269.0, 610.5], [268.0, 610.5], [267.0, 610.5], [266.5, 610.0], [266.0, 609.5], [265.0, 609.5], [264.5, 609.0], [264.0, 608.5], [263.5, 608.0], [263.5, 607.0], [263.0, 606.5], [262.5, 606.0], [262.5, 605.0], [262.0, 604.5], [261.5, 604.0], [261.5, 603.0], [261.5, 602.0], [261.5, 601.0], [261.5, 600.0], [262.0, 599.5], [262.5, 599.0], [263.0, 598.5], [263.5, 598.0], [264.0, 597.5], [264.5, 597.0], [265.0, 596.5], [266.0, 596.5], [267.0, 596.5], [268.0, 596.5], [269.0, 596.5], [270.0, 596.5], [270.5, 597.0], [271.0, 597.5], [272.0, 597.5], [272.5, 598.0], [272.5, 599.0], [273.0, 599.5], [273.5, 600.0], [273.5, 601.0], [274.0, 601.5], [274.5, 602.0], [274.5, 603.0], [274.5, 604.0], [274.5, 605.0], [274.5, 606.0], [274.0, 606.5], [273.5, 607.0], [273.5, 608.0], [273.5, 609.0], [273.0, 609.5], [272.0, 609.5], [271.5, 610.0], [271.0, 610.5], [271.0, 610.5]]]}, "properties": {"image": "681q6i2x3rwxxtoxmyjb_al_3_si_5_af_10.png", "iceberg_id": 16, "confidence": 0.6404474973678589}}, {"type": "Feature", "geometry": {"type": "Polygon", "coordinates": [[[0.0, 609.5], [0.5, 610.0], [1.0, 610.5], [1.5, 610.0], [2.0, 609.5], [2.5, 610.0], [3.0, 610.5], [3.5, 610.0], [4.0, 609.5], [5.0, 609.5], [6.0, 609.5], [7.0, 609.5], [8.0, 609.5], [9.0, 609.5], [10.0, 609.5], [11.0, 609.5], [12.0, 609.5], [12.5, 610.0], [13.0, 610.5], [14.0, 610.5], [15.0, 610.5], [15.5, 611.0], [16.0, 611.5], [17.0, 611.5], [17.5, 612.0], [18.0, 612.5], [18.5, 613.0], [19.0, 613.5], [20.0, 613.5], [20.5, 614.0], [21.0, 614.5], [21.5, 615.0], [22.0, 615.5], [22.5, 616.0], [22.5, 617.0], [23.0, 617.5], [23.5, 618.0], [23.5, 619.0], [23.5, 620.0], [23.5, 621.0], [24.0, 621.5], [24.5, 622.0], [24.0, 622.5], [23.5, 623.0], [23.5, 624.0], [23.5, 625.0], [23.5, 626.0], [23.5, 627.0], [23.5, 628.0], [23.5, 629.0], [24.0, 629.5], [24.5, 630.0], [25.0, 630.5], [25.5, 631.0], [25.5, 632.0], [26.0, 632.5], [26.5, 633.0], [26.5, 634.0], [27.0, 634.5], [27.5, 635.0], [27.5, 636.0], [27.5, 637.0], [28.0, 637.5], [28.5, 638.0], [28.5, 639.0], [28.5, 640.0], [29.0, 640.5], [29.5, 641.0], [29.5, 642.0], [29.5, 643.0], [30.0, 643.5], [30.5, 644.0], [30.5, 645.0], [30.5, 646.0], [30.5, 647.0], [30.5, 648.0], [30.5, 649.0], [30.5, 650.0], [30.5, 651.0], [30.0, 651.5], [29.5, 652.0], [29.5, 653.0], [29.5, 654.0], [29.0, 654.5], [28.5, 655.0], [28.5, 656.0], [28.0, 656.5], [27.5, 657.0], [27.0, 657.5], [26.5, 658.0], [26.0, 658.5], [25.5, 659.0], [25.0, 659.5], [24.0, 659.5], [23.0, 659.5], [22.0, 659.5], [21.5, 659.0], [21.0, 658.5], [20.0, 658.5], [19.5, 658.0], [19.0, 657.5], [18.5, 657.0], [18.0, 656.5], [17.5, 656.0], [17.0, 655.5], [16.0, 655.5], [15.5, 655.0], [15.0, 654.5], [14.5, 654.0], [14.0, 653.5], [13.5, 653.0], [13.0, 652.5], [12.5, 652.0], [12.0, 651.5], [11.5, 651.0], [11.5, 650.0], [11.0, 649.5], [10.5, 649.0], [10.0, 648.5], [9.5, 648.0], [9.5, 647.0], [9.0, 646.5], [8.5, 646.0], [8.5, 645.0], [8.0, 644.5], [7.5, 644.0], [7.5, 643.0], [7.0, 642.5], [6.5, 642.0], [6.5, 641.0], [6.5, 640.0], [6.0, 639.5], [5.5, 639.0], [5.5, 638.0], [5.5, 637.0], [5.5, 636.0], [5.5, 635.0], [5.0, 634.5], [4.5, 634.0], [4.5, 633.0], [4.5, 632.0], [4.5, 631.0], [4.0, 630.5], [3.5, 630.0], [3.5, 629.0], [3.0, 628.5], [2.0, 628.5], [1.5, 628.0], [1.0, 627.5], [0.0, 627.5], [0.0, 609.5]]]}, "properties": {"image": "681q6i2x3rwxxtoxmyjb_al_3_si_5_af_10.png", "iceberg_id": 17, "confidence": 0.6404474973678589}}, {"type": "Feature", "geometry": {"type": "Polygon", "coordinates": [[[662.0, 623.5], [661.0, 623.5], [660.5, 623.0], [660.5, 622.0], [660.0, 621.5], [659.5, 621.0], [659.5, 620.0], [659.5, 619.0], [659.5, 618.0], [660.0, 617.5], [661.0, 617.5], [662.0, 617.5], [662.5, 618.0], [662.5, 619.0], [662.5, 620.0], [663.0, 620.5], [663.5, 621.0], [663.5, 622.0], [663.0, 622.5], [662.5, 623.0], [662.0, 623.5], [662.0, 623.5]]]}, "properties": {"image": "681q6i2x3rwxxtoxmyjb_al_3_si_5_af_10.png", "iceberg_id": 18, "confidence": 0.6404474973678589}}, {"type": "Feature", "geometry": {"type": "Polygon", "coordinates": [[[414.5, 675.0], [414.0, 674.5], [413.0, 674.5], [412.0, 674.5], [411.5, 674.0], [411.0, 673.5], [410.5, 673.0], [410.0, 672.5], [409.5, 672.0], [409.0, 671.5], [408.5, 671.0], [408.5, 670.0], [408.0, 669.5], [407.5, 669.0], [407.5, 668.0], [407.0, 667.5], [406.5, 667.0], [406.5, 666.0], [406.5, 665.0], [406.5, 664.0], [406.0, 663.5], [405.5, 663.0], [405.5, 662.0], [405.5, 661.0], [405.5, 660.0], [405.5, 659.0], [405.5, 658.0], [405.5, 657.0], [405.5, 656.0], [405.5, 655.0], [405.5, 654.0], [406.0, 653.5], [406.5, 653.0], [407.0, 652.5], [407.5, 652.0], [408.0, 651.5], [409.0, 651.5], [410.0, 651.5], [410.5, 651.0], [411.0, 650.5], [412.0, 650.5], [413.0, 650.5], [414.0, 650.5], [415.0, 650.5], [416.0, 650.5], [417.0, 650.5], [417.5, 651.0], [418.0, 651.5], [418.5, 652.0], [419.0, 652.5], [419.5, 653.0], [420.0, 653.5], [420.5, 654.0], [420.5, 655.0], [421.0, 655.5], [421.5, 656.0], [421.5, 657.0], [421.5, 658.0], [421.5, 659.0], [422.0, 659.5], [422.5, 660.0], [422.5, 661.0], [422.5, 662.0], [422.5, 663.0], [422.5, 664.0], [422.5, 665.0], [423.0, 665.5], [423.5, 666.0], [423.5, 667.0], [423.5, 668.0], [423.5, 669.0], [423.5, 670.0], [423.5, 671.0], [423.5, 672.0], [423.5, 673.0], [423.5, 674.0], [423.5, 675.0], [414.5, 675.0]]]}, "properties": {"image": "681q6i2x3rwxxtoxmyjb_al_3_si_5_af_10.png", "iceberg_id": 19, "confidence": 0.6404474973678589}}, {"type": "Feature", "geometry": {"type": "Polygon", "coordinates": [[[675.0, 81.5], [674.0, 81.5], [673.0, 81.5], [672.5, 82.0], [672.0, 82.5], [671.5, 82.0], [671.0, 81.5], [670.5, 82.0], [670.0, 82.5], [669.0, 82.5], [668.0, 82.5], [667.5, 83.0], [667.0, 83.5], [666.5, 83.0], [666.0, 82.5], [665.5, 83.0], [665.0, 83.5], [664.5, 83.0], [664.0, 82.5], [663.5, 82.0], [664.0, 81.5], [664.5, 81.0], [665.0, 80.5], [665.5, 80.0], [666.0, 79.5], [666.5, 79.0], [667.0, 78.5], [667.5, 78.0], [668.0, 77.5], [669.0, 77.5], [669.5, 77.0], [669.5, 76.0], [670.0, 75.5], [670.5, 76.0], [671.0, 76.5], [671.5, 76.0], [672.0, 75.5], [672.5, 75.0], [673.0, 74.5], [673.5, 74.0], [674.0, 73.5], [674.5, 74.0], [675.0, 74.5], [675.0, 81.5]]]}, "properties": {"image": "681q6i2x3rwxxtoxmyjb_al_3_si_5_af_20.png", "iceberg_id": 0, "confidence": 0.6382653117179871}}, {"type": "Feature", "geometry": {"type": "Polygon", "coordinates": [[[665.5, 82.0], [665.0, 81.5], [664.5, 82.0], [665.0, 82.5], [665.5, 82.0], [665.5, 82.0]]]}, "properties": {"image": "681q6i2x3rwxxtoxmyjb_al_3_si_5_af_20.png", "iceberg_id": 1, "confidence": 0.6382653117179871}}, {"type": "Feature", "geometry": {"type": "Polygon", "coordinates": [[[644.0, 96.5], [643.5, 96.0], [644.0, 95.5], [644.5, 96.0], [644.0, 96.5], [644.0, 96.5]]]}, "properties": {"image": "681q6i2x3rwxxtoxmyjb_al_3_si_5_af_20.png", "iceberg_id": 2, "confidence": 0.6382653117179871}}, {"type": "Feature", "geometry": {"type": "Polygon", "coordinates": [[[646.0, 96.5], [645.5, 96.0], [646.0, 95.5], [646.5, 96.0], [646.0, 96.5], [646.0, 96.5]]]}, "properties": {"image": "681q6i2x3rwxxtoxmyjb_al_3_si_5_af_20.png", "iceberg_id": 3, "confidence": 0.6382653117179871}}, {"type": "Feature", "geometry": {"type": "Polygon", "coordinates": [[[541.0, 117.5], [540.0, 117.5], [539.0, 117.5], [538.0, 117.5], [537.0, 117.5], [536.0, 117.5], [535.5, 117.0], [535.0, 116.5], [534.0, 116.5], [533.5, 116.0], [533.5, 115.0], [533.5, 114.0], [533.0, 113.5], [532.5, 113.0], [533.0, 112.5], [533.5, 112.0], [533.5, 111.0], [534.0, 110.5], [534.5, 110.0], [534.5, 109.0], [535.0, 108.5], [535.5, 108.0], [536.0, 107.5], [536.5, 107.0], [537.0, 106.5], [537.5, 106.0], [538.0, 105.5], [538.5, 105.0], [539.0, 104.5], [539.5, 104.0], [540.0, 103.5], [541.0, 103.5], [542.0, 103.5], [542.5, 103.0], [543.0, 102.5], [544.0, 102.5], [545.0, 102.5], [546.0, 102.5], [547.0, 102.5], [547.5, 102.0], [548.0, 101.5], [549.0, 101.5], [550.0, 101.5], [551.0, 101.5], [552.0, 101.5], [553.0, 101.5], [554.0, 101.5], [554.5, 102.0], [555.0, 102.5], [555.5, 103.0], [556.0, 103.5], [556.5, 104.0], [557.0, 104.5], [557.5, 105.0], [557.5, 106.0], [557.5, 107.0], [557.0, 107.5], [556.5, 108.0], [556.5, 109.0], [556.0, 109.5], [555.5, 110.0], [555.0, 110.5], [554.5, 111.0], [554.0, 111.5], [553.0, 111.5], [552.5, 112.0], [552.0, 112.5], [551.5, 113.0], [551.0, 113.5], [550.0, 113.5], [549.5, 114.0], [549.0, 114.5], [548.0, 114.5], [547.5, 115.0], [547.0, 115.5], [546.0, 115.5], [545.0, 115.5], [544.5, 116.0], [544.0, 116.5], [543.0, 116.5], [542.0, 116.5], [541.5, 117.0], [541.0, 117.5], [541.0, 117.5]]]}, "properties": {"image": "681q6i2x3rwxxtoxmyjb_al_3_si_5_af_20.png", "iceberg_id": 4, "confidence": 0.6382653117179871}}, {"type": "Feature", "geometry": {"type": "Polygon", "coordinates": [[[654.0, 113.5], [653.0, 113.5], [652.0, 113.5], [651.0, 113.5], [650.0, 113.5], [649.5, 113.0], [649.0, 112.5], [648.5, 112.0], [648.0, 111.5], [647.5, 111.0], [647.5, 110.0], [647.0, 109.5], [646.0, 109.5], [645.5, 109.0], [645.5, 108.0], [646.0, 107.5], [646.5, 108.0], [647.0, 108.5], [647.5, 108.0], [648.0, 107.5], [648.5, 107.0], [649.0, 106.5], [649.5, 106.0], [650.0, 105.5], [650.5, 106.0], [651.0, 106.5], [651.5, 106.0], [652.0, 105.5], [652.5, 105.0], [653.0, 104.5], [653.5, 104.0], [654.0, 103.5], [654.5, 104.0], [655.0, 104.5], [655.5, 104.0], [656.0, 103.5], [656.5, 104.0], [656.0, 104.5], [655.5, 105.0], [656.0, 105.5], [656.5, 106.0], [656.0, 106.5], [655.5, 107.0], [656.0, 107.5], [656.5, 108.0], [656.5, 109.0], [656.5, 110.0], [656.0, 110.5], [655.5, 111.0], [655.0, 111.5], [654.5, 112.0], [654.5, 113.0], [654.0, 113.5], [654.0, 113.5]]]}, "properties": {"image": "681q6i2x3rwxxtoxmyjb_al_3_si_5_af_20.png", "iceberg_id": 5, "confidence": 0.6382653117179871}}, {"type": "Feature", "geometry": {"type": "Polygon", "coordinates": [[[644.0, 108.5], [643.5, 108.0], [644.0, 107.5], [644.5, 108.0], [644.0, 108.5], [644.0, 108.5]]]}, "properties": {"image": "681q6i2x3rwxxtoxmyjb_al_3_si_5_af_20.png", "iceberg_id": 6, "confidence": 0.6382653117179871}}, {"type": "Feature", "geometry": {"type": "Polygon", "coordinates": [[[586.0, 162.5], [585.5, 162.0], [585.0, 161.5], [584.5, 162.0], [584.0, 162.5], [583.5, 162.0], [583.0, 161.5], [582.5, 162.0], [582.0, 162.5], [581.5, 162.0], [581.0, 161.5], [580.5, 162.0], [580.0, 162.5], [579.5, 162.0], [580.0, 161.5], [580.5, 161.0], [580.0, 160.5], [579.5, 160.0], [580.0, 159.5], [581.0, 159.5], [581.5, 159.0], [581.5, 158.0], [582.0, 157.5], [582.5, 157.0], [582.5, 156.0], [583.0, 155.5], [583.5, 155.0], [583.5, 154.0], [584.0, 153.5], [585.0, 153.5], [585.5, 153.0], [585.5, 152.0], [586.0, 151.5], [586.5, 151.0], [587.0, 150.5], [587.5, 150.0], [588.0, 149.5], [588.5, 149.0], [589.0, 148.5], [589.5, 148.0], [589.5, 147.0], [589.5, 146.0], [590.0, 145.5], [591.0, 145.5], [591.5, 145.0], [591.5, 144.0], [592.0, 143.5], [592.5, 143.0], [593.0, 142.5], [593.5, 142.0], [594.0, 141.5], [594.5, 141.0], [595.0, 140.5], [595.5, 140.0], [596.0, 139.5], [596.5, 139.0], [597.0, 138.5], [598.0, 138.5], [599.0, 138.5], [599.5, 138.0], [600.0, 137.5], [600.5, 138.0], [601.0, 138.5], [602.0, 138.5], [603.0, 138.5], [604.0, 138.5], [605.0, 138.5], [605.5, 138.0], [606.0, 137.5], [606.5, 137.0], [607.0, 136.5], [607.5, 136.0], [608.0, 135.5], [609.0, 135.5], [610.0, 135.5], [611.0, 135.5], [612.0, 135.5], [613.0, 135.5], [614.0, 135.5], [614.5, 136.0], [615.0, 136.5], [615.5, 137.0], [616.0, 137.5], [616.5, 138.0], [616.5, 139.0], [616.5, 140.0], [616.5, 141.0], [616.5, 142.0], [616.0, 142.5], [615.5, 143.0], [615.0, 143.5], [614.5, 144.0], [614.0, 144.5], [613.5, 145.0], [613.0, 145.5], [612.5, 146.0], [612.0, 146.5], [611.5, 147.0], [611.0, 147.5], [610.0, 147.5], [609.0, 147.5], [608.5, 148.0], [608.0, 148.5], [607.5, 149.0], [607.0, 149.5], [606.0, 149.5], [605.0, 149.5], [604.5, 150.0], [604.0, 150.5], [603.5, 151.0], [603.0, 151.5], [602.5, 152.0], [602.0, 152.5], [601.5, 153.0], [601.0, 153.5], [600.5, 154.0], [600.0, 154.5], [599.5, 155.0], [599.0, 155.5], [598.5, 156.0], [598.0, 156.5], [597.5, 157.0], [597.0, 157.5], [596.5, 158.0], [596.0, 158.5], [595.0, 158.5], [594.5, 159.0], [594.0, 159.5], [593.0, 159.5], [592.5, 160.0], [592.0, 160.5], [591.0, 160.5], [590.0, 160.5], [589.5, 161.0], [589.0, 161.5], [588.0, 161.5], [587.0, 161.5], [586.5, 162.0], [586.0, 162.5], [586.0, 162.5]]]}, "properties": {"image": "681q6i2x3rwxxtoxmyjb_al_3_si_5_af_20.png", "iceberg_id": 7, "confidence": 0.6382653117179871}}, {"type": "Feature", "geometry": {"type": "Polygon", "coordinates": [[[171.0, 388.5], [170.0, 388.5], [169.0, 388.5], [168.0, 388.5], [167.5, 388.0], [167.0, 387.5], [166.5, 387.0], [167.0, 386.5], [167.5, 386.0], [167.5, 385.0], [167.5, 384.0], [168.0, 383.5], [168.5, 383.0], [168.5, 382.0], [169.0, 381.5], [169.5, 381.0], [169.5, 380.0], [170.0, 379.5], [170.5, 379.0], [171.0, 378.5], [171.5, 378.0], [172.0, 377.5], [173.0, 377.5], [173.5, 377.0], [174.0, 376.5], [175.0, 376.5], [175.5, 376.0], [176.0, 375.5], [177.0, 375.5], [178.0, 375.5], [178.5, 376.0], [179.0, 376.5], [179.5, 377.0], [180.0, 377.5], [180.5, 378.0], [180.0, 378.5], [179.5, 379.0], [180.0, 379.5], [180.5, 380.0], [180.0, 380.5], [179.5, 381.0], [179.5, 382.0], [179.0, 382.5], [178.5, 383.0], [178.0, 383.5], [177.5, 384.0], [177.5, 385.0], [177.0, 385.5], [176.0, 385.5], [175.5, 386.0], [175.0, 386.5], [174.0, 386.5], [173.5, 387.0], [173.0, 387.5], [172.0, 387.5], [171.5, 388.0], [171.0, 388.5], [171.0, 388.5]]]}, "properties": {"image": "681q6i2x3rwxxtoxmyjb_al_3_si_5_af_20.png", "iceberg_id": 8, "confidence": 0.6382653117179871}}, {"type": "Feature", "geometry": {"type": "Polygon", "coordinates": [[[630.0, 112.5], [629.5, 112.0], [629.0, 111.5], [628.5, 112.0], [628.0, 112.5], [627.5, 112.0], [628.0, 111.5], [628.5, 111.0], [628.0, 110.5], [627.5, 110.0], [628.0, 109.5], [629.0, 109.5], [629.5, 109.0], [629.5, 108.0], [630.0, 107.5], [630.5, 107.0], [631.0, 106.5], [631.5, 106.0], [632.0, 105.5], [632.5, 105.0], [633.0, 104.5], [633.5, 104.0], [634.0, 103.5], [634.5, 103.0], [635.0, 102.5], [635.5, 102.0], [635.5, 101.0], [635.5, 100.0], [636.0, 99.5], [636.5, 99.0], [636.5, 98.0], [637.0, 97.5], [637.5, 97.0], [637.5, 96.0], [638.0, 95.5], [638.5, 95.0], [639.0, 94.5], [639.5, 94.0], [640.0, 93.5], [640.5, 93.0], [641.0, 92.5], [641.5, 92.0], [642.0, 91.5], [643.0, 91.5], [644.0, 91.5], [645.0, 91.5], [646.0, 91.5], [646.5, 92.0], [647.0, 92.5], [647.5, 92.0], [648.0, 91.5], [648.5, 92.0], [648.0, 92.5], [647.5, 93.0], [648.0, 93.5], [648.5, 94.0], [648.5, 95.0], [648.5, 96.0], [648.0, 96.5], [647.5, 97.0], [647.0, 97.5], [646.5, 98.0], [646.0, 98.5], [645.5, 99.0], [645.0, 99.5], [644.5, 100.0], [644.0, 100.5], [643.5, 101.0], [643.0, 101.5], [642.5, 102.0], [642.0, 102.5], [641.5, 103.0], [641.0, 103.5], [640.5, 104.0], [640.0, 104.5], [639.5, 105.0], [639.0, 105.5], [638.5, 106.0], [638.5, 107.0], [638.5, 108.0], [638.0, 108.5], [637.5, 109.0], [637.0, 109.5], [636.0, 109.5], [635.0, 109.5], [634.5, 110.0], [634.0, 110.5], [633.5, 111.0], [633.0, 111.5], [632.5, 111.0], [632.0, 110.5], [631.5, 111.0], [631.0, 111.5], [630.5, 112.0], [630.0, 112.5], [630.0, 112.5]]]}, "properties": {"image": "681q6i2x3rwxxtoxmyjb_al_4_si_4_af_10.png", "iceberg_id": 0, "confidence": 0.6402838230133057}}, {"type": "Feature", "geometry": {"type": "Polygon", "coordinates": [[[522.0, 108.5], [521.0, 108.5], [520.0, 108.5], [519.0, 108.5], [518.0, 108.5], [517.0, 108.5], [516.0, 108.5], [515.0, 108.5], [514.0, 108.5], [513.5, 108.0], [513.0, 107.5], [512.0, 107.5], [511.5, 107.0], [511.5, 106.0], [511.0, 105.5], [510.5, 105.0], [511.0, 104.5], [511.5, 104.0], [511.5, 103.0], [512.0, 102.5], [512.5, 102.0], [513.0, 101.5], [514.0, 101.5], [514.5, 101.0], [515.0, 100.5], [516.0, 100.5], [517.0, 100.5], [518.0, 100.5], [519.0, 100.5], [519.5, 100.0], [520.0, 99.5], [520.5, 100.0], [521.0, 100.5], [521.5, 100.0], [522.0, 99.5], [522.5, 100.0], [523.0, 100.5], [524.0, 100.5], [525.0, 100.5], [526.0, 100.5], [526.5, 101.0], [527.0, 101.5], [527.5, 102.0], [528.0, 102.5], [528.5, 103.0], [528.5, 104.0], [528.5, 105.0], [528.0, 105.5], [527.5, 106.0], [527.0, 106.5], [526.0, 106.5], [525.5, 107.0], [525.0, 107.5], [524.0, 107.5], [523.0, 107.5], [522.5, 108.0], [522.0, 108.5], [522.0, 108.5]]]}, "properties": {"image": "681q6i2x3rwxxtoxmyjb_al_4_si_4_af_10.png", "iceberg_id": 1, "confidence": 0.6402838230133057}}, {"type": "Feature", "geometry": {"type": "Polygon", "coordinates": [[[620.0, 140.5], [619.5, 140.0], [619.0, 139.5], [618.5, 140.0], [618.0, 140.5], [617.5, 140.0], [617.0, 139.5], [616.5, 139.0], [616.0, 138.5], [615.5, 138.0], [615.0, 137.5], [614.5, 137.0], [614.0, 136.5], [613.5, 136.0], [614.0, 135.5], [614.5, 135.0], [615.0, 134.5], [615.5, 134.0], [616.0, 133.5], [616.5, 134.0], [617.0, 134.5], [617.5, 134.0], [618.0, 133.5], [618.5, 134.0], [619.0, 134.5], [619.5, 134.0], [620.0, 133.5], [620.5, 134.0], [621.0, 134.5], [621.5, 134.0], [622.0, 133.5], [622.5, 134.0], [622.0, 134.5], [621.5, 135.0], [622.0, 135.5], [622.5, 136.0], [622.0, 136.5], [621.5, 137.0], [622.0, 137.5], [622.5, 138.0], [622.0, 138.5], [621.5, 139.0], [621.0, 139.5], [620.5, 140.0], [620.0, 140.5], [620.0, 140.5]]]}, "properties": {"image": "681q6i2x3rwxxtoxmyjb_al_4_si_4_af_10.png", "iceberg_id": 2, "confidence": 0.6402838230133057}}, {"type": "Feature", "geometry": {"type": "Polygon", "coordinates": [[[585.0, 151.5], [584.5, 151.0], [584.0, 150.5], [583.5, 151.0], [583.0, 151.5], [582.5, 151.0], [582.0, 150.5], [581.0, 150.5], [580.0, 150.5], [579.5, 150.0], [579.0, 149.5], [578.0, 149.5], [577.0, 149.5], [576.5, 149.0], [576.0, 148.5], [575.5, 148.0], [575.0, 147.5], [574.5, 147.0], [574.0, 146.5], [573.5, 146.0], [573.5, 145.0], [573.5, 144.0], [574.0, 143.5], [575.0, 143.5], [575.5, 143.0], [575.5, 142.0], [576.0, 141.5], [577.0, 141.5], [577.5, 141.0], [578.0, 140.5], [579.0, 140.5], [580.0, 140.5], [581.0, 140.5], [581.5, 141.0], [582.0, 141.5], [582.5, 142.0], [583.0, 142.5], [584.0, 142.5], [584.5, 143.0], [585.0, 143.5], [586.0, 143.5], [587.0, 143.5], [588.0, 143.5], [588.5, 144.0], [589.0, 144.5], [590.0, 144.5], [590.5, 145.0], [590.5, 146.0], [591.0, 146.5], [591.5, 147.0], [592.0, 147.5], [592.5, 148.0], [592.5, 149.0], [592.5, 150.0], [592.0, 150.5], [591.0, 150.5], [590.0, 150.5], [589.0, 150.5], [588.0, 150.5], [587.0, 150.5], [586.0, 150.5], [585.5, 151.0], [585.0, 151.5], [585.0, 151.5]]]}, "properties": {"image": "681q6i2x3rwxxtoxmyjb_al_4_si_4_af_10.png", "iceberg_id": 3, "confidence": 0.6402838230133057}}, {"type": "Feature", "geometry": {"type": "Polygon", "coordinates": [[[304.0, 284.5], [303.0, 284.5], [302.0, 284.5], [301.0, 284.5], [300.5, 284.0], [300.0, 283.5], [299.0, 283.5], [298.5, 283.0], [298.0, 282.5], [297.5, 282.0], [297.0, 281.5], [296.5, 281.0], [296.0, 280.5], [295.5, 280.0], [295.0, 279.5], [294.5, 279.0], [294.5, 278.0], [294.5, 277.0], [295.0, 276.5], [295.5, 276.0], [296.0, 275.5], [296.5, 275.0], [297.0, 274.5], [298.0, 274.5], [298.5, 275.0], [299.0, 275.5], [300.0, 275.5], [300.5, 276.0], [301.0, 276.5], [301.5, 277.0], [302.0, 277.5], [302.5, 278.0], [303.0, 278.5], [303.5, 279.0], [304.0, 279.5], [304.5, 280.0], [304.5, 281.0], [305.0, 281.5], [305.5, 282.0], [305.5, 283.0], [305.0, 283.5], [304.5, 284.0], [304.0, 284.5], [304.0, 284.5]]]}, "properties": {"image": "681q6i2x3rwxxtoxmyjb_al_4_si_4_af_10.png", "iceberg_id": 4, "confidence": 0.6402838230133057}}, {"type": "Feature", "geometry": {"type": "Polygon", "coordinates": [[[11.0, 407.5], [10.0, 407.5], [9.0, 407.5], [8.5, 407.0], [8.0, 406.5], [7.5, 406.0], [7.0, 405.5], [6.5, 405.0], [6.0, 404.5], [5.5, 404.0], [5.5, 403.0], [5.5, 402.0], [5.0, 401.5], [4.5, 401.0], [5.0, 400.5], [5.5, 400.0], [5.0, 399.5], [4.5, 399.0], [4.5, 398.0], [4.5, 397.0], [4.0, 396.5], [3.5, 396.0], [3.5, 395.0], [3.5, 394.0], [3.0, 393.5], [2.5, 393.0], [3.0, 392.5], [3.5, 392.0], [3.0, 391.5], [2.5, 391.0], [3.0, 390.5], [3.5, 390.0], [3.5, 389.0], [3.5, 388.0], [4.0, 387.5], [4.5, 387.0], [5.0, 386.5], [5.5, 386.0], [5.5, 385.0], [6.0, 384.5], [7.0, 384.5], [7.5, 384.0], [8.0, 383.5], [9.0, 383.5], [10.0, 383.5], [11.0, 383.5], [12.0, 383.5], [13.0, 383.5], [14.0, 383.5], [14.5, 384.0], [15.0, 384.5], [15.5, 384.0], [16.0, 383.5], [16.5, 384.0], [17.0, 384.5], [18.0, 384.5], [18.5, 385.0], [19.0, 385.5], [20.0, 385.5], [21.0, 385.5], [22.0, 385.5], [23.0, 385.5], [24.0, 385.5], [24.5, 386.0], [25.0, 386.5], [26.0, 386.5], [26.5, 387.0], [27.0, 387.5], [28.0, 387.5], [28.5, 388.0], [29.0, 388.5], [30.0, 388.5], [30.5, 389.0], [30.5, 390.0], [31.0, 390.5], [31.5, 391.0], [31.0, 391.5], [30.5, 392.0], [30.0, 392.5], [29.0, 392.5], [28.0, 392.5], [27.5, 393.0], [27.0, 393.5], [26.5, 394.0], [26.0, 394.5], [25.5, 395.0], [26.0, 395.5], [26.5, 396.0], [26.0, 396.5], [25.5, 397.0], [25.0, 397.5], [24.5, 398.0], [24.0, 398.5], [23.5, 399.0], [23.0, 399.5], [22.5, 400.0], [22.0, 400.5], [21.5, 401.0], [21.0, 401.5], [20.0, 401.5], [19.0, 401.5], [18.5, 402.0], [18.0, 402.5], [17.5, 403.0], [17.0, 403.5], [16.5, 404.0], [16.0, 404.5], [15.0, 404.5], [14.5, 405.0], [14.0, 405.5], [13.0, 405.5], [12.5, 406.0], [12.0, 406.5], [11.5, 407.0], [11.0, 407.5], [11.0, 407.5]]]}, "properties": {"image": "681q6i2x3rwxxtoxmyjb_al_4_si_4_af_10.png", "iceberg_id": 5, "confidence": 0.6402838230133057}}, {"type": "Feature", "geometry": {"type": "Polygon", "coordinates": [[[107.0, 403.5], [106.5, 403.0], [106.0, 402.5], [105.5, 403.0], [105.0, 403.5], [104.5, 403.0], [104.0, 402.5], [103.5, 403.0], [103.0, 403.5], [102.5, 403.0], [102.0, 402.5], [101.5, 403.0], [101.0, 403.5], [100.5, 403.0], [100.0, 402.5], [99.5, 403.0], [99.0, 403.5], [98.5, 403.0], [98.0, 402.5], [97.0, 402.5], [96.0, 402.5], [95.0, 402.5], [94.0, 402.5], [93.0, 402.5], [92.0, 402.5], [91.0, 402.5], [90.0, 402.5], [89.0, 402.5], [88.0, 402.5], [87.5, 402.0], [87.0, 401.5], [86.0, 401.5], [85.0, 401.5], [84.0, 401.5], [83.0, 401.5], [82.0, 401.5], [81.0, 401.5], [80.0, 401.5], [79.0, 401.5], [78.0, 401.5], [77.0, 401.5], [76.0, 401.5], [75.0, 401.5], [74.5, 401.0], [74.0, 400.5], [73.0, 400.5], [72.5, 400.0], [72.0, 399.5], [71.5, 399.0], [71.5, 398.0], [71.5, 397.0], [71.5, 396.0], [71.5, 395.0], [71.5, 394.0], [72.0, 393.5], [73.0, 393.5], [74.0, 393.5], [75.0, 393.5], [76.0, 393.5], [77.0, 393.5], [78.0, 393.5], [79.0, 393.5], [80.0, 393.5], [80.5, 393.0], [81.0, 392.5], [82.0, 392.5], [83.0, 392.5], [84.0, 392.5], [85.0, 392.5], [86.0, 392.5], [87.0, 392.5], [88.0, 392.5], [89.0, 392.5], [90.0, 392.5], [91.0, 392.5], [92.0, 392.5], [93.0, 392.5], [94.0, 392.5], [95.0, 392.5], [96.0, 392.5], [97.0, 392.5], [98.0, 392.5], [99.0, 392.5], [100.0, 392.5], [101.0, 392.5], [102.0, 392.5], [103.0, 392.5], [103.5, 393.0], [104.0, 393.5], [105.0, 393.5], [106.0, 393.5], [107.0, 393.5], [108.0, 393.5], [109.0, 393.5], [110.0, 393.5], [110.5, 394.0], [111.0, 394.5], [112.0, 394.5], [112.5, 395.0], [113.0, 395.5], [114.0, 395.5], [114.5, 396.0], [114.5, 397.0], [114.5, 398.0], [115.0, 398.5], [115.5, 399.0], [115.0, 399.5], [114.5, 400.0], [114.5, 401.0], [114.0, 401.5], [113.0, 401.5], [112.5, 402.0], [112.0, 402.5], [111.0, 402.5], [110.0, 402.5], [109.0, 402.5], [108.0, 402.5], [107.5, 403.0], [107.0, 403.5], [107.0, 403.5]]]}, "properties": {"image": "681q6i2x3rwxxtoxmyjb_al_4_si_4_af_10.png", "iceberg_id": 6, "confidence": 0.6402838230133057}}, {"type": "Feature", "geometry": {"type": "Polygon", "coordinates": [[[25.5, 396.0], [25.0, 395.5], [24.5, 396.0], [25.0, 396.5], [25.5, 396.0], [25.5, 396.0]]]}, "properties": {"image": "681q6i2x3rwxxtoxmyjb_al_4_si_4_af_10.png", "iceberg_id": 7, "confidence": 0.6402838230133057}}, {"type": "Feature", "geometry": {"type": "Polygon", "coordinates": [[[196.0, 428.5], [195.0, 428.5], [194.0, 428.5], [193.0, 428.5], [192.0, 428.5], [191.5, 428.0], [191.0, 427.5], [190.5, 428.0], [190.0, 428.5], [189.5, 428.0], [189.0, 427.5], [188.5, 427.0], [189.0, 426.5], [189.5, 426.0], [189.5, 425.0], [189.5, 424.0], [190.0, 423.5], [190.5, 423.0], [191.0, 422.5], [191.5, 422.0], [192.0, 421.5], [192.5, 421.0], [193.0, 420.5], [193.5, 420.0], [194.0, 419.5], [194.5, 419.0], [195.0, 418.5], [195.5, 418.0], [196.0, 417.5], [197.0, 417.5], [198.0, 417.5], [198.5, 417.0], [199.0, 416.5], [199.5, 416.0], [200.0, 415.5], [200.5, 416.0], [201.0, 416.5], [201.5, 416.0], [202.0, 415.5], [203.0, 415.5], [204.0, 415.5], [204.5, 415.0], [205.0, 414.5], [206.0, 414.5], [207.0, 414.5], [207.5, 415.0], [208.0, 415.5], [208.5, 416.0], [209.0, 416.5], [209.5, 416.0], [210.0, 415.5], [210.5, 416.0], [210.0, 416.5], [209.5, 417.0], [209.0, 417.5], [208.5, 418.0], [208.0, 418.5], [207.5, 419.0], [207.0, 419.5], [206.5, 420.0], [206.0, 420.5], [205.5, 421.0], [205.0, 421.5], [204.5, 422.0], [204.0, 422.5], [203.5, 423.0], [203.0, 423.5], [202.5, 424.0], [202.0, 424.5], [201.5, 425.0], [201.0, 425.5], [200.5, 426.0], [200.0, 426.5], [199.5, 427.0], [199.0, 427.5], [198.0, 427.5], [197.0, 427.5], [196.5, 428.0], [196.0, 428.5], [196.0, 428.5]]]}, "properties": {"image": "681q6i2x3rwxxtoxmyjb_al_4_si_4_af_10.png", "iceberg_id": 8, "confidence": 0.6402838230133057}}, {"type": "Feature", "geometry": {"type": "Polygon", "coordinates": [[[54.0, 520.5], [53.0, 520.5], [52.0, 520.5], [51.0, 520.5], [50.0, 520.5], [49.0, 520.5], [48.0, 520.5], [47.5, 520.0], [47.0, 519.5], [46.0, 519.5], [45.5, 519.0], [45.0, 518.5], [44.5, 518.0], [44.0, 517.5], [43.5, 517.0], [43.0, 516.5], [42.5, 516.0], [42.5, 515.0], [42.0, 514.5], [41.5, 514.0], [41.5, 513.0], [41.5, 512.0], [42.0, 511.5], [42.5, 511.0], [42.5, 510.0], [42.5, 509.0], [43.0, 508.5], [43.5, 508.0], [43.5, 507.0], [43.5, 506.0], [44.0, 505.5], [44.5, 505.0], [44.5, 504.0], [45.0, 503.5], [45.5, 503.0], [45.5, 502.0], [45.5, 501.0], [45.5, 500.0], [45.0, 499.5], [44.5, 499.0], [44.5, 498.0], [44.5, 497.0], [44.5, 496.0], [44.5, 495.0], [44.5, 494.0], [44.5, 493.0], [45.0, 492.5], [45.5, 492.0], [46.0, 491.5], [47.0, 491.5], [47.5, 491.0], [48.0, 490.5], [49.0, 490.5], [50.0, 490.5], [51.0, 490.5], [52.0, 490.5], [53.0, 490.5], [54.0, 490.5], [55.0, 490.5], [56.0, 490.5], [56.5, 491.0], [57.0, 491.5], [58.0, 491.5], [59.0, 491.5], [59.5, 492.0], [60.0, 492.5], [61.0, 492.5], [62.0, 492.5], [63.0, 492.5], [63.5, 492.0], [64.0, 491.5], [64.5, 491.0], [65.0, 490.5], [66.0, 490.5], [67.0, 490.5], [68.0, 490.5], [69.0, 490.5], [70.0, 490.5], [70.5, 491.0], [71.0, 491.5], [72.0, 491.5], [72.5, 492.0], [73.0, 492.5], [73.5, 493.0], [74.0, 493.5], [74.5, 494.0], [75.0, 494.5], [75.5, 495.0], [75.5, 496.0], [75.5, 497.0], [76.0, 497.5], [76.5, 498.0], [76.5, 499.0], [77.0, 499.5], [77.5, 500.0], [77.5, 501.0], [77.5, 502.0], [77.5, 503.0], [78.0, 503.5], [78.5, 504.0], [78.0, 504.5], [77.5, 505.0], [77.5, 506.0], [77.0, 506.5], [76.5, 507.0], [76.0, 507.5], [75.0, 507.5], [74.0, 507.5], [73.0, 507.5], [72.5, 508.0], [72.0, 508.5], [71.0, 508.5], [70.0, 508.5], [69.0, 508.5], [68.5, 509.0], [68.5, 510.0], [68.0, 510.5], [67.5, 511.0], [67.5, 512.0], [67.5, 513.0], [67.5, 514.0], [67.5, 515.0], [67.0, 515.5], [66.5, 516.0], [66.0, 516.5], [65.5, 517.0], [65.0, 517.5], [64.0, 517.5], [63.5, 518.0], [63.0, 518.5], [62.0, 518.5], [61.5, 519.0], [61.0, 519.5], [60.0, 519.5], [59.0, 519.5], [58.0, 519.5], [57.0, 519.5], [56.0, 519.5], [55.0, 519.5], [54.5, 520.0], [54.0, 520.5], [54.0, 520.5]]]}, "properties": {"image": "681q6i2x3rwxxtoxmyjb_al_4_si_4_af_10.png", "iceberg_id": 9, "confidence": 0.6402838230133057}}, {"type": "Feature", "geometry": {"type": "Polygon", "coordinates": [[[151.0, 512.5], [150.0, 512.5], [149.0, 512.5], [148.0, 512.5], [147.0, 512.5], [146.0, 512.5], [145.5, 512.0], [145.0, 511.5], [144.0, 511.5], [143.5, 511.0], [143.5, 510.0], [143.5, 509.0], [143.5, 508.0], [144.0, 507.5], [144.5, 507.0], [145.0, 506.5], [145.5, 506.0], [146.0, 505.5], [147.0, 505.5], [147.5, 505.0], [148.0, 504.5], [149.0, 504.5], [149.5, 504.0], [150.0, 503.5], [151.0, 503.5], [152.0, 503.5], [153.0, 503.5], [154.0, 503.5], [154.5, 504.0], [155.0, 504.5], [155.5, 505.0], [156.0, 505.5], [156.5, 506.0], [156.5, 507.0], [156.5, 508.0], [156.0, 508.5], [155.5, 509.0], [155.0, 509.5], [154.5, 510.0], [154.0, 510.5], [153.5, 511.0], [153.0, 511.5], [152.0, 511.5], [151.5, 512.0], [151.0, 512.5], [151.0, 512.5]]]}, "properties": {"image": "681q6i2x3rwxxtoxmyjb_al_4_si_4_af_10.png", "iceberg_id": 10, "confidence": 0.6402838230133057}}, {"type": "Feature", "geometry": {"type": "Polygon", "coordinates": [[[506.0, 506.5], [505.5, 506.0], [505.0, 505.5], [504.5, 505.0], [505.0, 504.5], [505.5, 504.0], [506.0, 503.5], [507.0, 503.5], [508.0, 503.5], [508.5, 504.0], [508.0, 504.5], [507.5, 505.0], [507.0, 505.5], [506.5, 506.0], [506.0, 506.5], [506.0, 506.5]]]}, "properties": {"image": "681q6i2x3rwxxtoxmyjb_al_4_si_4_af_10.png", "iceberg_id": 11, "confidence": 0.6402838230133057}}, {"type": "Feature", "geometry": {"type": "Polygon", "coordinates": [[[363.0, 563.5], [362.0, 563.5], [361.0, 563.5], [360.0, 563.5], [359.0, 563.5], [358.0, 563.5], [357.0, 563.5], [356.5, 563.0], [356.0, 562.5], [355.0, 562.5], [354.5, 562.0], [354.0, 561.5], [353.0, 561.5], [352.0, 561.5], [351.5, 561.0], [351.0, 560.5], [350.0, 560.5], [349.5, 560.0], [349.0, 559.5], [348.5, 559.0], [348.0, 558.5], [347.5, 558.0], [347.5, 557.0], [347.0, 556.5], [346.5, 556.0], [346.5, 555.0], [346.0, 554.5], [345.5, 554.0], [345.5, 553.0], [345.5, 552.0], [345.5, 551.0], [345.5, 550.0], [345.0, 549.5], [344.5, 549.0], [345.0, 548.5], [345.5, 548.0], [345.5, 547.0], [345.5, 546.0], [346.0, 545.5], [347.0, 545.5], [347.5, 545.0], [348.0, 544.5], [349.0, 544.5], [350.0, 544.5], [351.0, 544.5], [351.5, 545.0], [352.0, 545.5], [353.0, 545.5], [354.0, 545.5], [355.0, 545.5], [356.0, 545.5], [356.5, 546.0], [357.0, 546.5], [358.0, 546.5], [359.0, 546.5], [359.5, 547.0], [360.0, 547.5], [360.5, 548.0], [361.0, 548.5], [361.5, 549.0], [362.0, 549.5], [362.5, 550.0], [362.5, 551.0], [363.0, 551.5], [363.5, 552.0], [363.5, 553.0], [363.5, 554.0], [363.5, 555.0], [364.0, 555.5], [364.5, 556.0], [364.5, 557.0], [364.5, 558.0], [364.5, 559.0], [364.5, 560.0], [364.5, 561.0], [364.5, 562.0], [364.0, 562.5], [363.5, 563.0], [363.0, 563.5], [363.0, 563.5]]]}, "properties": {"image": "681q6i2x3rwxxtoxmyjb_al_4_si_4_af_10.png", "iceberg_id": 12, "confidence": 0.6402838230133057}}, {"type": "Feature", "geometry": {"type": "Polygon", "coordinates": [[[354.0, 68.5], [353.5, 68.0], [353.0, 67.5], [352.5, 68.0], [352.0, 68.5], [351.0, 68.5], [350.0, 68.5], [349.0, 68.5], [348.0, 68.5], [347.5, 68.0], [347.0, 67.5], [346.0, 67.5], [345.0, 67.5], [344.0, 67.5], [343.5, 67.0], [343.0, 66.5], [342.5, 66.0], [342.0, 65.5], [341.5, 65.0], [341.5, 64.0], [341.0, 63.5], [340.5, 63.0], [340.5, 62.0], [340.5, 61.0], [340.0, 60.5], [339.5, 60.0], [339.5, 59.0], [339.5, 58.0], [339.5, 57.0], [339.5, 56.0], [339.0, 55.5], [338.5, 55.0], [338.5, 54.0], [338.5, 53.0], [338.5, 52.0], [338.5, 51.0], [338.5, 50.0], [338.5, 49.0], [338.5, 48.0], [339.0, 47.5], [339.5, 47.0], [339.5, 46.0], [340.0, 45.5], [340.5, 45.0], [341.0, 44.5], [341.5, 44.0], [342.0, 43.5], [343.0, 43.5], [344.0, 43.5], [345.0, 43.5], [346.0, 43.5], [346.5, 44.0], [347.0, 44.5], [348.0, 44.5], [349.0, 44.5], [349.5, 45.0], [350.0, 45.5], [351.0, 45.5], [352.0, 45.5], [353.0, 45.5], [354.0, 45.5], [354.5, 46.0], [355.0, 46.5], [356.0, 46.5], [356.5, 47.0], [357.0, 47.5], [358.0, 47.5], [358.5, 48.0], [359.0, 48.5], [359.5, 49.0], [359.5, 50.0], [360.0, 50.5], [360.5, 51.0], [360.5, 52.0], [361.0, 52.5], [361.5, 53.0], [361.5, 54.0], [361.5, 55.0], [362.0, 55.5], [362.5, 56.0], [362.5, 57.0], [362.5, 58.0], [363.0, 58.5], [363.5, 59.0], [363.5, 60.0], [363.5, 61.0], [363.5, 62.0], [363.5, 63.0], [363.0, 63.5], [362.5, 64.0], [362.5, 65.0], [362.5, 66.0], [362.0, 66.5], [361.0, 66.5], [360.5, 67.0], [360.0, 67.5], [359.0, 67.5], [358.0, 67.5], [357.0, 67.5], [356.0, 67.5], [355.0, 67.5], [354.5, 68.0], [354.0, 68.5], [354.0, 68.5]]]}, "properties": {"image": "681q6i2x3rwxxtoxmyjb_flip.png", "iceberg_id": 0, "confidence": 0.6404706835746765}}, {"type": "Feature", "geometry": {"type": "Polygon", "coordinates": [[[585.0, 115.5], [584.0, 115.5], [583.0, 115.5], [582.0, 115.5], [581.0, 115.5], [580.5, 115.0], [580.0, 114.5], [579.5, 114.0], [579.0, 113.5], [578.5, 113.0], [578.5, 112.0], [578.0, 111.5], [577.5, 111.0], [577.5, 110.0], [577.5, 109.0], [577.5, 108.0], [577.5, 107.0], [577.5, 106.0], [577.5, 105.0], [577.5, 104.0], [577.5, 103.0], [577.5, 102.0], [577.5, 101.0], [577.5, 100.0], [578.0, 99.5], [578.5, 99.0], [579.0, 98.5], [579.5, 98.0], [580.0, 97.5], [580.5, 97.0], [581.0, 96.5], [581.5, 96.0], [582.0, 95.5], [583.0, 95.5], [583.5, 95.0], [584.0, 94.5], [585.0, 94.5], [585.5, 94.0], [586.0, 93.5], [587.0, 93.5], [588.0, 93.5], [588.5, 93.0], [589.0, 92.5], [589.5, 92.0], [589.5, 91.0], [589.5, 90.0], [589.5, 89.0], [589.5, 88.0], [589.5, 87.0], [589.5, 86.0], [590.0, 85.5], [590.5, 85.0], [590.5, 84.0], [590.5, 83.0], [590.5, 82.0], [591.0, 81.5], [591.5, 81.0], [591.5, 80.0], [592.0, 79.5], [592.5, 79.0], [592.5, 78.0], [593.0, 77.5], [593.5, 77.0], [594.0, 76.5], [594.5, 76.0], [595.0, 75.5], [595.5, 75.0], [596.0, 74.5], [596.5, 74.0], [597.0, 73.5], [597.5, 73.0], [598.0, 72.5], [598.5, 72.0], [599.0, 71.5], [600.0, 71.5], [600.5, 71.0], [601.0, 70.5], [601.5, 70.0], [602.0, 69.5], [603.0, 69.5], [603.5, 69.0], [604.0, 68.5], [605.0, 68.5], [605.5, 68.0], [606.0, 67.5], [607.0, 67.5], [607.5, 67.0], [608.0, 66.5], [609.0, 66.5], [609.5, 66.0], [610.0, 65.5], [611.0, 65.5], [612.0, 65.5], [613.0, 65.5], [614.0, 65.5], [615.0, 65.5], [616.0, 65.5], [616.5, 66.0], [617.0, 66.5], [618.0, 66.5], [618.5, 67.0], [619.0, 67.5], [619.5, 68.0], [619.5, 69.0], [620.0, 69.5], [620.5, 70.0], [620.5, 71.0], [621.0, 71.5], [621.5, 72.0], [621.5, 73.0], [621.5, 74.0], [621.5, 75.0], [621.5, 76.0], [621.0, 76.5], [620.5, 77.0], [620.5, 78.0], [620.5, 79.0], [620.0, 79.5], [619.5, 80.0], [619.5, 81.0], [619.0, 81.5], [618.5, 82.0], [618.5, 83.0], [618.5, 84.0], [618.0, 84.5], [617.5, 85.0], [617.5, 86.0], [617.0, 86.5], [616.5, 87.0], [616.5, 88.0], [616.0, 88.5], [615.5, 89.0], [615.0, 89.5], [614.5, 90.0], [614.5, 91.0], [614.5, 92.0], [614.0, 92.5], [613.5, 93.0], [613.5, 94.0], [613.5, 95.0], [614.0, 95.5], [614.5, 96.0], [614.5, 97.0], [615.0, 97.5], [615.5, 98.0], [615.5, 99.0], [615.5, 100.0], [615.5, 101.0], [615.5, 102.0], [615.5, 103.0], [615.0, 103.5], [614.5, 104.0], [614.0, 104.5], [613.5, 105.0], [613.0, 105.5], [612.5, 106.0], [612.0, 106.5], [611.5, 107.0], [611.0, 107.5], [610.5, 108.0], [610.0, 108.5], [609.0, 108.5], [608.5, 109.0], [608.0, 109.5], [607.0, 109.5], [606.0, 109.5], [605.5, 110.0], [605.0, 110.5], [604.0, 110.5], [603.0, 110.5], [602.0, 110.5], [601.5, 111.0], [601.0, 111.5], [600.5, 111.0], [600.0, 110.5], [599.0, 110.5], [598.0, 110.5], [597.0, 110.5], [596.0, 110.5], [595.5, 110.0], [595.0, 109.5], [594.0, 109.5], [593.5, 110.0], [593.0, 110.5], [592.0, 110.5], [591.5, 111.0], [591.0, 111.5], [590.5, 112.0], [590.0, 112.5], [589.0, 112.5], [588.5, 113.0], [588.0, 113.5], [587.5, 114.0], [587.0, 114.5], [586.0, 114.5], [585.5, 115.0], [585.0, 115.5], [585.0, 115.5]]]}, "properties": {"image": "681q6i2x3rwxxtoxmyjb_flip.png", "iceberg_id": 1, "confidence": 0.6404706835746765}}, {"type": "Feature", "geometry": {"type": "Polygon", "coordinates": [[[45.0, 79.5], [44.0, 79.5], [43.0, 79.5], [42.5, 79.0], [42.0, 78.5], [41.5, 78.0], [41.5, 77.0], [41.5, 76.0], [42.0, 75.5], [42.5, 75.0], [43.0, 74.5], [44.0, 74.5], [44.5, 75.0], [45.0, 75.5], [45.5, 76.0], [45.5, 77.0], [45.5, 78.0], [45.5, 79.0], [45.0, 79.5], [45.0, 79.5]]]}, "properties": {"image": "681q6i2x3rwxxtoxmyjb_flip.png", "iceberg_id": 2, "confidence": 0.6404706835746765}}, {"type": "Feature", "geometry": {"type": "Polygon", "coordinates": [[[523.0, 111.5], [522.0, 111.5], [521.0, 111.5], [520.0, 111.5], [519.0, 111.5], [518.0, 111.5], [517.0, 111.5], [516.0, 111.5], [515.5, 111.0], [515.0, 110.5], [514.5, 110.0], [514.0, 109.5], [513.5, 109.0], [513.5, 108.0], [513.5, 107.0], [513.5, 106.0], [514.0, 105.5], [514.5, 105.0], [514.5, 104.0], [515.0, 103.5], [515.5, 103.0], [516.0, 102.5], [516.5, 102.0], [517.0, 101.5], [518.0, 101.5], [518.5, 101.0], [519.0, 100.5], [520.0, 100.5], [521.0, 100.5], [521.5, 100.0], [522.0, 99.5], [523.0, 99.5], [524.0, 99.5], [524.5, 100.0], [525.0, 100.5], [526.0, 100.5], [526.5, 101.0], [527.0, 101.5], [527.5, 102.0], [528.0, 102.5], [528.5, 103.0], [528.5, 104.0], [528.5, 105.0], [528.5, 106.0], [528.5, 107.0], [528.5, 108.0], [528.0, 108.5], [527.5, 109.0], [527.0, 109.5], [526.5, 110.0], [526.0, 110.5], [525.0, 110.5], [524.0, 110.5], [523.5, 111.0], [523.0, 111.5], [523.0, 111.5]]]}, "properties": {"image": "681q6i2x3rwxxtoxmyjb_flip.png", "iceberg_id": 3, "confidence": 0.6404706835746765}}, {"type": "Feature", "geometry": {"type": "Polygon", "coordinates": [[[479.0, 117.5], [478.0, 117.5], [477.0, 117.5], [476.5, 117.0], [476.0, 116.5], [475.5, 116.0], [476.0, 115.5], [476.5, 115.0], [477.0, 114.5], [477.5, 114.0], [478.0, 113.5], [478.5, 114.0], [479.0, 114.5], [479.5, 115.0], [479.5, 116.0], [479.5, 117.0], [479.0, 117.5], [479.0, 117.5]]]}, "properties": {"image": "681q6i2x3rwxxtoxmyjb_flip.png", "iceberg_id": 4, "confidence": 0.6404706835746765}}, {"type": "Feature", "geometry": {"type": "Polygon", "coordinates": [[[215.0, 121.5], [214.5, 121.0], [214.0, 120.5], [213.5, 120.0], [214.0, 119.5], [214.5, 120.0], [215.0, 120.5], [215.5, 121.0], [215.0, 121.5], [215.0, 121.5]]]}, "properties": {"image": "681q6i2x3rwxxtoxmyjb_flip.png", "iceberg_id": 5, "confidence": 0.6404706835746765}}, {"type": "Feature", "geometry": {"type": "Polygon", "coordinates": [[[472.0, 198.5], [471.5, 198.0], [471.0, 197.5], [470.0, 197.5], [469.0, 197.5], [468.0, 197.5], [467.0, 197.5], [466.5, 197.0], [466.0, 196.5], [465.0, 196.5], [464.0, 196.5], [463.5, 196.0], [463.0, 195.5], [462.5, 196.0], [462.0, 196.5], [461.5, 196.0], [461.5, 195.0], [461.5, 194.0], [462.0, 193.5], [462.5, 193.0], [463.0, 192.5], [463.5, 192.0], [464.0, 191.5], [465.0, 191.5], [465.5, 191.0], [466.0, 190.5], [467.0, 190.5], [467.5, 190.0], [468.0, 189.5], [468.5, 189.0], [469.0, 188.5], [469.5, 188.0], [470.0, 187.5], [470.5, 187.0], [471.0, 186.5], [471.5, 186.0], [472.0, 185.5], [472.5, 185.0], [473.0, 184.5], [473.5, 184.0], [474.0, 183.5], [475.0, 183.5], [475.5, 183.0], [476.0, 182.5], [477.0, 182.5], [478.0, 182.5], [479.0, 182.5], [480.0, 182.5], [481.0, 182.5], [482.0, 182.5], [482.5, 183.0], [483.0, 183.5], [484.0, 183.5], [484.5, 184.0], [485.0, 184.5], [485.5, 184.0], [486.0, 183.5], [486.5, 184.0], [487.0, 184.5], [487.5, 185.0], [488.0, 185.5], [488.5, 186.0], [489.0, 186.5], [489.5, 187.0], [489.0, 187.5], [488.5, 188.0], [488.0, 188.5], [487.5, 189.0], [487.0, 189.5], [486.5, 190.0], [486.0, 190.5], [485.5, 191.0], [485.5, 192.0], [485.0, 192.5], [484.5, 193.0], [484.0, 193.5], [483.0, 193.5], [482.5, 194.0], [482.0, 194.5], [481.5, 195.0], [481.0, 195.5], [480.5, 196.0], [480.0, 196.5], [479.5, 196.0], [479.0, 195.5], [478.5, 196.0], [478.0, 196.5], [477.5, 197.0], [477.0, 197.5], [476.0, 197.5], [475.0, 197.5], [474.0, 197.5], [473.0, 197.5], [472.5, 198.0], [472.0, 198.5], [472.0, 198.5]]]}, "properties": {"image": "681q6i2x3rwxxtoxmyjb_flip.png", "iceberg_id": 6, "confidence": 0.6404706835746765}}, {"type": "Feature", "geometry": {"type": "Polygon", "coordinates": [[[652.0, 222.5], [651.5, 222.0], [651.0, 221.5], [650.5, 222.0], [650.0, 222.5], [649.0, 222.5], [648.0, 222.5], [647.0, 222.5], [646.0, 222.5], [645.0, 222.5], [644.0, 222.5], [643.5, 222.0], [643.0, 221.5], [642.0, 221.5], [641.0, 221.5], [640.0, 221.5], [639.0, 221.5], [638.0, 221.5], [637.0, 221.5], [636.5, 222.0], [636.0, 222.5], [635.0, 222.5], [634.0, 222.5], [633.0, 222.5], [632.0, 222.5], [631.0, 222.5], [630.5, 222.0], [630.0, 221.5], [629.0, 221.5], [628.0, 221.5], [627.0, 221.5], [626.0, 221.5], [625.0, 221.5], [624.5, 221.0], [624.0, 220.5], [623.5, 220.0], [623.0, 219.5], [622.5, 219.0], [622.0, 218.5], [621.5, 218.0], [622.0, 217.5], [622.5, 217.0], [623.0, 216.5], [623.5, 216.0], [624.0, 215.5], [624.5, 215.0], [625.0, 214.5], [625.5, 214.0], [626.0, 213.5], [626.5, 214.0], [627.0, 214.5], [627.5, 215.0], [628.0, 215.5], [628.5, 215.0], [629.0, 214.5], [629.5, 214.0], [629.5, 213.0], [629.5, 212.0], [629.0, 211.5], [628.5, 212.0], [628.0, 212.5], [627.5, 212.0], [628.0, 211.5], [628.5, 211.0], [628.0, 210.5], [627.5, 210.0], [628.0, 209.5], [628.5, 209.0], [628.0, 208.5], [627.5, 208.0], [628.0, 207.5], [628.5, 208.0], [629.0, 208.5], [629.5, 208.0], [630.0, 207.5], [630.5, 207.0], [631.0, 206.5], [631.5, 206.0], [632.0, 205.5], [632.5, 205.0], [633.0, 204.5], [633.5, 204.0], [634.0, 203.5], [635.0, 203.5], [635.5, 203.0], [636.0, 202.5], [637.0, 202.5], [637.5, 202.0], [638.0, 201.5], [638.5, 201.0], [639.0, 200.5], [639.5, 200.0], [640.0, 199.5], [640.5, 199.0], [641.0, 198.5], [641.5, 198.0], [642.0, 197.5], [642.5, 197.0], [643.0, 196.5], [643.5, 196.0], [644.0, 195.5], [645.0, 195.5], [646.0, 195.5], [647.0, 195.5], [648.0, 195.5], [649.0, 195.5], [650.0, 195.5], [650.5, 196.0], [651.0, 196.5], [651.5, 196.0], [652.0, 195.5], [652.5, 196.0], [652.5, 197.0], [653.0, 197.5], [653.5, 198.0], [654.0, 198.5], [654.5, 199.0], [654.5, 200.0], [655.0, 200.5], [655.5, 200.0], [656.0, 199.5], [656.5, 200.0], [656.5, 201.0], [657.0, 201.5], [658.0, 201.5], [658.5, 202.0], [658.5, 203.0], [658.5, 204.0], [659.0, 204.5], [659.5, 205.0], [659.5, 206.0], [659.5, 207.0], [659.5, 208.0], [659.5, 209.0], [659.5, 210.0], [659.5, 211.0], [659.5, 212.0], [659.5, 213.0], [659.5, 214.0], [659.5, 215.0], [659.0, 215.5], [658.5, 216.0], [658.5, 217.0], [658.5, 218.0], [658.0, 218.5], [657.5, 219.0], [657.0, 219.5], [656.5, 220.0], [656.0, 220.5], [655.5, 221.0], [655.0, 221.5], [654.0, 221.5], [653.0, 221.5], [652.5, 222.0], [652.0, 222.5], [652.0, 222.5]]]}, "properties": {"image": "681q6i2x3rwxxtoxmyjb_flip.png", "iceberg_id": 7, "confidence": 0.6404706835746765}}, {"type": "Feature", "geometry": {"type": "Polygon", "coordinates": [[[586.0, 216.5], [585.0, 216.5], [584.0, 216.5], [583.5, 216.0], [583.0, 215.5], [582.5, 216.0], [582.0, 216.5], [581.5, 216.0], [581.0, 215.5], [580.5, 216.0], [580.0, 216.5], [579.5, 216.0], [579.0, 215.5], [578.5, 216.0], [578.0, 216.5], [577.5, 216.0], [577.0, 215.5], [576.0, 215.5], [575.0, 215.5], [574.0, 215.5], [573.0, 215.5], [572.0, 215.5], [571.0, 215.5], [570.5, 215.0], [570.0, 214.5], [569.0, 214.5], [568.5, 214.0], [568.0, 213.5], [567.5, 213.0], [567.0, 212.5], [566.5, 212.0], [566.0, 211.5], [565.5, 211.0], [565.5, 210.0], [565.0, 209.5], [564.5, 209.0], [564.5, 208.0], [564.5, 207.0], [564.5, 206.0], [564.5, 205.0], [565.0, 204.5], [565.5, 204.0], [565.5, 203.0], [566.0, 202.5], [566.5, 202.0], [567.0, 201.5], [568.0, 201.5], [568.5, 201.0], [569.0, 200.5], [570.0, 200.5], [571.0, 200.5], [571.5, 200.0], [572.0, 199.5], [573.0, 199.5], [574.0, 199.5], [574.5, 200.0], [575.0, 200.5], [576.0, 200.5], [577.0, 200.5], [578.0, 200.5], [578.5, 201.0], [579.0, 201.5], [580.0, 201.5], [580.5, 202.0], [581.0, 202.5], [582.0, 202.5], [583.0, 202.5], [583.5, 203.0], [584.0, 203.5], [584.5, 204.0], [584.5, 205.0], [585.0, 205.5], [585.5, 206.0], [585.5, 207.0], [586.0, 207.5], [586.5, 208.0], [586.5, 209.0], [586.5, 210.0], [586.5, 211.0], [586.5, 212.0], [586.5, 213.0], [586.5, 214.0], [587.0, 214.5], [587.5, 215.0], [587.0, 215.5], [586.5, 216.0], [586.0, 216.5], [586.0, 216.5]]]}, "properties": {"image": "681q6i2x3rwxxtoxmyjb_flip.png", "iceberg_id": 8, "confidence": 0.6404706835746765}}, {"type": "Feature", "geometry": {"type": "Polygon", "coordinates": [[[394.0, 392.5], [393.0, 392.5], [392.0, 392.5], [391.0, 392.5], [390.5, 392.0], [390.5, 391.0], [390.0, 390.5], [389.5, 390.0], [389.5, 389.0], [389.5, 388.0], [390.0, 387.5], [390.5, 387.0], [391.0, 386.5], [392.0, 386.5], [393.0, 386.5], [393.5, 386.0], [394.0, 385.5], [394.5, 386.0], [395.0, 386.5], [395.5, 387.0], [395.5, 388.0], [395.5, 389.0], [395.5, 390.0], [395.5, 391.0], [395.0, 391.5], [394.5, 392.0], [394.0, 392.5], [394.0, 392.5]]]}, "properties": {"image": "681q6i2x3rwxxtoxmyjb_flip.png", "iceberg_id": 9, "confidence": 0.6404706835746765}}, {"type": "Feature", "geometry": {"type": "Polygon", "coordinates": [[[145.0, 553.5], [144.0, 553.5], [143.0, 553.5], [142.0, 553.5], [141.0, 553.5], [140.5, 553.0], [140.0, 552.5], [139.5, 552.0], [139.0, 551.5], [138.5, 551.0], [138.0, 550.5], [137.5, 550.0], [137.5, 549.0], [137.5, 548.0], [138.0, 547.5], [138.5, 547.0], [139.0, 546.5], [139.5, 546.0], [140.0, 545.5], [140.5, 545.0], [141.0, 544.5], [141.5, 544.0], [142.0, 543.5], [143.0, 543.5], [143.5, 543.0], [144.0, 542.5], [144.5, 542.0], [145.0, 541.5], [145.5, 541.0], [145.5, 540.0], [146.0, 539.5], [147.0, 539.5], [147.5, 539.0], [148.0, 538.5], [149.0, 538.5], [150.0, 538.5], [151.0, 538.5], [151.5, 538.0], [152.0, 537.5], [152.5, 538.0], [153.0, 538.5], [153.5, 538.0], [154.0, 537.5], [154.5, 538.0], [155.0, 538.5], [155.5, 538.0], [156.0, 537.5], [156.5, 538.0], [157.0, 538.5], [157.5, 539.0], [158.0, 539.5], [158.5, 540.0], [158.0, 540.5], [157.5, 541.0], [157.5, 542.0], [157.5, 543.0], [157.0, 543.5], [156.5, 544.0], [156.0, 544.5], [155.5, 545.0], [155.5, 546.0], [155.5, 547.0], [155.0, 547.5], [154.5, 548.0], [154.5, 549.0], [154.5, 550.0], [154.0, 550.5], [153.5, 551.0], [153.0, 551.5], [152.5, 552.0], [152.0, 552.5], [151.0, 552.5], [150.0, 552.5], [149.5, 552.0], [149.0, 551.5], [148.5, 552.0], [148.0, 552.5], [147.5, 552.0], [147.0, 551.5], [146.5, 552.0], [146.0, 552.5], [145.5, 553.0], [145.0, 553.5], [145.0, 553.5]]]}, "properties": {"image": "681q6i2x3rwxxtoxmyjb_flip.png", "iceberg_id": 10, "confidence": 0.6404706835746765}}, {"type": "Feature", "geometry": {"type": "Polygon", "coordinates": [[[117.0, 583.5], [116.5, 583.0], [116.0, 582.5], [115.5, 582.0], [115.0, 581.5], [114.5, 581.0], [114.0, 580.5], [113.5, 580.0], [113.5, 579.0], [113.5, 578.0], [113.5, 577.0], [113.5, 576.0], [113.5, 575.0], [114.0, 574.5], [115.0, 574.5], [116.0, 574.5], [117.0, 574.5], [117.5, 575.0], [118.0, 575.5], [118.5, 576.0], [119.0, 576.5], [119.5, 577.0], [120.0, 577.5], [120.5, 578.0], [121.0, 578.5], [121.5, 579.0], [122.0, 579.5], [122.5, 580.0], [122.0, 580.5], [121.5, 580.0], [121.0, 579.5], [120.5, 580.0], [120.5, 581.0], [120.0, 581.5], [119.0, 581.5], [118.5, 582.0], [118.0, 582.5], [117.5, 583.0], [117.0, 583.5], [117.0, 583.5]]]}, "properties": {"image": "681q6i2x3rwxxtoxmyjb_flip.png", "iceberg_id": 11, "confidence": 0.6404706835746765}}, {"type": "Feature", "geometry": {"type": "Polygon", "coordinates": [[[203.0, 591.5], [202.0, 591.5], [201.0, 591.5], [200.0, 591.5], [199.0, 591.5], [198.5, 591.0], [198.0, 590.5], [197.5, 590.0], [197.0, 589.5], [196.5, 589.0], [196.0, 588.5], [195.5, 588.0], [195.0, 587.5], [194.5, 587.0], [194.5, 586.0], [194.5, 585.0], [194.5, 584.0], [194.5, 583.0], [195.0, 582.5], [195.5, 582.0], [196.0, 581.5], [196.5, 581.0], [197.0, 580.5], [197.5, 580.0], [198.0, 579.5], [199.0, 579.5], [200.0, 579.5], [200.5, 579.0], [201.0, 578.5], [202.0, 578.5], [203.0, 578.5], [203.5, 579.0], [204.0, 579.5], [205.0, 579.5], [206.0, 579.5], [206.5, 580.0], [207.0, 580.5], [207.5, 581.0], [208.0, 581.5], [208.5, 582.0], [208.5, 583.0], [208.5, 584.0], [208.5, 585.0], [208.5, 586.0], [208.5, 587.0], [208.5, 588.0], [208.0, 588.5], [207.5, 589.0], [207.0, 589.5], [206.5, 590.0], [206.0, 590.5], [205.0, 590.5], [204.0, 590.5], [203.5, 591.0], [203.0, 591.5], [203.0, 591.5]]]}, "properties": {"image": "681q6i2x3rwxxtoxmyjb_flip.png", "iceberg_id": 12, "confidence": 0.6404706835746765}}, {"type": "Feature", "geometry": {"type": "Polygon", "coordinates": [[[126.0, 592.5], [125.5, 592.0], [126.0, 591.5], [126.5, 592.0], [126.0, 592.5], [126.0, 592.5]]]}, "properties": {"image": "681q6i2x3rwxxtoxmyjb_flip.png", "iceberg_id": 13, "confidence": 0.6404706835746765}}, {"type": "Feature", "geometry": {"type": "Polygon", "coordinates": [[[128.0, 592.5], [127.5, 592.0], [128.0, 591.5], [128.5, 592.0], [128.0, 592.5], [128.0, 592.5]]]}, "properties": {"image": "681q6i2x3rwxxtoxmyjb_flip.png", "iceberg_id": 14, "confidence": 0.6404706835746765}}, {"type": "Feature", "geometry": {"type": "Polygon", "coordinates": [[[104.0, 624.5], [103.5, 624.0], [103.0, 623.5], [102.5, 624.0], [102.0, 624.5], [101.5, 624.0], [101.0, 623.5], [100.5, 624.0], [100.0, 624.5], [99.5, 624.0], [99.0, 623.5], [98.5, 623.0], [98.0, 622.5], [97.5, 622.0], [97.0, 621.5], [96.5, 621.0], [96.5, 620.0], [96.5, 619.0], [96.0, 618.5], [95.5, 618.0], [96.0, 617.5], [96.5, 617.0], [97.0, 616.5], [97.5, 616.0], [97.5, 615.0], [98.0, 614.5], [99.0, 614.5], [99.5, 614.0], [100.0, 613.5], [100.5, 613.0], [101.0, 612.5], [101.5, 612.0], [102.0, 611.5], [103.0, 611.5], [104.0, 611.5], [104.5, 611.0], [105.0, 610.5], [105.5, 610.0], [106.0, 609.5], [106.5, 609.0], [106.0, 608.5], [105.5, 608.0], [106.0, 607.5], [106.5, 607.0], [107.0, 606.5], [107.5, 606.0], [108.0, 605.5], [108.5, 605.0], [109.0, 604.5], [109.5, 604.0], [110.0, 603.5], [110.5, 604.0], [111.0, 604.5], [111.5, 604.0], [112.0, 603.5], [113.0, 603.5], [114.0, 603.5], [115.0, 603.5], [116.0, 603.5], [116.5, 603.0], [117.0, 602.5], [117.5, 603.0], [118.0, 603.5], [118.5, 604.0], [118.0, 604.5], [117.5, 605.0], [117.0, 605.5], [116.5, 606.0], [116.5, 607.0], [116.5, 608.0], [116.0, 608.5], [115.5, 609.0], [115.0, 609.5], [114.5, 610.0], [114.0, 610.5], [113.5, 611.0], [113.0, 611.5], [112.5, 612.0], [112.0, 612.5], [111.5, 613.0], [111.0, 613.5], [110.5, 614.0], [110.5, 615.0], [110.5, 616.0], [110.5, 617.0], [110.5, 618.0], [110.0, 618.5], [109.5, 619.0], [109.0, 619.5], [108.5, 620.0], [108.0, 620.5], [107.5, 621.0], [107.0, 621.5], [106.5, 622.0], [106.0, 622.5], [105.5, 623.0], [105.0, 623.5], [104.5, 624.0], [104.0, 624.5], [104.0, 624.5]]]}, "properties": {"image": "681q6i2x3rwxxtoxmyjb_flip.png", "iceberg_id": 15, "confidence": 0.6404706835746765}}, {"type": "Feature", "geometry": {"type": "Polygon", "coordinates": [[[117.5, 604.0], [117.0, 603.5], [116.5, 604.0], [117.0, 604.5], [117.5, 604.0], [117.5, 604.0]]]}, "properties": {"image": "681q6i2x3rwxxtoxmyjb_flip.png", "iceberg_id": 16, "confidence": 0.6404706835746765}}, {"type": "Feature", "geometry": {"type": "Polygon", "coordinates": [[[37.0, 661.5], [36.0, 661.5], [35.0, 661.5], [34.0, 661.5], [33.0, 661.5], [32.0, 661.5], [31.0, 661.5], [30.0, 661.5], [29.0, 661.5], [28.0, 661.5], [27.0, 661.5], [26.0, 661.5], [25.0, 661.5], [24.5, 661.0], [24.0, 660.5], [23.0, 660.5], [22.5, 660.0], [22.0, 659.5], [21.5, 659.0], [21.5, 658.0], [21.0, 657.5], [20.5, 657.0], [21.0, 656.5], [21.5, 656.0], [21.0, 655.5], [20.5, 655.0], [20.5, 654.0], [20.5, 653.0], [20.5, 652.0], [20.5, 651.0], [20.5, 650.0], [20.5, 649.0], [20.5, 648.0], [20.5, 647.0], [20.0, 646.5], [19.5, 646.0], [19.5, 645.0], [19.5, 644.0], [19.5, 643.0], [19.5, 642.0], [19.5, 641.0], [19.5, 640.0], [19.5, 639.0], [20.0, 638.5], [20.5, 638.0], [21.0, 637.5], [21.5, 637.0], [22.0, 636.5], [23.0, 636.5], [24.0, 636.5], [25.0, 636.5], [25.5, 637.0], [26.0, 637.5], [26.5, 638.0], [27.0, 638.5], [27.5, 639.0], [28.0, 639.5], [28.5, 640.0], [29.0, 640.5], [29.5, 641.0], [30.0, 641.5], [30.5, 642.0], [31.0, 642.5], [32.0, 642.5], [33.0, 642.5], [34.0, 642.5], [34.5, 643.0], [35.0, 643.5], [36.0, 643.5], [36.5, 644.0], [37.0, 644.5], [38.0, 644.5], [38.5, 645.0], [38.5, 646.0], [39.0, 646.5], [39.5, 647.0], [40.0, 647.5], [40.5, 648.0], [40.5, 649.0], [41.0, 649.5], [41.5, 650.0], [41.5, 651.0], [42.0, 651.5], [42.5, 652.0], [42.5, 653.0], [42.5, 654.0], [42.0, 654.5], [41.5, 655.0], [41.5, 656.0], [41.5, 657.0], [41.0, 657.5], [40.5, 658.0], [40.0, 658.5], [39.5, 659.0], [39.0, 659.5], [38.5, 660.0], [38.0, 660.5], [37.5, 661.0], [37.0, 661.5], [37.0, 661.5]]]}, "properties": {"image": "681q6i2x3rwxxtoxmyjb_flip.png", "iceberg_id": 17, "confidence": 0.6404706835746765}}, {"type": "Feature", "geometry": {"type": "Polygon", "coordinates": [[[107.0, 57.5], [106.0, 57.5], [105.0, 57.5], [104.0, 57.5], [103.0, 57.5], [102.5, 57.0], [102.0, 56.5], [101.0, 56.5], [100.5, 56.0], [100.0, 55.5], [99.5, 55.0], [99.5, 54.0], [99.0, 53.5], [98.5, 53.0], [98.5, 52.0], [98.5, 51.0], [99.0, 50.5], [99.5, 50.0], [100.0, 49.5], [100.5, 49.0], [101.0, 48.5], [101.5, 48.0], [102.0, 47.5], [102.5, 48.0], [103.0, 48.5], [104.0, 48.5], [105.0, 48.5], [105.5, 49.0], [106.0, 49.5], [107.0, 49.5], [107.5, 50.0], [108.0, 50.5], [108.5, 51.0], [108.5, 52.0], [109.0, 52.5], [109.5, 53.0], [109.0, 53.5], [108.5, 54.0], [108.5, 55.0], [108.5, 56.0], [108.0, 56.5], [107.5, 57.0], [107.0, 57.5], [107.0, 57.5]]]}, "properties": {"image": "7r43jfh5ovispq5wh62w_al_3_si_4_af_20.png", "iceberg_id": 0, "confidence": 0.6331081986427307}}, {"type": "Feature", "geometry": {"type": "Polygon", "coordinates": [[[75.0, 106.5], [74.0, 106.5], [73.0, 106.5], [72.0, 106.5], [71.0, 106.5], [70.0, 106.5], [69.0, 106.5], [68.0, 106.5], [67.0, 106.5], [66.0, 106.5], [65.5, 106.0], [65.0, 105.5], [64.0, 105.5], [63.5, 105.0], [63.5, 104.0], [63.0, 103.5], [62.5, 103.0], [63.0, 102.5], [63.5, 102.0], [63.5, 101.0], [63.5, 100.0], [64.0, 99.5], [64.5, 99.0], [65.0, 98.5], [65.5, 98.0], [66.0, 97.5], [67.0, 97.5], [67.5, 97.0], [68.0, 96.5], [69.0, 96.5], [70.0, 96.5], [71.0, 96.5], [72.0, 96.5], [73.0, 96.5], [73.5, 97.0], [74.0, 97.5], [75.0, 97.5], [76.0, 97.5], [76.5, 98.0], [77.0, 98.5], [77.5, 99.0], [78.0, 99.5], [78.5, 100.0], [79.0, 100.5], [79.5, 101.0], [80.0, 101.5], [81.0, 101.5], [81.5, 102.0], [82.0, 102.5], [82.5, 103.0], [82.5, 104.0], [82.0, 104.5], [81.0, 104.5], [80.0, 104.5], [79.5, 105.0], [79.0, 105.5], [78.0, 105.5], [77.0, 105.5], [76.0, 105.5], [75.5, 106.0], [75.0, 106.5], [75.0, 106.5]]]}, "properties": {"image": "7r43jfh5ovispq5wh62w_al_3_si_4_af_20.png", "iceberg_id": 1, "confidence": 0.6331081986427307}}, {"type": "Feature", "geometry": {"type": "Polygon", "coordinates": [[[49.0, 127.5], [48.0, 127.5], [47.0, 127.5], [46.0, 127.5], [45.0, 127.5], [44.5, 127.0], [44.0, 126.5], [43.5, 126.0], [43.5, 125.0], [43.5, 124.0], [43.5, 123.0], [44.0, 122.5], [44.5, 122.0], [44.5, 121.0], [45.0, 120.5], [45.5, 120.0], [46.0, 119.5], [47.0, 119.5], [48.0, 119.5], [48.5, 119.0], [49.0, 118.5], [50.0, 118.5], [50.5, 119.0], [51.0, 119.5], [52.0, 119.5], [52.5, 120.0], [52.5, 121.0], [52.5, 122.0], [53.0, 122.5], [53.5, 123.0], [53.0, 123.5], [52.5, 124.0], [52.0, 124.5], [51.5, 125.0], [51.0, 125.5], [50.5, 126.0], [50.0, 126.5], [49.5, 127.0], [49.0, 127.5], [49.0, 127.5]]]}, "properties": {"image": "7r43jfh5ovispq5wh62w_al_3_si_4_af_20.png", "iceberg_id": 2, "confidence": 0.6331081986427307}}, {"type": "Feature", "geometry": {"type": "Polygon", "coordinates": [[[133.0, 131.5], [132.0, 131.5], [131.0, 131.5], [130.5, 131.0], [130.5, 130.0], [131.0, 129.5], [132.0, 129.5], [132.5, 129.0], [133.0, 128.5], [133.5, 129.0], [134.0, 129.5], [134.5, 130.0], [134.0, 130.5], [133.5, 131.0], [133.0, 131.5], [133.0, 131.5]]]}, "properties": {"image": "7r43jfh5ovispq5wh62w_al_3_si_4_af_20.png", "iceberg_id": 3, "confidence": 0.6331081986427307}}, {"type": "Feature", "geometry": {"type": "Polygon", "coordinates": [[[92.0, 136.5], [91.0, 136.5], [90.0, 136.5], [89.0, 136.5], [88.0, 136.5], [87.0, 136.5], [86.0, 136.5], [85.5, 136.0], [85.0, 135.5], [84.5, 135.0], [84.5, 134.0], [84.5, 133.0], [84.5, 132.0], [84.5, 131.0], [85.0, 130.5], [85.5, 130.0], [86.0, 129.5], [87.0, 129.5], [88.0, 129.5], [89.0, 129.5], [90.0, 129.5], [91.0, 129.5], [92.0, 129.5], [93.0, 129.5], [93.5, 130.0], [94.0, 130.5], [94.5, 131.0], [94.5, 132.0], [94.5, 133.0], [94.5, 134.0], [94.0, 134.5], [93.5, 135.0], [93.0, 135.5], [92.5, 136.0], [92.0, 136.5], [92.0, 136.5]]]}, "properties": {"image": "7r43jfh5ovispq5wh62w_al_3_si_4_af_20.png", "iceberg_id": 4, "confidence": 0.6331081986427307}}, {"type": "Feature", "geometry": {"type": "Polygon", "coordinates": [[[57.0, 154.5], [56.0, 154.5], [55.0, 154.5], [54.0, 154.5], [53.5, 154.0], [53.5, 153.0], [53.5, 152.0], [54.0, 151.5], [54.5, 151.0], [55.0, 150.5], [55.5, 150.0], [56.0, 149.5], [56.5, 149.0], [57.0, 148.5], [57.5, 148.0], [58.0, 147.5], [58.5, 148.0], [59.0, 148.5], [59.5, 148.0], [60.0, 147.5], [60.5, 148.0], [60.5, 149.0], [60.5, 150.0], [60.5, 151.0], [60.5, 152.0], [60.0, 152.5], [59.5, 153.0], [59.0, 153.5], [58.0, 153.5], [57.5, 154.0], [57.0, 154.5], [57.0, 154.5]]]}, "properties": {"image": "7r43jfh5ovispq5wh62w_al_3_si_4_af_20.png", "iceberg_id": 5, "confidence": 0.6331081986427307}}, {"type": "Feature", "geometry": {"type": "Polygon", "coordinates": [[[29.0, 183.5], [28.0, 183.5], [27.0, 183.5], [26.0, 183.5], [25.5, 183.0], [25.0, 182.5], [24.5, 182.0], [24.0, 181.5], [23.5, 181.0], [23.5, 180.0], [23.5, 179.0], [23.5, 178.0], [24.0, 177.5], [24.5, 177.0], [25.0, 176.5], [25.5, 176.0], [26.0, 175.5], [26.5, 175.0], [27.0, 174.5], [27.5, 174.0], [28.0, 173.5], [28.5, 173.0], [29.0, 172.5], [29.5, 172.0], [30.0, 171.5], [30.5, 171.0], [31.0, 170.5], [31.5, 170.0], [32.0, 169.5], [33.0, 169.5], [34.0, 169.5], [35.0, 169.5], [36.0, 169.5], [36.5, 170.0], [37.0, 170.5], [37.5, 171.0], [37.5, 172.0], [37.5, 173.0], [37.0, 173.5], [36.5, 174.0], [36.0, 174.5], [35.5, 175.0], [35.0, 175.5], [34.5, 176.0], [34.0, 176.5], [33.5, 177.0], [33.5, 178.0], [33.0, 178.5], [32.5, 179.0], [32.5, 180.0], [32.0, 180.5], [31.5, 181.0], [31.0, 181.5], [30.5, 182.0], [30.0, 182.5], [29.5, 183.0], [29.0, 183.5], [29.0, 183.5]]]}, "properties": {"image": "7r43jfh5ovispq5wh62w_al_3_si_4_af_20.png", "iceberg_id": 6, "confidence": 0.6331081986427307}}, {"type": "Feature", "geometry": {"type": "Polygon", "coordinates": [[[33.0, 191.5], [32.0, 191.5], [31.0, 191.5], [30.5, 191.0], [30.5, 190.0], [31.0, 189.5], [31.5, 189.0], [32.0, 188.5], [33.0, 188.5], [33.5, 189.0], [34.0, 189.5], [34.5, 190.0], [34.0, 190.5], [33.5, 191.0], [33.0, 191.5], [33.0, 191.5]]]}, "properties": {"image": "7r43jfh5ovispq5wh62w_al_3_si_4_af_20.png", "iceberg_id": 7, "confidence": 0.6331081986427307}}, {"type": "Feature", "geometry": {"type": "Polygon", "coordinates": [[[131.0, 223.5], [130.0, 223.5], [129.0, 223.5], [128.5, 223.0], [128.0, 222.5], [127.5, 222.0], [127.0, 221.5], [126.5, 221.0], [127.0, 220.5], [127.5, 220.0], [128.0, 219.5], [128.5, 219.0], [129.0, 218.5], [129.5, 218.0], [130.0, 217.5], [130.5, 218.0], [131.0, 218.5], [131.5, 218.0], [132.0, 217.5], [132.5, 218.0], [133.0, 218.5], [133.5, 219.0], [134.0, 219.5], [134.5, 220.0], [134.0, 220.5], [133.5, 221.0], [133.5, 222.0], [133.0, 222.5], [132.0, 222.5], [131.5, 223.0], [131.0, 223.5], [131.0, 223.5]]]}, "properties": {"image": "7r43jfh5ovispq5wh62w_al_3_si_4_af_20.png", "iceberg_id": 8, "confidence": 0.6331081986427307}}, {"type": "Feature", "geometry": {"type": "Polygon", "coordinates": [[[82.0, 266.5], [81.0, 266.5], [80.0, 266.5], [79.0, 266.5], [78.0, 266.5], [77.0, 266.5], [76.0, 266.5], [75.0, 266.5], [74.5, 266.0], [74.0, 265.5], [73.0, 265.5], [72.5, 265.0], [72.5, 264.0], [72.5, 263.0], [72.5, 262.0], [73.0, 261.5], [73.5, 261.0], [74.0, 260.5], [75.0, 260.5], [75.5, 260.0], [76.0, 259.5], [77.0, 259.5], [78.0, 259.5], [78.5, 259.0], [79.0, 258.5], [80.0, 258.5], [81.0, 258.5], [82.0, 258.5], [83.0, 258.5], [84.0, 258.5], [85.0, 258.5], [86.0, 258.5], [87.0, 258.5], [87.5, 259.0], [88.0, 259.5], [88.5, 260.0], [88.5, 261.0], [88.5, 262.0], [88.0, 262.5], [87.5, 263.0], [87.0, 263.5], [86.5, 264.0], [86.0, 264.5], [85.5, 265.0], [85.0, 265.5], [84.0, 265.5], [83.0, 265.5], [82.5, 266.0], [82.0, 266.5], [82.0, 266.5]]]}, "properties": {"image": "7r43jfh5ovispq5wh62w_al_3_si_4_af_20.png", "iceberg_id": 9, "confidence": 0.6331081986427307}}, {"type": "Feature", "geometry": {"type": "Polygon", "coordinates": [[[21.0, 269.5], [20.5, 269.0], [20.0, 268.5], [19.5, 268.0], [19.5, 267.0], [20.0, 266.5], [20.5, 266.0], [21.0, 265.5], [22.0, 265.5], [22.5, 266.0], [23.0, 266.5], [23.5, 267.0], [23.0, 267.5], [22.5, 268.0], [22.0, 268.5], [21.5, 269.0], [21.0, 269.5], [21.0, 269.5]]]}, "properties": {"image": "7r43jfh5ovispq5wh62w_al_3_si_4_af_20.png", "iceberg_id": 10, "confidence": 0.6331081986427307}}, {"type": "Feature", "geometry": {"type": "Polygon", "coordinates": [[[138.0, 296.5], [137.0, 296.5], [136.0, 296.5], [135.5, 296.0], [135.5, 295.0], [135.5, 294.0], [135.0, 293.5], [134.5, 293.0], [135.0, 292.5], [135.5, 292.0], [135.5, 291.0], [135.5, 290.0], [136.0, 289.5], [136.5, 289.0], [137.0, 288.5], [137.5, 288.0], [138.0, 287.5], [138.5, 288.0], [139.0, 288.5], [139.5, 289.0], [140.0, 289.5], [140.5, 290.0], [140.5, 291.0], [140.5, 292.0], [140.0, 292.5], [139.5, 293.0], [140.0, 293.5], [140.5, 294.0], [140.0, 294.5], [139.5, 295.0], [139.0, 295.5], [138.5, 296.0], [138.0, 296.5], [138.0, 296.5]]]}, "properties": {"image": "7r43jfh5ovispq5wh62w_al_3_si_4_af_20.png", "iceberg_id": 11, "confidence": 0.6331081986427307}}, {"type": "Feature", "geometry": {"type": "Polygon", "coordinates": [[[110.0, 304.5], [109.5, 304.0], [109.5, 303.0], [109.5, 302.0], [110.0, 301.5], [110.5, 302.0], [111.0, 302.5], [111.5, 302.0], [112.0, 301.5], [112.5, 302.0], [112.0, 302.5], [111.5, 303.0], [111.0, 303.5], [110.5, 304.0], [110.0, 304.5], [110.0, 304.5]]]}, "properties": {"image": "7r43jfh5ovispq5wh62w_al_3_si_4_af_20.png", "iceberg_id": 12, "confidence": 0.6331081986427307}}, {"type": "Feature", "geometry": {"type": "Polygon", "coordinates": [[[115.0, 321.5], [114.0, 321.5], [113.0, 321.5], [112.0, 321.5], [111.0, 321.5], [110.5, 321.0], [110.0, 320.5], [109.5, 320.0], [109.5, 319.0], [109.5, 318.0], [109.5, 317.0], [110.0, 316.5], [110.5, 316.0], [110.5, 315.0], [110.5, 314.0], [111.0, 313.5], [111.5, 313.0], [111.5, 312.0], [112.0, 311.5], [112.5, 311.0], [113.0, 310.5], [113.5, 310.0], [113.5, 309.0], [114.0, 308.5], [115.0, 308.5], [115.5, 308.0], [116.0, 307.5], [116.5, 307.0], [117.0, 306.5], [118.0, 306.5], [119.0, 306.5], [119.5, 306.0], [120.0, 305.5], [121.0, 305.5], [122.0, 305.5], [122.5, 306.0], [123.0, 306.5], [123.5, 307.0], [124.0, 307.5], [124.5, 308.0], [124.5, 309.0], [124.5, 310.0], [124.0, 310.5], [123.5, 311.0], [123.5, 312.0], [123.0, 312.5], [122.5, 313.0], [122.5, 314.0], [122.0, 314.5], [121.5, 315.0], [121.0, 315.5], [120.5, 316.0], [120.0, 316.5], [119.5, 317.0], [119.0, 317.5], [118.5, 318.0], [118.0, 318.5], [117.5, 319.0], [117.0, 319.5], [116.5, 320.0], [116.0, 320.5], [115.5, 321.0], [115.0, 321.5], [115.0, 321.5]]]}, "properties": {"image": "7r43jfh5ovispq5wh62w_al_3_si_4_af_20.png", "iceberg_id": 13, "confidence": 0.6331081986427307}}, {"type": "Feature", "geometry": {"type": "Polygon", "coordinates": [[[117.0, 341.5], [116.0, 341.5], [115.0, 341.5], [114.5, 341.0], [114.0, 340.5], [113.5, 340.0], [113.5, 339.0], [113.5, 338.0], [113.5, 337.0], [114.0, 336.5], [114.5, 336.0], [114.5, 335.0], [115.0, 334.5], [115.5, 334.0], [116.0, 333.5], [117.0, 333.5], [118.0, 333.5], [119.0, 333.5], [120.0, 333.5], [120.5, 334.0], [120.5, 335.0], [120.5, 336.0], [120.5, 337.0], [120.5, 338.0], [120.0, 338.5], [119.5, 339.0], [119.0, 339.5], [118.5, 340.0], [118.0, 340.5], [117.5, 341.0], [117.0, 341.5], [117.0, 341.5]]]}, "properties": {"image": "7r43jfh5ovispq5wh62w_al_3_si_4_af_20.png", "iceberg_id": 14, "confidence": 0.6331081986427307}}, {"type": "Feature", "geometry": {"type": "Polygon", "coordinates": [[[135.0, 393.5], [134.5, 393.0], [134.0, 392.5], [133.5, 392.0], [133.0, 391.5], [132.0, 391.5], [131.5, 391.0], [131.5, 390.0], [131.0, 389.5], [130.5, 389.0], [130.0, 388.5], [129.5, 388.0], [129.0, 387.5], [128.5, 387.0], [128.5, 386.0], [128.0, 385.5], [127.5, 385.0], [127.5, 384.0], [127.5, 383.0], [127.5, 382.0], [127.5, 381.0], [127.5, 380.0], [127.0, 379.5], [126.5, 379.0], [126.5, 378.0], [126.0, 377.5], [125.5, 377.0], [125.5, 376.0], [125.0, 375.5], [124.5, 375.0], [124.0, 374.5], [123.5, 374.0], [123.5, 373.0], [123.5, 372.0], [124.0, 371.5], [124.5, 371.0], [124.5, 370.0], [124.5, 369.0], [125.0, 368.5], [125.5, 368.0], [126.0, 367.5], [127.0, 367.5], [127.5, 367.0], [128.0, 366.5], [129.0, 366.5], [129.5, 366.0], [130.0, 365.5], [131.0, 365.5], [131.5, 365.0], [132.0, 364.5], [133.0, 364.5], [133.5, 364.0], [134.0, 363.5], [135.0, 363.5], [136.0, 363.5], [137.0, 363.5], [138.0, 363.5], [138.5, 364.0], [138.5, 365.0], [139.0, 365.5], [139.5, 366.0], [139.5, 367.0], [139.5, 368.0], [139.5, 369.0], [140.0, 369.5], [140.5, 370.0], [140.5, 371.0], [140.5, 372.0], [140.5, 373.0], [140.5, 374.0], [140.5, 375.0], [140.5, 376.0], [140.0, 376.5], [139.5, 377.0], [139.5, 378.0], [139.5, 379.0], [139.5, 380.0], [139.5, 381.0], [139.0, 381.5], [138.5, 382.0], [138.5, 383.0], [138.5, 384.0], [139.0, 384.5], [139.5, 385.0], [139.0, 385.5], [138.5, 386.0], [139.0, 386.5], [139.5, 387.0], [139.0, 387.5], [138.5, 388.0], [139.0, 388.5], [139.5, 389.0], [139.0, 389.5], [138.5, 390.0], [138.5, 391.0], [138.5, 392.0], [138.0, 392.5], [137.0, 392.5], [136.0, 392.5], [135.5, 393.0], [135.0, 393.5], [135.0, 393.5]]]}, "properties": {"image": "7r43jfh5ovispq5wh62w_al_3_si_4_af_20.png", "iceberg_id": 15, "confidence": 0.6331081986427307}}, {"type": "Feature", "geometry": {"type": "Polygon", "coordinates": [[[0.0, 383.5], [1.0, 383.5], [1.5, 384.0], [1.5, 385.0], [1.5, 386.0], [1.5, 387.0], [1.0, 387.5], [0.5, 388.0], [0.5, 389.0], [0.0, 389.5], [0.0, 383.5]]]}, "properties": {"image": "7r43jfh5ovispq5wh62w_al_3_si_4_af_20.png", "iceberg_id": 16, "confidence": 0.6331081986427307}}, {"type": "Feature", "geometry": {"type": "Polygon", "coordinates": [[[35.0, 391.5], [34.0, 391.5], [33.0, 391.5], [32.0, 391.5], [31.0, 391.5], [30.5, 391.0], [30.0, 390.5], [29.5, 390.0], [30.0, 389.5], [30.5, 389.0], [31.0, 388.5], [31.5, 388.0], [32.0, 387.5], [32.5, 388.0], [33.0, 388.5], [33.5, 388.0], [34.0, 387.5], [34.5, 388.0], [35.0, 388.5], [35.5, 389.0], [36.0, 389.5], [36.5, 390.0], [36.0, 390.5], [35.5, 391.0], [35.0, 391.5], [35.0, 391.5]]]}, "properties": {"image": "7r43jfh5ovispq5wh62w_al_3_si_4_af_20.png", "iceberg_id": 17, "confidence": 0.6331081986427307}}, {"type": "Feature", "geometry": {"type": "Polygon", "coordinates": [[[154.0, 434.5], [153.0, 434.5], [152.0, 434.5], [151.5, 434.0], [151.0, 433.5], [150.0, 433.5], [149.0, 433.5], [148.5, 433.0], [148.5, 432.0], [148.5, 431.0], [148.0, 430.5], [147.5, 430.0], [148.0, 429.5], [148.5, 429.0], [148.5, 428.0], [149.0, 427.5], [149.5, 427.0], [150.0, 426.5], [151.0, 426.5], [151.5, 426.0], [152.0, 425.5], [152.5, 425.0], [153.0, 424.5], [154.0, 424.5], [155.0, 424.5], [156.0, 424.5], [156.5, 425.0], [157.0, 425.5], [158.0, 425.5], [158.5, 426.0], [158.5, 427.0], [158.5, 428.0], [159.0, 428.5], [159.5, 429.0], [159.0, 429.5], [158.5, 430.0], [158.0, 430.5], [157.5, 431.0], [157.0, 431.5], [156.5, 432.0], [156.0, 432.5], [155.5, 433.0], [155.0, 433.5], [154.5, 434.0], [154.0, 434.5], [154.0, 434.5]]]}, "properties": {"image": "7r43jfh5ovispq5wh62w_al_3_si_4_af_20.png", "iceberg_id": 18, "confidence": 0.6331081986427307}}, {"type": "Feature", "geometry": {"type": "Polygon", "coordinates": [[[156.0, 450.5], [155.5, 450.0], [155.0, 449.5], [154.5, 449.0], [154.0, 448.5], [153.5, 448.0], [154.0, 447.5], [154.5, 447.0], [154.0, 446.5], [153.5, 446.0], [154.0, 445.5], [154.5, 446.0], [155.0, 446.5], [155.5, 446.0], [156.0, 445.5], [156.5, 446.0], [157.0, 446.5], [157.5, 446.0], [158.0, 445.5], [158.5, 446.0], [158.0, 446.5], [157.5, 447.0], [158.0, 447.5], [158.5, 448.0], [158.0, 448.5], [157.5, 449.0], [157.0, 449.5], [156.5, 450.0], [156.0, 450.5], [156.0, 450.5]]]}, "properties": {"image": "7r43jfh5ovispq5wh62w_al_3_si_4_af_20.png", "iceberg_id": 19, "confidence": 0.6331081986427307}}, {"type": "Feature", "geometry": {"type": "Polygon", "coordinates": [[[168.0, 506.5], [167.5, 506.0], [167.0, 505.5], [166.5, 505.0], [166.0, 504.5], [165.5, 504.0], [165.5, 503.0], [165.5, 502.0], [165.5, 501.0], [165.5, 500.0], [165.0, 499.5], [164.5, 499.0], [164.0, 498.5], [163.5, 498.0], [163.0, 497.5], [162.5, 497.0], [162.0, 496.5], [161.5, 496.0], [161.0, 495.5], [160.5, 495.0], [160.0, 494.5], [159.5, 494.0], [159.5, 493.0], [159.5, 492.0], [159.5, 491.0], [159.5, 490.0], [159.5, 489.0], [159.5, 488.0], [159.5, 487.0], [159.5, 486.0], [159.0, 485.5], [158.5, 485.0], [158.5, 484.0], [158.5, 483.0], [158.0, 482.5], [157.5, 482.0], [157.0, 481.5], [156.5, 481.0], [156.5, 480.0], [156.5, 479.0], [156.0, 478.5], [155.5, 478.0], [155.0, 477.5], [154.5, 477.0], [154.5, 476.0], [154.0, 475.5], [153.5, 475.0], [153.0, 474.5], [152.5, 474.0], [152.5, 473.0], [152.0, 472.5], [151.5, 472.0], [151.5, 471.0], [151.5, 470.0], [152.0, 469.5], [152.5, 469.0], [152.0, 468.5], [151.5, 468.0], [152.0, 467.5], [152.5, 467.0], [152.5, 466.0], [153.0, 465.5], [153.5, 465.0], [153.5, 464.0], [154.0, 463.5], [154.5, 463.0], [155.0, 462.5], [155.5, 462.0], [155.5, 461.0], [155.5, 460.0], [156.0, 459.5], [156.5, 459.0], [156.5, 458.0], [157.0, 457.5], [157.5, 457.0], [157.5, 456.0], [158.0, 455.5], [158.5, 456.0], [159.0, 456.5], [159.5, 456.0], [160.0, 455.5], [161.0, 455.5], [161.5, 455.0], [162.0, 454.5], [162.5, 455.0], [163.0, 455.5], [164.0, 455.5], [164.5, 456.0], [165.0, 456.5], [165.5, 456.0], [166.0, 455.5], [166.5, 456.0], [166.5, 457.0], [167.0, 457.5], [168.0, 457.5], [168.5, 458.0], [169.0, 458.5], [169.5, 459.0], [170.0, 459.5], [170.5, 460.0], [170.5, 461.0], [170.5, 462.0], [171.0, 462.5], [171.5, 462.0], [172.0, 461.5], [172.5, 462.0], [173.0, 462.5], [173.5, 463.0], [174.0, 463.5], [174.5, 464.0], [175.0, 464.5], [175.5, 464.0], [176.0, 463.5], [176.5, 464.0], [176.0, 464.5], [175.5, 465.0], [176.0, 465.5], [176.5, 466.0], [176.5, 467.0], [176.5, 468.0], [176.5, 469.0], [176.5, 470.0], [177.0, 470.5], [177.5, 471.0], [178.0, 471.5], [178.5, 472.0], [178.0, 472.5], [177.5, 473.0], [178.0, 473.5], [178.5, 474.0], [178.5, 475.0], [178.5, 476.0], [178.5, 477.0], [178.5, 478.0], [178.0, 478.5], [177.5, 479.0], [178.0, 479.5], [178.5, 480.0], [178.0, 480.5], [177.5, 481.0], [177.0, 481.5], [176.5, 482.0], [177.0, 482.5], [177.5, 483.0], [177.0, 483.5], [176.5, 484.0], [177.0, 484.5], [177.5, 485.0], [177.5, 486.0], [177.5, 487.0], [177.5, 488.0], [177.5, 489.0], [178.0, 489.5], [178.5, 490.0], [178.0, 490.5], [177.5, 491.0], [178.0, 491.5], [178.5, 492.0], [178.0, 492.5], [177.5, 493.0], [178.0, 493.5], [178.5, 494.0], [178.0, 494.5], [177.5, 495.0], [177.0, 495.5], [176.5, 496.0], [177.0, 496.5], [177.5, 497.0], [177.0, 497.5], [176.5, 498.0], [176.0, 498.5], [175.5, 499.0], [175.0, 499.5], [174.5, 500.0], [174.0, 500.5], [173.5, 501.0], [173.0, 501.5], [172.5, 502.0], [172.0, 502.5], [171.5, 503.0], [171.0, 503.5], [170.5, 504.0], [170.0, 504.5], [169.5, 505.0], [169.0, 505.5], [168.5, 506.0], [168.0, 506.5], [168.0, 506.5]]]}, "properties": {"image": "7r43jfh5ovispq5wh62w_al_3_si_4_af_20.png", "iceberg_id": 20, "confidence": 0.6331081986427307}}, {"type": "Feature", "geometry": {"type": "Polygon", "coordinates": [[[172.5, 463.0], [172.0, 462.5], [171.5, 463.0], [172.0, 463.5], [172.5, 463.0], [172.5, 463.0]]]}, "properties": {"image": "7r43jfh5ovispq5wh62w_al_3_si_4_af_20.png", "iceberg_id": 21, "confidence": 0.6331081986427307}}, {"type": "Feature", "geometry": {"type": "Polygon", "coordinates": [[[173.5, 464.0], [173.0, 463.5], [172.5, 464.0], [173.0, 464.5], [173.5, 464.0], [173.5, 464.0]]]}, "properties": {"image": "7r43jfh5ovispq5wh62w_al_3_si_4_af_20.png", "iceberg_id": 22, "confidence": 0.6331081986427307}}, {"type": "Feature", "geometry": {"type": "Polygon", "coordinates": [[[171.5, 466.0], [171.0, 465.5], [170.5, 466.0], [171.0, 466.5], [171.5, 466.0], [171.5, 466.0]]]}, "properties": {"image": "7r43jfh5ovispq5wh62w_al_3_si_4_af_20.png", "iceberg_id": 23, "confidence": 0.6331081986427307}}, {"type": "Feature", "geometry": {"type": "Polygon", "coordinates": [[[172.5, 467.0], [172.0, 466.5], [171.5, 467.0], [172.0, 467.5], [172.5, 467.0], [172.5, 467.0]]]}, "properties": {"image": "7r43jfh5ovispq5wh62w_al_3_si_4_af_20.png", "iceberg_id": 24, "confidence": 0.6331081986427307}}, {"type": "Feature", "geometry": {"type": "Polygon", "coordinates": [[[169.5, 484.0], [169.5, 483.0], [169.5, 482.0], [170.0, 481.5], [170.5, 482.0], [171.0, 482.5], [171.5, 482.0], [172.0, 481.5], [172.5, 481.0], [172.0, 480.5], [171.5, 480.0], [172.0, 479.5], [172.5, 479.0], [172.0, 478.5], [171.5, 478.0], [171.5, 477.0], [171.5, 476.0], [172.0, 475.5], [172.5, 475.0], [172.0, 474.5], [171.5, 474.0], [172.0, 473.5], [173.0, 473.5], [173.5, 473.0], [173.5, 472.0], [174.0, 471.5], [174.5, 471.0], [174.0, 470.5], [173.5, 470.0], [174.0, 469.5], [174.5, 469.0], [174.0, 468.5], [173.5, 468.0], [173.0, 467.5], [172.5, 468.0], [172.0, 468.5], [171.5, 468.0], [171.0, 467.5], [170.5, 468.0], [170.0, 468.5], [169.5, 468.0], [169.0, 467.5], [168.5, 468.0], [168.0, 468.5], [167.5, 469.0], [167.0, 469.5], [166.5, 470.0], [166.0, 470.5], [165.5, 471.0], [165.0, 471.5], [164.5, 472.0], [165.0, 472.5], [165.5, 473.0], [165.0, 473.5], [164.5, 474.0], [165.0, 474.5], [166.0, 474.5], [166.5, 475.0], [166.5, 476.0], [167.0, 476.5], [167.5, 476.0], [168.0, 475.5], [168.5, 476.0], [168.0, 476.5], [167.5, 477.0], [168.0, 477.5], [168.5, 478.0], [168.0, 478.5], [167.5, 479.0], [168.0, 479.5], [168.5, 480.0], [168.0, 480.5], [167.5, 481.0], [168.0, 481.5], [168.5, 482.0], [168.0, 482.5], [167.5, 483.0], [168.0, 483.5], [168.5, 484.0], [169.0, 484.5], [169.5, 484.0], [169.5, 484.0]]]}, "properties": {"image": "7r43jfh5ovispq5wh62w_al_3_si_4_af_20.png", "iceberg_id": 25, "confidence": 0.6331081986427307}}, {"type": "Feature", "geometry": {"type": "Polygon", "coordinates": [[[175.5, 468.0], [175.0, 467.5], [174.5, 468.0], [175.0, 468.5], [175.5, 468.0], [175.5, 468.0]]]}, "properties": {"image": "7r43jfh5ovispq5wh62w_al_3_si_4_af_20.png", "iceberg_id": 26, "confidence": 0.6331081986427307}}, {"type": "Feature", "geometry": {"type": "Polygon", "coordinates": [[[175.5, 470.0], [175.0, 469.5], [174.5, 470.0], [175.0, 470.5], [175.5, 470.0], [175.5, 470.0]]]}, "properties": {"image": "7r43jfh5ovispq5wh62w_al_3_si_4_af_20.png", "iceberg_id": 27, "confidence": 0.6331081986427307}}, {"type": "Feature", "geometry": {"type": "Polygon", "coordinates": [[[170.0, 476.5], [169.5, 476.0], [170.0, 475.5], [170.5, 476.0], [170.0, 476.5], [170.0, 476.5]]]}, "properties": {"image": "7r43jfh5ovispq5wh62w_al_3_si_4_af_20.png", "iceberg_id": 28, "confidence": 0.6331081986427307}}, {"type": "Feature", "geometry": {"type": "Polygon", "coordinates": [[[167.5, 478.0], [167.0, 477.5], [166.5, 478.0], [167.0, 478.5], [167.5, 478.0], [167.5, 478.0]]]}, "properties": {"image": "7r43jfh5ovispq5wh62w_al_3_si_4_af_20.png", "iceberg_id": 29, "confidence": 0.6331081986427307}}, {"type": "Feature", "geometry": {"type": "Polygon", "coordinates": [[[170.0, 478.5], [169.5, 478.0], [170.0, 477.5], [170.5, 478.0], [170.0, 478.5], [170.0, 478.5]]]}, "properties": {"image": "7r43jfh5ovispq5wh62w_al_3_si_4_af_20.png", "iceberg_id": 30, "confidence": 0.6331081986427307}}, {"type": "Feature", "geometry": {"type": "Polygon", "coordinates": [[[167.5, 480.0], [167.0, 479.5], [166.5, 480.0], [167.0, 480.5], [167.5, 480.0], [167.5, 480.0]]]}, "properties": {"image": "7r43jfh5ovispq5wh62w_al_3_si_4_af_20.png", "iceberg_id": 31, "confidence": 0.6331081986427307}}, {"type": "Feature", "geometry": {"type": "Polygon", "coordinates": [[[170.0, 480.5], [169.5, 480.0], [170.0, 479.5], [170.5, 480.0], [170.0, 480.5], [170.0, 480.5]]]}, "properties": {"image": "7r43jfh5ovispq5wh62w_al_3_si_4_af_20.png", "iceberg_id": 32, "confidence": 0.6331081986427307}}, {"type": "Feature", "geometry": {"type": "Polygon", "coordinates": [[[30.0, 486.5], [29.0, 486.5], [28.5, 486.0], [28.0, 485.5], [27.5, 485.0], [27.5, 484.0], [27.0, 483.5], [26.5, 483.0], [27.0, 482.5], [27.5, 482.0], [28.0, 481.5], [28.5, 481.0], [29.0, 480.5], [30.0, 480.5], [30.5, 481.0], [31.0, 481.5], [32.0, 481.5], [32.5, 482.0], [32.5, 483.0], [32.5, 484.0], [32.5, 485.0], [32.0, 485.5], [31.0, 485.5], [30.5, 486.0], [30.0, 486.5], [30.0, 486.5]]]}, "properties": {"image": "7r43jfh5ovispq5wh62w_al_3_si_4_af_20.png", "iceberg_id": 33, "confidence": 0.6331081986427307}}, {"type": "Feature", "geometry": {"type": "Polygon", "coordinates": [[[167.5, 482.0], [167.0, 481.5], [166.5, 482.0], [167.0, 482.5], [167.5, 482.0], [167.5, 482.0]]]}, "properties": {"image": "7r43jfh5ovispq5wh62w_al_3_si_4_af_20.png", "iceberg_id": 34, "confidence": 0.6331081986427307}}, {"type": "Feature", "geometry": {"type": "Polygon", "coordinates": [[[128.0, 498.5], [127.0, 498.5], [126.0, 498.5], [125.5, 498.0], [125.0, 497.5], [124.5, 497.0], [124.5, 496.0], [125.0, 495.5], [125.5, 495.0], [125.5, 494.0], [126.0, 493.5], [127.0, 493.5], [127.5, 493.0], [128.0, 492.5], [129.0, 492.5], [130.0, 492.5], [130.5, 493.0], [131.0, 493.5], [131.5, 494.0], [131.5, 495.0], [131.5, 496.0], [131.0, 496.5], [130.5, 497.0], [130.0, 497.5], [129.0, 497.5], [128.5, 498.0], [128.0, 498.5], [128.0, 498.5]]]}, "properties": {"image": "7r43jfh5ovispq5wh62w_al_3_si_4_af_20.png", "iceberg_id": 35, "confidence": 0.6331081986427307}}, {"type": "Feature", "geometry": {"type": "Polygon", "coordinates": [[[170.0, 532.5], [169.5, 532.0], [169.0, 531.5], [168.5, 532.0], [168.0, 532.5], [167.5, 532.0], [167.0, 531.5], [166.5, 531.0], [166.0, 530.5], [165.5, 530.0], [165.0, 529.5], [164.5, 529.0], [164.5, 528.0], [164.5, 527.0], [164.5, 526.0], [164.5, 525.0], [164.5, 524.0], [164.5, 523.0], [164.0, 522.5], [163.5, 522.0], [163.0, 521.5], [162.5, 521.0], [162.0, 520.5], [161.5, 520.0], [161.5, 519.0], [161.5, 518.0], [161.5, 517.0], [161.5, 516.0], [162.0, 515.5], [162.5, 515.0], [163.0, 514.5], [163.5, 514.0], [164.0, 513.5], [164.5, 513.0], [165.0, 512.5], [165.5, 512.0], [166.0, 511.5], [167.0, 511.5], [167.5, 511.0], [168.0, 510.5], [169.0, 510.5], [169.5, 510.0], [170.0, 509.5], [171.0, 509.5], [172.0, 509.5], [173.0, 509.5], [174.0, 509.5], [174.5, 510.0], [174.5, 511.0], [174.5, 512.0], [174.5, 513.0], [174.5, 514.0], [174.5, 515.0], [174.5, 516.0], [174.5, 517.0], [174.5, 518.0], [174.5, 519.0], [174.5, 520.0], [175.0, 520.5], [175.5, 521.0], [175.5, 522.0], [175.5, 523.0], [175.0, 523.5], [174.5, 524.0], [174.5, 525.0], [174.5, 526.0], [174.0, 526.5], [173.5, 527.0], [173.0, 527.5], [172.5, 528.0], [172.5, 529.0], [172.5, 530.0], [172.0, 530.5], [171.5, 531.0], [171.0, 531.5], [170.5, 532.0], [170.0, 532.5], [170.0, 532.5]]]}, "properties": {"image": "7r43jfh5ovispq5wh62w_al_3_si_4_af_20.png", "iceberg_id": 36, "confidence": 0.6331081986427307}}, {"type": "Feature", "geometry": {"type": "Polygon", "coordinates": [[[81.0, 526.5], [80.0, 526.5], [79.0, 526.5], [78.0, 526.5], [77.0, 526.5], [76.0, 526.5], [75.0, 526.5], [74.5, 526.0], [74.0, 525.5], [73.5, 525.0], [73.5, 524.0], [73.5, 523.0], [74.0, 522.5], [74.5, 522.0], [75.0, 521.5], [76.0, 521.5], [76.5, 521.0], [77.0, 520.5], [78.0, 520.5], [79.0, 520.5], [79.5, 521.0], [80.0, 521.5], [81.0, 521.5], [81.5, 522.0], [81.5, 523.0], [82.0, 523.5], [82.5, 524.0], [82.0, 524.5], [81.5, 525.0], [81.5, 526.0], [81.0, 526.5], [81.0, 526.5]]]}, "properties": {"image": "7r43jfh5ovispq5wh62w_al_3_si_4_af_20.png", "iceberg_id": 37, "confidence": 0.6331081986427307}}, {"type": "Feature", "geometry": {"type": "Polygon", "coordinates": [[[139.0, 527.5], [138.0, 527.5], [137.0, 527.5], [136.0, 527.5], [135.0, 527.5], [134.5, 527.0], [134.0, 526.5], [133.5, 526.0], [133.5, 525.0], [134.0, 524.5], [134.5, 524.0], [135.0, 523.5], [135.5, 523.0], [136.0, 522.5], [137.0, 522.5], [137.5, 522.0], [138.0, 521.5], [138.5, 522.0], [139.0, 522.5], [139.5, 522.0], [140.0, 521.5], [140.5, 522.0], [141.0, 522.5], [141.5, 523.0], [142.0, 523.5], [142.5, 524.0], [142.0, 524.5], [141.5, 525.0], [141.0, 525.5], [140.5, 526.0], [140.0, 526.5], [139.5, 527.0], [139.0, 527.5], [139.0, 527.5]]]}, "properties": {"image": "7r43jfh5ovispq5wh62w_al_3_si_4_af_20.png", "iceberg_id": 38, "confidence": 0.6331081986427307}}, {"type": "Feature", "geometry": {"type": "Polygon", "coordinates": [[[85.0, 533.5], [84.0, 533.5], [83.0, 533.5], [82.0, 533.5], [81.5, 533.0], [81.5, 532.0], [81.0, 531.5], [80.5, 531.0], [81.0, 530.5], [81.5, 530.0], [82.0, 529.5], [83.0, 529.5], [84.0, 529.5], [85.0, 529.5], [85.5, 530.0], [85.5, 531.0], [86.0, 531.5], [86.5, 532.0], [86.0, 532.5], [85.5, 533.0], [85.0, 533.5], [85.0, 533.5]]]}, "properties": {"image": "7r43jfh5ovispq5wh62w_al_3_si_4_af_20.png", "iceberg_id": 39, "confidence": 0.6331081986427307}}, {"type": "Feature", "geometry": {"type": "Polygon", "coordinates": [[[168.0, 554.5], [167.5, 554.0], [167.0, 553.5], [166.5, 553.0], [166.0, 552.5], [165.5, 552.0], [165.0, 551.5], [164.5, 551.0], [164.5, 550.0], [164.5, 549.0], [164.0, 548.5], [163.5, 548.0], [163.5, 547.0], [163.5, 546.0], [164.0, 545.5], [165.0, 545.5], [165.5, 545.0], [165.5, 544.0], [166.0, 543.5], [166.5, 544.0], [167.0, 544.5], [167.5, 544.0], [168.0, 543.5], [168.5, 544.0], [168.5, 545.0], [168.5, 546.0], [169.0, 546.5], [169.5, 547.0], [170.0, 547.5], [170.5, 548.0], [170.0, 548.5], [169.5, 549.0], [170.0, 549.5], [170.5, 550.0], [170.0, 550.5], [169.5, 551.0], [170.0, 551.5], [170.5, 552.0], [170.0, 552.5], [169.5, 553.0], [169.0, 553.5], [168.5, 554.0], [168.0, 554.5], [168.0, 554.5]]]}, "properties": {"image": "7r43jfh5ovispq5wh62w_al_3_si_4_af_20.png", "iceberg_id": 40, "confidence": 0.6331081986427307}}, {"type": "Feature", "geometry": {"type": "Polygon", "coordinates": [[[173.0, 579.5], [172.0, 579.5], [171.0, 579.5], [170.5, 579.0], [170.5, 578.0], [170.0, 577.5], [169.5, 577.0], [169.5, 576.0], [169.0, 575.5], [168.5, 575.0], [168.5, 574.0], [168.0, 573.5], [167.0, 573.5], [166.5, 573.0], [166.0, 572.5], [165.5, 572.0], [165.0, 571.5], [164.5, 571.0], [164.5, 570.0], [164.5, 569.0], [164.0, 568.5], [163.5, 568.0], [164.0, 567.5], [164.5, 567.0], [165.0, 566.5], [165.5, 566.0], [166.0, 565.5], [166.5, 565.0], [167.0, 564.5], [167.5, 564.0], [168.0, 563.5], [168.5, 563.0], [168.0, 562.5], [167.5, 562.0], [168.0, 561.5], [168.5, 562.0], [169.0, 562.5], [169.5, 562.0], [170.0, 561.5], [170.5, 562.0], [170.0, 562.5], [169.5, 563.0], [170.0, 563.5], [170.5, 564.0], [170.5, 565.0], [170.5, 566.0], [170.5, 567.0], [171.0, 567.5], [171.5, 568.0], [171.5, 569.0], [172.0, 569.5], [172.5, 570.0], [172.0, 570.5], [171.5, 571.0], [172.0, 571.5], [172.5, 572.0], [172.5, 573.0], [172.5, 574.0], [173.0, 574.5], [173.5, 575.0], [173.5, 576.0], [173.5, 577.0], [173.5, 578.0], [173.5, 579.0], [173.0, 579.5], [173.0, 579.5]]]}, "properties": {"image": "7r43jfh5ovispq5wh62w_al_3_si_4_af_20.png", "iceberg_id": 41, "confidence": 0.6331081986427307}}, {"type": "Feature", "geometry": {"type": "Polygon", "coordinates": [[[74.0, 598.5], [73.0, 598.5], [72.0, 598.5], [71.5, 598.0], [71.0, 597.5], [70.5, 597.0], [70.0, 596.5], [69.5, 596.0], [69.5, 595.0], [69.5, 594.0], [70.0, 593.5], [70.5, 593.0], [70.5, 592.0], [70.5, 591.0], [71.0, 590.5], [71.5, 590.0], [72.0, 589.5], [73.0, 589.5], [73.5, 589.0], [74.0, 588.5], [75.0, 588.5], [76.0, 588.5], [76.5, 589.0], [77.0, 589.5], [77.5, 590.0], [77.5, 591.0], [78.0, 591.5], [78.5, 592.0], [78.0, 592.5], [77.5, 593.0], [77.5, 594.0], [77.5, 595.0], [77.0, 595.5], [76.5, 596.0], [76.0, 596.5], [75.5, 597.0], [75.0, 597.5], [74.5, 598.0], [74.0, 598.5], [74.0, 598.5]]]}, "properties": {"image": "7r43jfh5ovispq5wh62w_al_3_si_4_af_20.png", "iceberg_id": 42, "confidence": 0.6331081986427307}}, {"type": "Feature", "geometry": {"type": "Polygon", "coordinates": [[[83.0, 639.5], [82.0, 639.5], [81.0, 639.5], [80.5, 639.0], [80.0, 638.5], [79.5, 638.0], [79.5, 637.0], [79.5, 636.0], [80.0, 635.5], [80.5, 635.0], [81.0, 634.5], [81.5, 634.0], [82.0, 633.5], [82.5, 633.0], [83.0, 632.5], [83.5, 632.0], [84.0, 631.5], [85.0, 631.5], [86.0, 631.5], [86.5, 632.0], [87.0, 632.5], [87.5, 633.0], [87.5, 634.0], [87.5, 635.0], [87.0, 635.5], [86.5, 636.0], [86.0, 636.5], [85.5, 637.0], [85.0, 637.5], [84.5, 638.0], [84.0, 638.5], [83.5, 639.0], [83.0, 639.5], [83.0, 639.5]]]}, "properties": {"image": "7r43jfh5ovispq5wh62w_al_3_si_4_af_20.png", "iceberg_id": 43, "confidence": 0.6331081986427307}}, {"type": "Feature", "geometry": {"type": "Polygon", "coordinates": [[[23.0, 660.5], [22.0, 660.5], [21.0, 660.5], [20.0, 660.5], [19.5, 660.0], [19.5, 659.0], [19.5, 658.0], [20.0, 657.5], [20.5, 657.0], [21.0, 656.5], [22.0, 656.5], [23.0, 656.5], [23.5, 657.0], [24.0, 657.5], [24.5, 658.0], [24.5, 659.0], [24.0, 659.5], [23.5, 660.0], [23.0, 660.5], [23.0, 660.5]]]}, "properties": {"image": "7r43jfh5ovispq5wh62w_al_3_si_4_af_20.png", "iceberg_id": 44, "confidence": 0.6331081986427307}}, {"type": "Feature", "geometry": {"type": "Polygon", "coordinates": [[[0.0, 659.5], [1.0, 659.5], [1.5, 660.0], [2.0, 660.5], [2.5, 661.0], [2.5, 662.0], [3.0, 662.5], [3.5, 663.0], [3.0, 663.5], [2.5, 664.0], [2.0, 664.5], [1.5, 665.0], [1.0, 665.5], [0.0, 665.5], [0.0, 659.5]]]}, "properties": {"image": "7r43jfh5ovispq5wh62w_al_3_si_4_af_20.png", "iceberg_id": 45, "confidence": 0.6331081986427307}}, {"type": "Feature", "geometry": {"type": "Polygon", "coordinates": [[[72.5, 0.0], [73.0, 0.5], [73.5, 1.0], [74.0, 1.5], [74.5, 2.0], [75.0, 2.5], [75.5, 3.0], [76.0, 3.5], [76.5, 4.0], [77.0, 4.5], [78.0, 4.5], [79.0, 4.5], [80.0, 4.5], [80.5, 5.0], [81.0, 5.5], [82.0, 5.5], [82.5, 6.0], [82.5, 7.0], [82.5, 8.0], [82.5, 9.0], [82.0, 9.5], [81.5, 10.0], [81.0, 10.5], [80.0, 10.5], [79.5, 11.0], [79.0, 11.5], [78.0, 11.5], [77.0, 11.5], [76.5, 11.0], [76.0, 10.5], [75.0, 10.5], [74.5, 10.0], [74.0, 9.5], [73.0, 9.5], [72.0, 9.5], [71.0, 9.5], [70.0, 9.5], [69.0, 9.5], [68.0, 9.5], [67.0, 9.5], [66.5, 9.0], [66.0, 8.5], [65.0, 8.5], [64.0, 8.5], [63.5, 8.0], [63.0, 7.5], [62.5, 7.0], [62.0, 6.5], [61.5, 6.0], [61.0, 5.5], [60.5, 5.0], [60.5, 4.0], [61.0, 3.5], [61.5, 3.0], [61.5, 2.0], [62.0, 1.5], [62.5, 1.0], [63.0, 0.5], [63.5, 0.0], [72.5, 0.0]]]}, "properties": {"image": "7r43jfh5ovispq5wh62w_al_4_si_5_af_10.png", "iceberg_id": 0, "confidence": 0.6402816772460938}}, {"type": "Feature", "geometry": {"type": "Polygon", "coordinates": [[[0.0, 14.5], [1.0, 14.5], [2.0, 14.5], [3.0, 14.5], [3.5, 14.0], [4.0, 13.5], [5.0, 13.5], [6.0, 13.5], [6.5, 13.0], [7.0, 12.5], [7.5, 12.0], [8.0, 11.5], [9.0, 11.5], [10.0, 11.5], [10.5, 11.0], [11.0, 10.5], [11.5, 10.0], [12.0, 9.5], [12.5, 9.0], [13.0, 8.5], [13.5, 8.0], [14.0, 7.5], [14.5, 8.0], [15.0, 8.5], [15.5, 9.0], [16.0, 9.5], [16.5, 10.0], [16.5, 11.0], [17.0, 11.5], [17.5, 12.0], [17.5, 13.0], [18.0, 13.5], [18.5, 14.0], [18.0, 14.5], [17.5, 15.0], [18.0, 15.5], [18.5, 16.0], [18.0, 16.5], [17.5, 17.0], [17.5, 18.0], [17.5, 19.0], [17.5, 20.0], [17.5, 21.0], [17.0, 21.5], [16.5, 22.0], [16.5, 23.0], [16.0, 23.5], [15.5, 24.0], [15.5, 25.0], [15.0, 25.5], [14.5, 26.0], [14.0, 26.5], [13.0, 26.5], [12.5, 27.0], [12.0, 27.5], [11.0, 27.5], [10.5, 28.0], [10.0, 28.5], [9.5, 29.0], [9.0, 29.5], [8.0, 29.5], [7.5, 30.0], [7.0, 30.5], [6.0, 30.5], [5.5, 31.0], [5.0, 31.5], [4.0, 31.5], [3.5, 32.0], [3.0, 32.5], [2.0, 32.5], [1.5, 33.0], [1.0, 33.5], [0.0, 33.5], [0.0, 14.5]]]}, "properties": {"image": "7r43jfh5ovispq5wh62w_al_4_si_5_af_10.png", "iceberg_id": 1, "confidence": 0.6402816772460938}}, {"type": "Feature", "geometry": {"type": "Polygon", "coordinates": [[[175.0, 29.5], [174.0, 29.5], [173.0, 29.5], [172.0, 29.5], [171.0, 29.5], [170.0, 29.5], [169.0, 29.5], [168.0, 29.5], [167.0, 29.5], [166.5, 29.0], [166.0, 28.5], [165.0, 28.5], [164.0, 28.5], [163.0, 28.5], [162.5, 28.0], [162.0, 27.5], [161.0, 27.5], [160.5, 27.0], [160.5, 26.0], [160.5, 25.0], [160.5, 24.0], [161.0, 23.5], [161.5, 23.0], [161.5, 22.0], [162.0, 21.5], [162.5, 21.0], [163.0, 20.5], [163.5, 20.0], [164.0, 19.5], [164.5, 19.0], [165.0, 18.5], [165.5, 18.0], [166.0, 17.5], [166.5, 17.0], [167.0, 16.5], [167.5, 16.0], [168.0, 15.5], [168.5, 15.0], [169.0, 14.5], [170.0, 14.5], [171.0, 14.5], [171.5, 14.0], [172.0, 13.5], [172.5, 14.0], [173.0, 14.5], [174.0, 14.5], [175.0, 14.5], [176.0, 14.5], [176.5, 15.0], [177.0, 15.5], [178.0, 15.5], [178.5, 16.0], [178.5, 17.0], [179.0, 17.5], [179.5, 18.0], [180.0, 18.5], [180.5, 19.0], [180.5, 20.0], [181.0, 20.5], [182.0, 20.5], [182.5, 21.0], [183.0, 21.5], [183.5, 22.0], [183.5, 23.0], [184.0, 23.5], [184.5, 24.0], [184.5, 25.0], [184.5, 26.0], [184.0, 26.5], [183.5, 27.0], [183.0, 27.5], [182.0, 27.5], [181.0, 27.5], [180.0, 27.5], [179.0, 27.5], [178.5, 28.0], [178.0, 28.5], [177.0, 28.5], [176.0, 28.5], [175.5, 29.0], [175.0, 29.5], [175.0, 29.5]]]}, "properties": {"image": "7r43jfh5ovispq5wh62w_al_4_si_5_af_10.png", "iceberg_id": 2, "confidence": 0.6402816772460938}}, {"type": "Feature", "geometry": {"type": "Polygon", "coordinates": [[[136.0, 52.5], [135.0, 52.5], [134.0, 52.5], [133.0, 52.5], [132.0, 52.5], [131.0, 52.5], [130.0, 52.5], [129.5, 52.0], [129.0, 51.5], [128.5, 51.0], [128.0, 50.5], [127.5, 50.0], [127.5, 49.0], [127.5, 48.0], [127.5, 47.0], [127.5, 46.0], [128.0, 45.5], [128.5, 45.0], [129.0, 44.5], [129.5, 44.0], [130.0, 43.5], [131.0, 43.5], [131.5, 43.0], [132.0, 42.5], [133.0, 42.5], [133.5, 42.0], [134.0, 41.5], [135.0, 41.5], [136.0, 41.5], [137.0, 41.5], [138.0, 41.5], [138.5, 42.0], [139.0, 42.5], [139.5, 43.0], [140.0, 43.5], [140.5, 44.0], [141.0, 44.5], [141.5, 45.0], [141.5, 46.0], [141.5, 47.0], [141.5, 48.0], [141.0, 48.5], [140.5, 49.0], [140.0, 49.5], [139.5, 50.0], [139.0, 50.5], [138.5, 51.0], [138.0, 51.5], [137.0, 51.5], [136.5, 52.0], [136.0, 52.5], [136.0, 52.5]]]}, "properties": {"image": "7r43jfh5ovispq5wh62w_al_4_si_5_af_10.png", "iceberg_id": 3, "confidence": 0.6402816772460938}}, {"type": "Feature", "geometry": {"type": "Polygon", "coordinates": [[[175.0, 77.5], [174.0, 77.5], [173.0, 77.5], [172.0, 77.5], [171.0, 77.5], [170.0, 77.5], [169.0, 77.5], [168.5, 77.0], [168.0, 76.5], [167.5, 76.0], [167.0, 75.5], [166.5, 75.0], [166.5, 74.0], [166.5, 73.0], [166.5, 72.0], [166.5, 71.0], [166.5, 70.0], [167.0, 69.5], [167.5, 69.0], [167.5, 68.0], [168.0, 67.5], [169.0, 67.5], [169.5, 67.0], [170.0, 66.5], [171.0, 66.5], [171.5, 66.0], [172.0, 65.5], [173.0, 65.5], [174.0, 65.5], [175.0, 65.5], [176.0, 65.5], [176.5, 66.0], [177.0, 66.5], [177.5, 67.0], [178.0, 67.5], [178.5, 68.0], [178.5, 69.0], [179.0, 69.5], [179.5, 70.0], [179.5, 71.0], [179.0, 71.5], [178.5, 72.0], [178.5, 73.0], [178.5, 74.0], [178.0, 74.5], [177.5, 75.0], [177.0, 75.5], [176.5, 76.0], [176.0, 76.5], [175.5, 77.0], [175.0, 77.5], [175.0, 77.5]]]}, "properties": {"image": "7r43jfh5ovispq5wh62w_al_4_si_5_af_10.png", "iceberg_id": 4, "confidence": 0.6402816772460938}}, {"type": "Feature", "geometry": {"type": "Polygon", "coordinates": [[[73.0, 80.5], [72.0, 80.5], [71.0, 80.5], [70.0, 80.5], [69.0, 80.5], [68.0, 80.5], [67.0, 80.5], [66.0, 80.5], [65.0, 80.5], [64.0, 80.5], [63.5, 80.0], [63.0, 79.5], [62.0, 79.5], [61.0, 79.5], [60.0, 79.5], [59.5, 79.0], [59.0, 78.5], [58.5, 78.0], [58.0, 77.5], [57.0, 77.5], [56.5, 77.0], [56.5, 76.0], [56.0, 75.5], [55.5, 75.0], [55.5, 74.0], [55.5, 73.0], [55.5, 72.0], [55.5, 71.0], [55.5, 70.0], [56.0, 69.5], [56.5, 69.0], [57.0, 68.5], [57.5, 68.0], [58.0, 67.5], [58.5, 68.0], [59.0, 68.5], [59.5, 68.0], [60.0, 67.5], [60.5, 68.0], [61.0, 68.5], [62.0, 68.5], [63.0, 68.5], [64.0, 68.5], [65.0, 68.5], [65.5, 69.0], [66.0, 69.5], [67.0, 69.5], [68.0, 69.5], [68.5, 70.0], [69.0, 70.5], [70.0, 70.5], [70.5, 71.0], [71.0, 71.5], [72.0, 71.5], [72.5, 72.0], [72.5, 73.0], [73.0, 73.5], [73.5, 74.0], [74.0, 74.5], [74.5, 75.0], [74.5, 76.0], [74.5, 77.0], [74.5, 78.0], [74.5, 79.0], [74.0, 79.5], [73.5, 80.0], [73.0, 80.5], [73.0, 80.5]]]}, "properties": {"image": "7r43jfh5ovispq5wh62w_al_4_si_5_af_10.png", "iceberg_id": 5, "confidence": 0.6402816772460938}}, {"type": "Feature", "geometry": {"type": "Polygon", "coordinates": [[[218.0, 78.5], [217.0, 78.5], [216.0, 78.5], [215.0, 78.5], [214.0, 78.5], [213.5, 78.0], [213.5, 77.0], [213.5, 76.0], [213.5, 75.0], [213.5, 74.0], [214.0, 73.5], [214.5, 73.0], [215.0, 72.5], [215.5, 72.0], [216.0, 71.5], [216.5, 72.0], [217.0, 72.5], [217.5, 72.0], [218.0, 71.5], [218.5, 72.0], [219.0, 72.5], [219.5, 73.0], [219.5, 74.0], [219.5, 75.0], [219.5, 76.0], [219.5, 77.0], [219.0, 77.5], [218.5, 78.0], [218.0, 78.5], [218.0, 78.5]]]}, "properties": {"image": "7r43jfh5ovispq5wh62w_al_4_si_5_af_10.png", "iceberg_id": 6, "confidence": 0.6402816772460938}}, {"type": "Feature", "geometry": {"type": "Polygon", "coordinates": [[[14.0, 78.5], [13.5, 78.0], [13.0, 77.5], [12.0, 77.5], [11.0, 77.5], [10.5, 77.0], [10.0, 76.5], [9.5, 76.0], [9.5, 75.0], [9.5, 74.0], [10.0, 73.5], [11.0, 73.5], [12.0, 73.5], [13.0, 73.5], [14.0, 73.5], [14.5, 74.0], [15.0, 74.5], [15.5, 75.0], [16.0, 75.5], [16.5, 76.0], [16.5, 77.0], [16.0, 77.5], [15.0, 77.5], [14.5, 78.0], [14.0, 78.5], [14.0, 78.5]]]}, "properties": {"image": "7r43jfh5ovispq5wh62w_al_4_si_5_af_10.png", "iceberg_id": 7, "confidence": 0.6402816772460938}}, {"type": "Feature", "geometry": {"type": "Polygon", "coordinates": [[[138.0, 90.5], [137.0, 90.5], [136.0, 90.5], [135.0, 90.5], [134.5, 90.0], [134.0, 89.5], [133.0, 89.5], [132.5, 89.0], [132.5, 88.0], [132.5, 87.0], [132.5, 86.0], [132.5, 85.0], [133.0, 84.5], [133.5, 84.0], [134.0, 83.5], [134.5, 83.0], [135.0, 82.5], [136.0, 82.5], [137.0, 82.5], [138.0, 82.5], [139.0, 82.5], [139.5, 83.0], [140.0, 83.5], [140.5, 84.0], [140.5, 85.0], [140.5, 86.0], [140.5, 87.0], [140.5, 88.0], [140.0, 88.5], [139.5, 89.0], [139.0, 89.5], [138.5, 90.0], [138.0, 90.5], [138.0, 90.5]]]}, "properties": {"image": "7r43jfh5ovispq5wh62w_al_4_si_5_af_10.png", "iceberg_id": 8, "confidence": 0.6402816772460938}}, {"type": "Feature", "geometry": {"type": "Polygon", "coordinates": [[[116.0, 118.5], [115.5, 118.0], [115.0, 117.5], [114.0, 117.5], [113.0, 117.5], [112.5, 117.0], [112.0, 116.5], [111.5, 116.0], [111.0, 115.5], [110.5, 115.0], [110.5, 114.0], [110.5, 113.0], [110.0, 112.5], [109.5, 112.0], [109.5, 111.0], [109.5, 110.0], [110.0, 109.5], [110.5, 109.0], [111.0, 108.5], [111.5, 108.0], [111.5, 107.0], [112.0, 106.5], [112.5, 106.0], [112.5, 105.0], [113.0, 104.5], [113.5, 104.0], [113.5, 103.0], [113.5, 102.0], [114.0, 101.5], [115.0, 101.5], [115.5, 101.0], [116.0, 100.5], [117.0, 100.5], [118.0, 100.5], [118.5, 101.0], [119.0, 101.5], [120.0, 101.5], [120.5, 102.0], [121.0, 102.5], [121.5, 103.0], [121.5, 104.0], [121.5, 105.0], [122.0, 105.5], [122.5, 106.0], [122.0, 106.5], [121.5, 107.0], [121.5, 108.0], [121.5, 109.0], [121.0, 109.5], [120.5, 110.0], [120.0, 110.5], [119.5, 111.0], [119.5, 112.0], [119.5, 113.0], [119.5, 114.0], [119.5, 115.0], [119.0, 115.5], [118.5, 116.0], [118.0, 116.5], [117.5, 117.0], [117.0, 117.5], [116.5, 118.0], [116.0, 118.5], [116.0, 118.5]]]}, "properties": {"image": "7r43jfh5ovispq5wh62w_al_4_si_5_af_10.png", "iceberg_id": 9, "confidence": 0.6402816772460938}}, {"type": "Feature", "geometry": {"type": "Polygon", "coordinates": [[[80.0, 122.5], [79.0, 122.5], [78.0, 122.5], [77.5, 122.0], [77.0, 121.5], [76.0, 121.5], [75.5, 121.0], [75.0, 120.5], [74.5, 120.0], [74.0, 119.5], [73.5, 119.0], [73.0, 118.5], [72.5, 118.0], [72.0, 117.5], [71.5, 117.0], [71.5, 116.0], [71.0, 115.5], [70.5, 115.0], [70.0, 114.5], [69.5, 114.0], [69.0, 113.5], [68.5, 113.0], [68.0, 112.5], [67.5, 112.0], [67.0, 111.5], [66.5, 111.0], [66.0, 110.5], [65.5, 110.0], [65.0, 109.5], [64.5, 109.0], [65.0, 108.5], [65.5, 108.0], [66.0, 107.5], [67.0, 107.5], [68.0, 107.5], [68.5, 107.0], [69.0, 106.5], [70.0, 106.5], [71.0, 106.5], [72.0, 106.5], [73.0, 106.5], [74.0, 106.5], [75.0, 106.5], [76.0, 106.5], [77.0, 106.5], [78.0, 106.5], [79.0, 106.5], [79.5, 107.0], [80.0, 107.5], [80.5, 108.0], [81.0, 108.5], [81.5, 109.0], [82.0, 109.5], [82.5, 110.0], [82.5, 111.0], [82.5, 112.0], [83.0, 112.5], [83.5, 113.0], [83.5, 114.0], [83.5, 115.0], [83.5, 116.0], [83.5, 117.0], [83.5, 118.0], [83.5, 119.0], [83.0, 119.5], [82.5, 120.0], [82.5, 121.0], [82.0, 121.5], [81.0, 121.5], [80.5, 122.0], [80.0, 122.5], [80.0, 122.5]]]}, "properties": {"image": "7r43jfh5ovispq5wh62w_al_4_si_5_af_10.png", "iceberg_id": 10, "confidence": 0.6402816772460938}}, {"type": "Feature", "geometry": {"type": "Polygon", "coordinates": [[[127.0, 134.5], [126.0, 134.5], [125.0, 134.5], [124.0, 134.5], [123.5, 134.0], [123.0, 133.5], [122.5, 133.0], [122.0, 132.5], [121.5, 132.0], [121.5, 131.0], [121.5, 130.0], [121.5, 129.0], [122.0, 128.5], [123.0, 128.5], [123.5, 128.0], [124.0, 127.5], [124.5, 128.0], [125.0, 128.5], [125.5, 129.0], [126.0, 129.5], [126.5, 130.0], [127.0, 130.5], [127.5, 131.0], [128.0, 131.5], [128.5, 132.0], [128.5, 133.0], [128.0, 133.5], [127.5, 134.0], [127.0, 134.5], [127.0, 134.5]]]}, "properties": {"image": "7r43jfh5ovispq5wh62w_al_4_si_5_af_10.png", "iceberg_id": 11, "confidence": 0.6402816772460938}}, {"type": "Feature", "geometry": {"type": "Polygon", "coordinates": [[[240.0, 160.5], [239.0, 160.5], [238.0, 160.5], [237.0, 160.5], [236.5, 160.0], [236.5, 159.0], [236.0, 158.5], [235.5, 158.0], [236.0, 157.5], [236.5, 157.0], [237.0, 156.5], [237.5, 156.0], [238.0, 155.5], [239.0, 155.5], [240.0, 155.5], [240.5, 156.0], [240.5, 157.0], [240.5, 158.0], [240.5, 159.0], [240.5, 160.0], [240.0, 160.5], [240.0, 160.5]]]}, "properties": {"image": "7r43jfh5ovispq5wh62w_al_4_si_5_af_10.png", "iceberg_id": 12, "confidence": 0.6402816772460938}}, {"type": "Feature", "geometry": {"type": "Polygon", "coordinates": [[[221.0, 207.5], [220.0, 207.5], [219.0, 207.5], [218.0, 207.5], [217.0, 207.5], [216.0, 207.5], [215.5, 207.0], [215.0, 206.5], [214.5, 206.0], [214.5, 205.0], [214.0, 204.5], [213.5, 204.0], [214.0, 203.5], [214.5, 203.0], [214.5, 202.0], [215.0, 201.5], [215.5, 201.0], [215.5, 200.0], [216.0, 199.5], [217.0, 199.5], [218.0, 199.5], [219.0, 199.5], [220.0, 199.5], [221.0, 199.5], [222.0, 199.5], [222.5, 200.0], [223.0, 200.5], [223.5, 201.0], [224.0, 201.5], [224.5, 202.0], [224.5, 203.0], [224.5, 204.0], [224.0, 204.5], [223.5, 205.0], [223.0, 205.5], [222.5, 206.0], [222.0, 206.5], [221.5, 207.0], [221.0, 207.5], [221.0, 207.5]]]}, "properties": {"image": "7r43jfh5ovispq5wh62w_al_4_si_5_af_10.png", "iceberg_id": 13, "confidence": 0.6402816772460938}}, {"type": "Feature", "geometry": {"type": "Polygon", "coordinates": [[[21.0, 205.5], [20.5, 205.0], [21.0, 204.5], [21.5, 204.0], [22.0, 203.5], [22.5, 204.0], [22.0, 204.5], [21.5, 205.0], [21.0, 205.5], [21.0, 205.5]]]}, "properties": {"image": "7r43jfh5ovispq5wh62w_al_4_si_5_af_10.png", "iceberg_id": 14, "confidence": 0.6402816772460938}}, {"type": "Feature", "geometry": {"type": "Polygon", "coordinates": [[[163.0, 215.5], [162.5, 215.0], [162.0, 214.5], [161.0, 214.5], [160.5, 214.0], [160.5, 213.0], [160.0, 212.5], [159.5, 212.0], [160.0, 211.5], [160.5, 211.0], [161.0, 210.5], [161.5, 210.0], [162.0, 209.5], [163.0, 209.5], [164.0, 209.5], [165.0, 209.5], [166.0, 209.5], [166.5, 210.0], [167.0, 210.5], [167.5, 211.0], [167.5, 212.0], [167.5, 213.0], [167.0, 213.5], [166.5, 214.0], [166.0, 214.5], [165.0, 214.5], [164.0, 214.5], [163.5, 215.0], [163.0, 215.5], [163.0, 215.5]]]}, "properties": {"image": "7r43jfh5ovispq5wh62w_al_4_si_5_af_10.png", "iceberg_id": 15, "confidence": 0.6402816772460938}}, {"type": "Feature", "geometry": {"type": "Polygon", "coordinates": [[[33.0, 233.5], [32.0, 233.5], [31.0, 233.5], [30.5, 233.0], [30.0, 232.5], [29.5, 233.0], [29.0, 233.5], [28.5, 233.0], [28.0, 232.5], [27.0, 232.5], [26.0, 232.5], [25.5, 232.0], [25.0, 231.5], [24.5, 231.0], [24.0, 230.5], [23.5, 230.0], [23.5, 229.0], [23.5, 228.0], [23.5, 227.0], [24.0, 226.5], [24.5, 226.0], [25.0, 225.5], [26.0, 225.5], [26.5, 225.0], [27.0, 224.5], [28.0, 224.5], [29.0, 224.5], [30.0, 224.5], [31.0, 224.5], [31.5, 224.0], [32.0, 223.5], [33.0, 223.5], [33.5, 223.0], [34.0, 222.5], [34.5, 222.0], [35.0, 221.5], [35.5, 221.0], [36.0, 220.5], [37.0, 220.5], [37.5, 220.0], [38.0, 219.5], [39.0, 219.5], [40.0, 219.5], [41.0, 219.5], [42.0, 219.5], [43.0, 219.5], [44.0, 219.5], [44.5, 220.0], [45.0, 220.5], [45.5, 221.0], [45.5, 222.0], [45.5, 223.0], [46.0, 223.5], [46.5, 224.0], [46.5, 225.0], [46.0, 225.5], [45.5, 226.0], [45.5, 227.0], [45.0, 227.5], [44.5, 228.0], [44.0, 228.5], [43.5, 229.0], [43.0, 229.5], [42.0, 229.5], [41.0, 229.5], [40.5, 230.0], [40.0, 230.5], [39.0, 230.5], [38.5, 231.0], [38.0, 231.5], [37.0, 231.5], [36.5, 232.0], [36.0, 232.5], [35.0, 232.5], [34.0, 232.5], [33.5, 233.0], [33.0, 233.5], [33.0, 233.5]]]}, "properties": {"image": "7r43jfh5ovispq5wh62w_al_4_si_5_af_10.png", "iceberg_id": 16, "confidence": 0.6402816772460938}}, {"type": "Feature", "geometry": {"type": "Polygon", "coordinates": [[[229.0, 237.5], [228.5, 237.0], [228.0, 236.5], [227.5, 236.0], [227.5, 235.0], [227.5, 234.0], [228.0, 233.5], [228.5, 234.0], [229.0, 234.5], [229.5, 235.0], [230.0, 235.5], [230.5, 236.0], [230.0, 236.5], [229.5, 237.0], [229.0, 237.5], [229.0, 237.5]]]}, "properties": {"image": "7r43jfh5ovispq5wh62w_al_4_si_5_af_10.png", "iceberg_id": 17, "confidence": 0.6402816772460938}}, {"type": "Feature", "geometry": {"type": "Polygon", "coordinates": [[[7.0, 272.5], [6.0, 272.5], [5.0, 272.5], [4.5, 272.0], [4.0, 271.5], [3.0, 271.5], [2.5, 271.0], [2.5, 270.0], [2.5, 269.0], [3.0, 268.5], [3.5, 268.0], [4.0, 267.5], [5.0, 267.5], [6.0, 267.5], [6.5, 268.0], [7.0, 268.5], [8.0, 268.5], [8.5, 269.0], [8.5, 270.0], [8.5, 271.0], [8.0, 271.5], [7.5, 272.0], [7.0, 272.5], [7.0, 272.5]]]}, "properties": {"image": "7r43jfh5ovispq5wh62w_al_4_si_5_af_10.png", "iceberg_id": 18, "confidence": 0.6402816772460938}}, {"type": "Feature", "geometry": {"type": "Polygon", "coordinates": [[[270.0, 276.5], [269.5, 276.0], [269.0, 275.5], [268.5, 275.0], [268.0, 274.5], [267.5, 274.0], [267.5, 273.0], [267.5, 272.0], [267.5, 271.0], [267.5, 270.0], [268.0, 269.5], [268.5, 269.0], [269.0, 268.5], [269.5, 268.0], [270.0, 267.5], [270.5, 268.0], [270.5, 269.0], [271.0, 269.5], [271.5, 270.0], [271.5, 271.0], [271.5, 272.0], [271.5, 273.0], [271.5, 274.0], [271.5, 275.0], [271.0, 275.5], [270.5, 276.0], [270.0, 276.5], [270.0, 276.5]]]}, "properties": {"image": "7r43jfh5ovispq5wh62w_al_4_si_5_af_10.png", "iceberg_id": 19, "confidence": 0.6402816772460938}}, {"type": "Feature", "geometry": {"type": "Polygon", "coordinates": [[[251.0, 285.5], [250.5, 285.0], [250.0, 284.5], [249.0, 284.5], [248.5, 284.0], [248.0, 283.5], [247.5, 283.0], [247.0, 282.5], [246.5, 282.0], [246.5, 281.0], [246.5, 280.0], [247.0, 279.5], [247.5, 279.0], [247.5, 278.0], [248.0, 277.5], [248.5, 277.0], [248.5, 276.0], [249.0, 275.5], [249.5, 275.0], [250.0, 274.5], [251.0, 274.5], [251.5, 274.0], [252.0, 273.5], [252.5, 274.0], [253.0, 274.5], [254.0, 274.5], [255.0, 274.5], [256.0, 274.5], [256.5, 275.0], [257.0, 275.5], [257.5, 276.0], [258.0, 276.5], [258.5, 277.0], [258.5, 278.0], [258.5, 279.0], [258.5, 280.0], [258.5, 281.0], [258.0, 281.5], [257.5, 282.0], [257.0, 282.5], [256.5, 283.0], [256.0, 283.5], [255.0, 283.5], [254.5, 284.0], [254.0, 284.5], [253.0, 284.5], [252.0, 284.5], [251.5, 285.0], [251.0, 285.5], [251.0, 285.5]]]}, "properties": {"image": "7r43jfh5ovispq5wh62w_al_4_si_5_af_10.png", "iceberg_id": 20, "confidence": 0.6402816772460938}}, {"type": "Feature", "geometry": {"type": "Polygon", "coordinates": [[[254.0, 304.5], [253.0, 304.5], [252.0, 304.5], [251.0, 304.5], [250.5, 304.0], [250.0, 303.5], [249.5, 303.0], [249.5, 302.0], [249.5, 301.0], [249.5, 300.0], [250.0, 299.5], [250.5, 299.0], [251.0, 298.5], [251.5, 298.0], [252.0, 297.5], [253.0, 297.5], [254.0, 297.5], [254.5, 298.0], [255.0, 298.5], [255.5, 299.0], [255.5, 300.0], [255.5, 301.0], [255.5, 302.0], [255.5, 303.0], [255.0, 303.5], [254.5, 304.0], [254.0, 304.5], [254.0, 304.5]]]}, "properties": {"image": "7r43jfh5ovispq5wh62w_al_4_si_5_af_10.png", "iceberg_id": 21, "confidence": 0.6402816772460938}}, {"type": "Feature", "geometry": {"type": "Polygon", "coordinates": [[[115.0, 304.5], [114.0, 304.5], [113.0, 304.5], [112.0, 304.5], [111.5, 304.0], [111.0, 303.5], [110.0, 303.5], [109.5, 303.0], [109.5, 302.0], [109.0, 301.5], [108.5, 301.0], [109.0, 300.5], [109.5, 300.0], [110.0, 299.5], [111.0, 299.5], [112.0, 299.5], [113.0, 299.5], [114.0, 299.5], [114.5, 300.0], [115.0, 300.5], [115.5, 301.0], [116.0, 301.5], [116.5, 302.0], [116.0, 302.5], [115.5, 303.0], [115.5, 304.0], [115.0, 304.5], [115.0, 304.5]]]}, "properties": {"image": "7r43jfh5ovispq5wh62w_al_4_si_5_af_10.png", "iceberg_id": 22, "confidence": 0.6402816772460938}}, {"type": "Feature", "geometry": {"type": "Polygon", "coordinates": [[[47.0, 333.5], [46.0, 333.5], [45.0, 333.5], [44.0, 333.5], [43.0, 333.5], [42.0, 333.5], [41.0, 333.5], [40.0, 333.5], [39.0, 333.5], [38.5, 333.0], [38.0, 332.5], [37.0, 332.5], [36.0, 332.5], [35.5, 332.0], [35.0, 331.5], [34.5, 331.0], [34.0, 330.5], [33.5, 330.0], [33.0, 329.5], [32.0, 329.5], [31.5, 329.0], [31.5, 328.0], [31.0, 327.5], [30.5, 327.0], [30.0, 326.5], [29.5, 326.0], [29.5, 325.0], [29.5, 324.0], [29.5, 323.0], [29.0, 322.5], [28.5, 322.0], [28.5, 321.0], [28.5, 320.0], [29.0, 319.5], [29.5, 319.0], [30.0, 318.5], [31.0, 318.5], [31.5, 318.0], [32.0, 317.5], [32.5, 318.0], [33.0, 318.5], [34.0, 318.5], [35.0, 318.5], [36.0, 318.5], [37.0, 318.5], [38.0, 318.5], [39.0, 318.5], [40.0, 318.5], [41.0, 318.5], [42.0, 318.5], [43.0, 318.5], [43.5, 319.0], [44.0, 319.5], [45.0, 319.5], [46.0, 319.5], [46.5, 320.0], [47.0, 320.5], [48.0, 320.5], [48.5, 321.0], [49.0, 321.5], [50.0, 321.5], [50.5, 322.0], [51.0, 322.5], [51.5, 323.0], [52.0, 323.5], [52.5, 324.0], [53.0, 324.5], [53.5, 325.0], [53.5, 326.0], [53.5, 327.0], [53.5, 328.0], [53.5, 329.0], [53.0, 329.5], [52.5, 330.0], [52.0, 330.5], [51.5, 331.0], [51.0, 331.5], [50.0, 331.5], [49.5, 332.0], [49.0, 332.5], [48.0, 332.5], [47.5, 333.0], [47.0, 333.5], [47.0, 333.5]]]}, "properties": {"image": "7r43jfh5ovispq5wh62w_al_4_si_5_af_10.png", "iceberg_id": 23, "confidence": 0.6402816772460938}}, {"type": "Feature", "geometry": {"type": "Polygon", "coordinates": [[[147.0, 333.5], [146.0, 333.5], [145.0, 333.5], [144.0, 333.5], [143.0, 333.5], [142.0, 333.5], [141.0, 333.5], [140.0, 333.5], [139.5, 333.0], [139.0, 332.5], [138.5, 332.0], [138.0, 331.5], [137.0, 331.5], [136.5, 331.0], [136.0, 330.5], [135.5, 330.0], [135.0, 329.5], [134.5, 329.0], [134.0, 328.5], [133.5, 328.0], [133.5, 327.0], [133.0, 326.5], [132.5, 326.0], [132.5, 325.0], [132.5, 324.0], [132.5, 323.0], [132.5, 322.0], [132.5, 321.0], [133.0, 320.5], [133.5, 320.0], [134.0, 319.5], [135.0, 319.5], [136.0, 319.5], [137.0, 319.5], [138.0, 319.5], [139.0, 319.5], [140.0, 319.5], [141.0, 319.5], [142.0, 319.5], [143.0, 319.5], [144.0, 319.5], [144.5, 320.0], [145.0, 320.5], [146.0, 320.5], [146.5, 321.0], [147.0, 321.5], [147.5, 322.0], [147.5, 323.0], [148.0, 323.5], [148.5, 324.0], [148.5, 325.0], [149.0, 325.5], [149.5, 326.0], [149.5, 327.0], [149.5, 328.0], [149.5, 329.0], [149.5, 330.0], [149.5, 331.0], [149.0, 331.5], [148.5, 332.0], [148.0, 332.5], [147.5, 333.0], [147.0, 333.5], [147.0, 333.5]]]}, "properties": {"image": "7r43jfh5ovispq5wh62w_al_4_si_5_af_10.png", "iceberg_id": 24, "confidence": 0.6402816772460938}}, {"type": "Feature", "geometry": {"type": "Polygon", "coordinates": [[[274.0, 364.5], [273.0, 364.5], [272.5, 364.0], [272.0, 363.5], [271.0, 363.5], [270.5, 363.0], [270.0, 362.5], [269.5, 362.0], [269.5, 361.0], [269.0, 360.5], [268.5, 360.0], [268.5, 359.0], [268.0, 358.5], [267.5, 358.0], [267.0, 357.5], [266.5, 357.0], [266.5, 356.0], [266.5, 355.0], [266.5, 354.0], [266.5, 353.0], [266.0, 352.5], [265.5, 352.0], [265.5, 351.0], [265.5, 350.0], [265.0, 349.5], [264.5, 349.0], [264.5, 348.0], [264.0, 347.5], [263.5, 347.0], [263.5, 346.0], [263.0, 345.5], [262.5, 345.0], [262.5, 344.0], [262.0, 343.5], [261.5, 343.0], [261.5, 342.0], [261.5, 341.0], [261.5, 340.0], [262.0, 339.5], [262.5, 339.0], [263.0, 338.5], [263.5, 338.0], [264.0, 337.5], [265.0, 337.5], [266.0, 337.5], [267.0, 337.5], [268.0, 337.5], [268.5, 337.0], [269.0, 336.5], [270.0, 336.5], [271.0, 336.5], [271.5, 337.0], [272.0, 337.5], [273.0, 337.5], [273.5, 338.0], [273.5, 339.0], [274.0, 339.5], [274.5, 340.0], [274.5, 341.0], [275.0, 341.5], [275.5, 342.0], [275.5, 343.0], [275.5, 344.0], [275.5, 345.0], [276.0, 345.5], [276.5, 346.0], [276.5, 347.0], [276.5, 348.0], [276.5, 349.0], [276.5, 350.0], [276.0, 350.5], [275.5, 351.0], [275.5, 352.0], [275.5, 353.0], [275.5, 354.0], [275.5, 355.0], [275.5, 356.0], [275.5, 357.0], [275.5, 358.0], [275.5, 359.0], [275.5, 360.0], [275.5, 361.0], [275.5, 362.0], [275.5, 363.0], [275.0, 363.5], [274.5, 364.0], [274.0, 364.5], [274.0, 364.5]]]}, "properties": {"image": "7r43jfh5ovispq5wh62w_al_4_si_5_af_10.png", "iceberg_id": 25, "confidence": 0.6402816772460938}}, {"type": "Feature", "geometry": {"type": "Polygon", "coordinates": [[[175.0, 351.5], [174.0, 351.5], [173.0, 351.5], [172.5, 351.0], [172.0, 350.5], [171.5, 350.0], [171.0, 349.5], [170.5, 349.0], [170.5, 348.0], [170.5, 347.0], [171.0, 346.5], [171.5, 346.0], [172.0, 345.5], [172.5, 346.0], [173.0, 346.5], [173.5, 346.0], [174.0, 345.5], [174.5, 346.0], [175.0, 346.5], [175.5, 347.0], [176.0, 347.5], [176.5, 348.0], [176.5, 349.0], [176.5, 350.0], [176.0, 350.5], [175.5, 351.0], [175.0, 351.5], [175.0, 351.5]]]}, "properties": {"image": "7r43jfh5ovispq5wh62w_al_4_si_5_af_10.png", "iceberg_id": 26, "confidence": 0.6402816772460938}}, {"type": "Feature", "geometry": {"type": "Polygon", "coordinates": [[[19.0, 357.5], [18.5, 357.0], [18.0, 356.5], [17.5, 356.0], [17.0, 355.5], [16.5, 355.0], [16.5, 354.0], [16.5, 353.0], [16.0, 352.5], [15.5, 352.0], [15.5, 351.0], [15.5, 350.0], [16.0, 349.5], [16.5, 349.0], [17.0, 348.5], [17.5, 348.0], [18.0, 347.5], [19.0, 347.5], [20.0, 347.5], [21.0, 347.5], [22.0, 347.5], [23.0, 347.5], [24.0, 347.5], [24.5, 348.0], [25.0, 348.5], [25.5, 349.0], [26.0, 349.5], [26.5, 350.0], [26.5, 351.0], [26.5, 352.0], [26.0, 352.5], [25.5, 353.0], [25.0, 353.5], [24.5, 354.0], [24.0, 354.5], [23.0, 354.5], [22.5, 355.0], [22.0, 355.5], [21.0, 355.5], [20.5, 356.0], [20.0, 356.5], [19.5, 357.0], [19.0, 357.5], [19.0, 357.5]]]}, "properties": {"image": "7r43jfh5ovispq5wh62w_al_4_si_5_af_10.png", "iceberg_id": 27, "confidence": 0.6402816772460938}}, {"type": "Feature", "geometry": {"type": "Polygon", "coordinates": [[[13.0, 369.5], [12.0, 369.5], [11.0, 369.5], [10.0, 369.5], [9.0, 369.5], [8.5, 369.0], [8.0, 368.5], [7.5, 368.0], [7.5, 367.0], [7.5, 366.0], [8.0, 365.5], [9.0, 365.5], [9.5, 365.0], [10.0, 364.5], [11.0, 364.5], [12.0, 364.5], [13.0, 364.5], [13.5, 365.0], [14.0, 365.5], [14.5, 366.0], [14.5, 367.0], [14.5, 368.0], [14.0, 368.5], [13.5, 369.0], [13.0, 369.5], [13.0, 369.5]]]}, "properties": {"image": "7r43jfh5ovispq5wh62w_al_4_si_5_af_10.png", "iceberg_id": 28, "confidence": 0.6402816772460938}}, {"type": "Feature", "geometry": {"type": "Polygon", "coordinates": [[[284.0, 405.5], [283.0, 405.5], [282.5, 405.0], [282.0, 404.5], [281.5, 404.0], [281.0, 403.5], [280.5, 403.0], [280.5, 402.0], [280.5, 401.0], [281.0, 400.5], [281.5, 400.0], [282.0, 399.5], [282.5, 399.0], [283.0, 398.5], [283.5, 399.0], [284.0, 399.5], [285.0, 399.5], [285.5, 400.0], [285.5, 401.0], [286.0, 401.5], [286.5, 402.0], [286.0, 402.5], [285.5, 403.0], [285.5, 404.0], [285.0, 404.5], [284.5, 405.0], [284.0, 405.5], [284.0, 405.5]]]}, "properties": {"image": "7r43jfh5ovispq5wh62w_al_4_si_5_af_10.png", "iceberg_id": 29, "confidence": 0.6402816772460938}}, {"type": "Feature", "geometry": {"type": "Polygon", "coordinates": [[[177.0, 423.5], [176.5, 423.0], [176.0, 422.5], [175.5, 422.0], [175.0, 421.5], [174.5, 421.0], [174.0, 420.5], [173.5, 420.0], [174.0, 419.5], [174.5, 419.0], [174.5, 418.0], [175.0, 417.5], [176.0, 417.5], [177.0, 417.5], [178.0, 417.5], [178.5, 418.0], [179.0, 418.5], [179.5, 419.0], [180.0, 419.5], [180.5, 420.0], [180.0, 420.5], [179.5, 421.0], [179.5, 422.0], [179.0, 422.5], [178.0, 422.5], [177.5, 423.0], [177.0, 423.5], [177.0, 423.5]]]}, "properties": {"image": "7r43jfh5ovispq5wh62w_al_4_si_5_af_10.png", "iceberg_id": 30, "confidence": 0.6402816772460938}}, {"type": "Feature", "geometry": {"type": "Polygon", "coordinates": [[[302.0, 472.5], [301.5, 472.0], [301.0, 471.5], [300.5, 472.0], [300.0, 472.5], [299.5, 472.0], [299.0, 471.5], [298.5, 471.0], [298.0, 470.5], [297.5, 470.0], [297.0, 469.5], [296.5, 469.0], [296.5, 468.0], [296.5, 467.0], [296.0, 466.5], [295.5, 466.0], [295.0, 465.5], [294.5, 465.0], [294.0, 464.5], [293.5, 464.0], [293.5, 463.0], [293.0, 462.5], [292.5, 462.0], [292.0, 461.5], [291.5, 461.0], [291.0, 460.5], [290.5, 460.0], [290.0, 459.5], [289.5, 459.0], [289.0, 458.5], [288.5, 458.0], [288.5, 457.0], [288.0, 456.5], [287.5, 456.0], [287.5, 455.0], [287.5, 454.0], [287.5, 453.0], [287.5, 452.0], [287.0, 451.5], [286.5, 451.0], [286.5, 450.0], [286.5, 449.0], [286.0, 448.5], [285.5, 448.0], [285.0, 447.5], [284.5, 447.0], [284.5, 446.0], [284.5, 445.0], [284.0, 444.5], [283.5, 444.0], [283.0, 443.5], [282.5, 443.0], [282.5, 442.0], [282.0, 441.5], [281.5, 441.0], [281.5, 440.0], [281.0, 439.5], [280.5, 439.0], [280.5, 438.0], [280.5, 437.0], [280.0, 436.5], [279.5, 436.0], [280.0, 435.5], [280.5, 435.0], [280.5, 434.0], [280.5, 433.0], [281.0, 432.5], [281.5, 432.0], [281.5, 431.0], [282.0, 430.5], [282.5, 430.0], [283.0, 429.5], [283.5, 429.0], [283.5, 428.0], [284.0, 427.5], [285.0, 427.5], [285.5, 427.0], [286.0, 426.5], [287.0, 426.5], [287.5, 427.0], [288.0, 427.5], [288.5, 428.0], [289.0, 428.5], [289.5, 429.0], [290.0, 429.5], [290.5, 430.0], [291.0, 430.5], [291.5, 431.0], [292.0, 431.5], [292.5, 432.0], [292.5, 433.0], [292.5, 434.0], [293.0, 434.5], [293.5, 435.0], [294.0, 435.5], [294.5, 436.0], [294.0, 436.5], [293.5, 437.0], [294.0, 437.5], [294.5, 438.0], [294.0, 438.5], [293.5, 438.0], [293.0, 437.5], [292.5, 438.0], [292.0, 438.5], [291.5, 439.0], [292.0, 439.5], [292.5, 440.0], [292.0, 440.5], [291.5, 440.0], [291.0, 439.5], [290.5, 440.0], [290.5, 441.0], [290.5, 442.0], [290.5, 443.0], [290.5, 444.0], [291.0, 444.5], [291.5, 445.0], [292.0, 445.5], [292.5, 446.0], [293.0, 446.5], [293.5, 446.0], [294.0, 445.5], [294.5, 446.0], [295.0, 446.5], [295.5, 446.0], [295.5, 445.0], [295.5, 444.0], [296.0, 443.5], [296.5, 444.0], [297.0, 444.5], [297.5, 445.0], [298.0, 445.5], [298.5, 446.0], [299.0, 446.5], [299.5, 447.0], [300.0, 447.5], [300.5, 448.0], [300.0, 448.5], [299.5, 449.0], [300.0, 449.5], [300.5, 450.0], [300.0, 450.5], [299.5, 451.0], [300.0, 451.5], [300.5, 452.0], [300.5, 453.0], [300.5, 454.0], [300.5, 455.0], [301.0, 455.5], [301.5, 456.0], [301.5, 457.0], [302.0, 457.5], [302.5, 458.0], [302.5, 459.0], [302.5, 460.0], [303.0, 460.5], [303.5, 461.0], [304.0, 461.5], [304.5, 462.0], [304.0, 462.5], [303.5, 463.0], [304.0, 463.5], [304.5, 464.0], [304.5, 465.0], [304.5, 466.0], [305.0, 466.5], [305.5, 467.0], [305.0, 467.5], [304.5, 468.0], [304.5, 469.0], [304.5, 470.0], [304.0, 470.5], [303.5, 471.0], [303.0, 471.5], [302.5, 472.0], [302.0, 472.5], [302.0, 472.5]]]}, "properties": {"image": "7r43jfh5ovispq5wh62w_al_4_si_5_af_10.png", "iceberg_id": 31, "confidence": 0.6402816772460938}}, {"type": "Feature", "geometry": {"type": "Polygon", "coordinates": [[[0.0, 442.5], [0.5, 443.0], [1.0, 443.5], [2.0, 443.5], [2.5, 444.0], [3.0, 444.5], [3.5, 445.0], [3.5, 446.0], [3.5, 447.0], [3.0, 447.5], [2.5, 448.0], [2.5, 449.0], [2.0, 449.5], [1.5, 450.0], [1.0, 450.5], [0.0, 450.5], [0.0, 442.5]]]}, "properties": {"image": "7r43jfh5ovispq5wh62w_al_4_si_5_af_10.png", "iceberg_id": 32, "confidence": 0.6402816772460938}}, {"type": "Feature", "geometry": {"type": "Polygon", "coordinates": [[[264.0, 450.5], [263.0, 450.5], [262.0, 450.5], [261.5, 450.0], [261.0, 449.5], [260.5, 449.0], [260.0, 448.5], [259.5, 448.0], [260.0, 447.5], [260.5, 447.0], [261.0, 446.5], [261.5, 446.0], [262.0, 445.5], [262.5, 446.0], [263.0, 446.5], [264.0, 446.5], [264.5, 447.0], [264.5, 448.0], [264.5, 449.0], [264.5, 450.0], [264.0, 450.5], [264.0, 450.5]]]}, "properties": {"image": "7r43jfh5ovispq5wh62w_al_4_si_5_af_10.png", "iceberg_id": 33, "confidence": 0.6402816772460938}}, {"type": "Feature", "geometry": {"type": "Polygon", "coordinates": [[[293.5, 448.0], [293.0, 447.5], [292.5, 448.0], [293.0, 448.5], [293.5, 448.0], [293.5, 448.0]]]}, "properties": {"image": "7r43jfh5ovispq5wh62w_al_4_si_5_af_10.png", "iceberg_id": 34, "confidence": 0.6402816772460938}}, {"type": "Feature", "geometry": {"type": "Polygon", "coordinates": [[[295.5, 448.0], [295.0, 447.5], [294.5, 448.0], [295.0, 448.5], [295.5, 448.0], [295.5, 448.0]]]}, "properties": {"image": "7r43jfh5ovispq5wh62w_al_4_si_5_af_10.png", "iceberg_id": 35, "confidence": 0.6402816772460938}}, {"type": "Feature", "geometry": {"type": "Polygon", "coordinates": [[[293.5, 450.0], [293.0, 449.5], [292.5, 450.0], [293.0, 450.5], [293.5, 450.0], [293.5, 450.0]]]}, "properties": {"image": "7r43jfh5ovispq5wh62w_al_4_si_5_af_10.png", "iceberg_id": 36, "confidence": 0.6402816772460938}}, {"type": "Feature", "geometry": {"type": "Polygon", "coordinates": [[[295.5, 450.0], [295.0, 449.5], [294.5, 450.0], [295.0, 450.5], [295.5, 450.0], [295.5, 450.0]]]}, "properties": {"image": "7r43jfh5ovispq5wh62w_al_4_si_5_af_10.png", "iceberg_id": 37, "confidence": 0.6402816772460938}}, {"type": "Feature", "geometry": {"type": "Polygon", "coordinates": [[[294.5, 451.0], [294.0, 450.5], [293.5, 451.0], [294.0, 451.5], [294.5, 451.0], [294.5, 451.0]]]}, "properties": {"image": "7r43jfh5ovispq5wh62w_al_4_si_5_af_10.png", "iceberg_id": 38, "confidence": 0.6402816772460938}}, {"type": "Feature", "geometry": {"type": "Polygon", "coordinates": [[[293.5, 452.0], [293.0, 451.5], [292.5, 452.0], [293.0, 452.5], [293.5, 452.0], [293.5, 452.0]]]}, "properties": {"image": "7r43jfh5ovispq5wh62w_al_4_si_5_af_10.png", "iceberg_id": 39, "confidence": 0.6402816772460938}}, {"type": "Feature", "geometry": {"type": "Polygon", "coordinates": [[[295.5, 452.0], [295.0, 451.5], [294.5, 452.0], [295.0, 452.5], [295.5, 452.0], [295.5, 452.0]]]}, "properties": {"image": "7r43jfh5ovispq5wh62w_al_4_si_5_af_10.png", "iceberg_id": 40, "confidence": 0.6402816772460938}}, {"type": "Feature", "geometry": {"type": "Polygon", "coordinates": [[[41.0, 459.5], [40.0, 459.5], [39.0, 459.5], [38.5, 459.0], [38.0, 458.5], [37.5, 458.0], [37.5, 457.0], [37.5, 456.0], [38.0, 455.5], [39.0, 455.5], [40.0, 455.5], [41.0, 455.5], [42.0, 455.5], [42.5, 456.0], [42.5, 457.0], [42.5, 458.0], [42.0, 458.5], [41.5, 459.0], [41.0, 459.5], [41.0, 459.5]]]}, "properties": {"image": "7r43jfh5ovispq5wh62w_al_4_si_5_af_10.png", "iceberg_id": 41, "confidence": 0.6402816772460938}}, {"type": "Feature", "geometry": {"type": "Polygon", "coordinates": [[[0.0, 464.5], [1.0, 464.5], [1.5, 465.0], [2.0, 465.5], [3.0, 465.5], [3.5, 466.0], [4.0, 466.5], [4.5, 467.0], [4.5, 468.0], [5.0, 468.5], [5.5, 469.0], [5.5, 470.0], [5.5, 471.0], [5.0, 471.5], [4.5, 472.0], [4.5, 473.0], [4.0, 473.5], [3.5, 474.0], [3.5, 475.0], [3.0, 475.5], [2.0, 475.5], [1.5, 476.0], [1.0, 476.5], [0.5, 477.0], [0.0, 477.5], [0.0, 464.5]]]}, "properties": {"image": "7r43jfh5ovispq5wh62w_al_4_si_5_af_10.png", "iceberg_id": 42, "confidence": 0.6402816772460938}}, {"type": "Feature", "geometry": {"type": "Polygon", "coordinates": [[[224.0, 471.5], [223.0, 471.5], [222.0, 471.5], [221.0, 471.5], [220.0, 471.5], [219.0, 471.5], [218.0, 471.5], [217.5, 471.0], [217.0, 470.5], [216.5, 470.0], [216.0, 469.5], [215.5, 469.0], [215.5, 468.0], [216.0, 467.5], [216.5, 467.0], [216.5, 466.0], [217.0, 465.5], [218.0, 465.5], [218.5, 465.0], [219.0, 464.5], [220.0, 464.5], [221.0, 464.5], [222.0, 464.5], [222.5, 465.0], [223.0, 465.5], [224.0, 465.5], [224.5, 466.0], [225.0, 466.5], [225.5, 467.0], [225.5, 468.0], [225.5, 469.0], [225.0, 469.5], [224.5, 470.0], [224.5, 471.0], [224.0, 471.5], [224.0, 471.5]]]}, "properties": {"image": "7r43jfh5ovispq5wh62w_al_4_si_5_af_10.png", "iceberg_id": 43, "confidence": 0.6402816772460938}}, {"type": "Feature", "geometry": {"type": "Polygon", "coordinates": [[[121.0, 471.5], [120.0, 471.5], [119.0, 471.5], [118.5, 471.0], [118.0, 470.5], [117.5, 470.0], [117.5, 469.0], [117.5, 468.0], [118.0, 467.5], [118.5, 467.0], [119.0, 466.5], [120.0, 466.5], [120.5, 467.0], [121.0, 467.5], [122.0, 467.5], [122.5, 468.0], [122.5, 469.0], [122.5, 470.0], [122.0, 470.5], [121.5, 471.0], [121.0, 471.5], [121.0, 471.5]]]}, "properties": {"image": "7r43jfh5ovispq5wh62w_al_4_si_5_af_10.png", "iceberg_id": 44, "confidence": 0.6402816772460938}}, {"type": "Feature", "geometry": {"type": "Polygon", "coordinates": [[[230.0, 481.5], [229.0, 481.5], [228.0, 481.5], [227.0, 481.5], [226.0, 481.5], [225.5, 481.0], [225.0, 480.5], [224.5, 480.0], [224.5, 479.0], [224.5, 478.0], [224.5, 477.0], [225.0, 476.5], [226.0, 476.5], [227.0, 476.5], [228.0, 476.5], [229.0, 476.5], [229.5, 477.0], [230.0, 477.5], [230.5, 478.0], [231.0, 478.5], [231.5, 479.0], [231.0, 479.5], [230.5, 480.0], [230.5, 481.0], [230.0, 481.5], [230.0, 481.5]]]}, "properties": {"image": "7r43jfh5ovispq5wh62w_al_4_si_5_af_10.png", "iceberg_id": 45, "confidence": 0.6402816772460938}}, {"type": "Feature", "geometry": {"type": "Polygon", "coordinates": [[[318.0, 502.5], [317.5, 502.0], [317.0, 501.5], [316.5, 502.0], [316.0, 502.5], [315.5, 502.0], [315.0, 501.5], [314.0, 501.5], [313.5, 501.0], [313.0, 500.5], [312.0, 500.5], [311.5, 500.0], [311.0, 499.5], [310.5, 499.0], [310.5, 498.0], [310.0, 497.5], [309.0, 497.5], [308.5, 497.0], [308.5, 496.0], [308.0, 495.5], [307.5, 495.0], [307.5, 494.0], [307.0, 493.5], [306.5, 493.0], [306.5, 492.0], [306.5, 491.0], [307.0, 490.5], [307.5, 490.0], [307.0, 489.5], [306.5, 489.0], [306.0, 488.5], [305.0, 488.5], [304.5, 488.0], [304.0, 487.5], [303.0, 487.5], [302.5, 487.0], [302.0, 486.5], [301.5, 486.0], [301.0, 485.5], [300.5, 485.0], [300.0, 484.5], [299.5, 484.0], [299.0, 483.5], [298.5, 483.0], [299.0, 482.5], [299.5, 482.0], [299.5, 481.0], [299.5, 480.0], [300.0, 479.5], [301.0, 479.5], [301.5, 479.0], [302.0, 478.5], [303.0, 478.5], [303.5, 478.0], [304.0, 477.5], [304.5, 478.0], [305.0, 478.5], [305.5, 478.0], [306.0, 477.5], [306.5, 478.0], [307.0, 478.5], [307.5, 479.0], [308.0, 479.5], [308.5, 480.0], [309.0, 480.5], [309.5, 481.0], [310.0, 481.5], [310.5, 482.0], [311.0, 482.5], [311.5, 483.0], [311.0, 483.5], [310.5, 484.0], [311.0, 484.5], [311.5, 485.0], [311.0, 485.5], [310.5, 486.0], [311.0, 486.5], [311.5, 487.0], [312.0, 487.5], [312.5, 488.0], [312.5, 489.0], [313.0, 489.5], [314.0, 489.5], [314.5, 490.0], [315.0, 490.5], [315.5, 491.0], [316.0, 491.5], [316.5, 492.0], [317.0, 492.5], [317.5, 493.0], [318.0, 493.5], [318.5, 494.0], [318.5, 495.0], [318.5, 496.0], [318.5, 497.0], [318.5, 498.0], [318.5, 499.0], [318.5, 500.0], [318.5, 501.0], [318.5, 502.0], [318.0, 502.5], [318.0, 502.5]]]}, "properties": {"image": "7r43jfh5ovispq5wh62w_al_4_si_5_af_10.png", "iceberg_id": 46, "confidence": 0.6402816772460938}}, {"type": "Feature", "geometry": {"type": "Polygon", "coordinates": [[[282.0, 487.5], [281.0, 487.5], [280.0, 487.5], [279.5, 487.0], [279.0, 486.5], [278.0, 486.5], [277.5, 486.0], [277.0, 485.5], [276.5, 485.0], [276.5, 484.0], [276.5, 483.0], [276.5, 482.0], [276.5, 481.0], [277.0, 480.5], [278.0, 480.5], [279.0, 480.5], [280.0, 480.5], [281.0, 480.5], [281.5, 481.0], [282.0, 481.5], [282.5, 482.0], [283.0, 482.5], [283.5, 483.0], [284.0, 483.5], [284.5, 484.0], [284.0, 484.5], [283.5, 485.0], [283.5, 486.0], [283.0, 486.5], [282.5, 487.0], [282.0, 487.5], [282.0, 487.5]]]}, "properties": {"image": "7r43jfh5ovispq5wh62w_al_4_si_5_af_10.png", "iceberg_id": 47, "confidence": 0.6402816772460938}}, {"type": "Feature", "geometry": {"type": "Polygon", "coordinates": [[[27.0, 495.5], [26.0, 495.5], [25.0, 495.5], [24.5, 495.0], [24.0, 494.5], [23.5, 494.0], [23.0, 493.5], [22.5, 493.0], [22.0, 492.5], [21.5, 492.0], [21.5, 491.0], [22.0, 490.5], [22.5, 490.0], [23.0, 489.5], [23.5, 489.0], [24.0, 488.5], [25.0, 488.5], [25.5, 488.0], [26.0, 487.5], [27.0, 487.5], [28.0, 487.5], [28.5, 488.0], [29.0, 488.5], [30.0, 488.5], [30.5, 489.0], [31.0, 489.5], [32.0, 489.5], [32.5, 490.0], [32.0, 490.5], [31.5, 491.0], [32.0, 491.5], [32.5, 492.0], [32.0, 492.5], [31.5, 493.0], [31.0, 493.5], [30.5, 494.0], [30.0, 494.5], [29.0, 494.5], [28.0, 494.5], [27.5, 495.0], [27.0, 495.5], [27.0, 495.5]]]}, "properties": {"image": "7r43jfh5ovispq5wh62w_al_4_si_5_af_10.png", "iceberg_id": 48, "confidence": 0.6402816772460938}}, {"type": "Feature", "geometry": {"type": "Polygon", "coordinates": [[[5.0, 523.5], [4.5, 523.0], [4.0, 522.5], [3.0, 522.5], [2.5, 522.0], [2.5, 521.0], [2.5, 520.0], [2.5, 519.0], [2.5, 518.0], [3.0, 517.5], [3.5, 517.0], [3.5, 516.0], [4.0, 515.5], [5.0, 515.5], [5.5, 515.0], [6.0, 514.5], [7.0, 514.5], [7.5, 514.0], [8.0, 513.5], [9.0, 513.5], [10.0, 513.5], [10.5, 514.0], [10.5, 515.0], [10.5, 516.0], [11.0, 516.5], [11.5, 517.0], [11.0, 517.5], [10.5, 518.0], [10.5, 519.0], [10.0, 519.5], [9.5, 520.0], [9.0, 520.5], [8.5, 521.0], [8.0, 521.5], [7.5, 522.0], [7.0, 522.5], [6.0, 522.5], [5.5, 523.0], [5.0, 523.5], [5.0, 523.5]]]}, "properties": {"image": "7r43jfh5ovispq5wh62w_al_4_si_5_af_10.png", "iceberg_id": 49, "confidence": 0.6402816772460938}}, {"type": "Feature", "geometry": {"type": "Polygon", "coordinates": [[[326.0, 528.5], [325.5, 528.0], [325.0, 527.5], [324.5, 527.0], [324.0, 526.5], [323.5, 526.0], [323.0, 525.5], [322.5, 525.0], [322.5, 524.0], [322.0, 523.5], [321.5, 523.0], [321.0, 522.5], [320.5, 522.0], [320.0, 521.5], [319.5, 521.0], [319.5, 520.0], [319.0, 519.5], [318.0, 519.5], [317.5, 519.0], [317.5, 518.0], [317.0, 517.5], [316.5, 517.0], [317.0, 516.5], [317.5, 516.0], [317.5, 515.0], [317.5, 514.0], [318.0, 513.5], [318.5, 514.0], [319.0, 514.5], [319.5, 514.0], [320.0, 513.5], [320.5, 514.0], [321.0, 514.5], [321.5, 515.0], [322.0, 515.5], [322.5, 516.0], [322.5, 517.0], [322.5, 518.0], [323.0, 518.5], [323.5, 519.0], [324.0, 519.5], [324.5, 520.0], [325.0, 520.5], [325.5, 521.0], [326.0, 521.5], [326.5, 522.0], [327.0, 522.5], [327.5, 523.0], [328.0, 523.5], [328.5, 524.0], [328.0, 524.5], [327.5, 525.0], [328.0, 525.5], [328.5, 526.0], [328.0, 526.5], [327.5, 527.0], [327.0, 527.5], [326.5, 528.0], [326.0, 528.5], [326.0, 528.5]]]}, "properties": {"image": "7r43jfh5ovispq5wh62w_al_4_si_5_af_10.png", "iceberg_id": 50, "confidence": 0.6402816772460938}}, {"type": "Feature", "geometry": {"type": "Polygon", "coordinates": [[[233.0, 546.5], [232.0, 546.5], [231.0, 546.5], [230.0, 546.5], [229.5, 546.0], [229.0, 545.5], [228.5, 545.0], [228.0, 544.5], [227.5, 544.0], [227.0, 543.5], [226.5, 543.0], [226.0, 542.5], [225.5, 542.0], [225.5, 541.0], [225.5, 540.0], [225.0, 539.5], [224.5, 539.0], [225.0, 538.5], [225.5, 538.0], [225.5, 537.0], [225.5, 536.0], [226.0, 535.5], [226.5, 535.0], [227.0, 534.5], [228.0, 534.5], [229.0, 534.5], [230.0, 534.5], [230.5, 535.0], [231.0, 535.5], [232.0, 535.5], [232.5, 536.0], [233.0, 536.5], [233.5, 537.0], [234.0, 537.5], [234.5, 538.0], [235.0, 538.5], [235.5, 539.0], [235.5, 540.0], [235.5, 541.0], [235.5, 542.0], [235.5, 543.0], [235.5, 544.0], [235.0, 544.5], [234.5, 545.0], [234.0, 545.5], [233.5, 546.0], [233.0, 546.5], [233.0, 546.5]]]}, "properties": {"image": "7r43jfh5ovispq5wh62w_al_4_si_5_af_10.png", "iceberg_id": 51, "confidence": 0.6402816772460938}}, {"type": "Feature", "geometry": {"type": "Polygon", "coordinates": [[[336.0, 554.5], [335.0, 554.5], [334.0, 554.5], [333.5, 554.0], [333.0, 553.5], [332.5, 553.0], [332.5, 552.0], [332.5, 551.0], [332.0, 550.5], [331.5, 550.0], [331.5, 549.0], [331.0, 548.5], [330.5, 548.0], [330.5, 547.0], [330.0, 546.5], [329.5, 546.0], [329.0, 545.5], [328.5, 545.0], [328.0, 544.5], [327.5, 544.0], [327.0, 543.5], [326.5, 543.0], [326.0, 542.5], [325.5, 542.0], [325.0, 541.5], [324.5, 541.0], [324.5, 540.0], [325.0, 539.5], [325.5, 539.0], [325.5, 538.0], [326.0, 537.5], [327.0, 537.5], [327.5, 537.0], [327.5, 536.0], [328.0, 535.5], [329.0, 535.5], [330.0, 535.5], [330.5, 536.0], [331.0, 536.5], [331.5, 537.0], [332.0, 537.5], [332.5, 538.0], [332.5, 539.0], [332.5, 540.0], [333.0, 540.5], [333.5, 541.0], [333.5, 542.0], [333.5, 543.0], [334.0, 543.5], [334.5, 544.0], [334.5, 545.0], [334.5, 546.0], [334.5, 547.0], [335.0, 547.5], [335.5, 548.0], [335.5, 549.0], [336.0, 549.5], [336.5, 550.0], [336.0, 550.5], [335.5, 551.0], [336.0, 551.5], [336.5, 552.0], [336.0, 552.5], [335.5, 553.0], [336.0, 553.5], [336.5, 554.0], [336.0, 554.5], [336.0, 554.5]]]}, "properties": {"image": "7r43jfh5ovispq5wh62w_al_4_si_5_af_10.png", "iceberg_id": 52, "confidence": 0.6402816772460938}}, {"type": "Feature", "geometry": {"type": "Polygon", "coordinates": [[[87.0, 551.5], [86.0, 551.5], [85.0, 551.5], [84.0, 551.5], [83.0, 551.5], [82.5, 551.0], [82.0, 550.5], [81.5, 550.0], [81.5, 549.0], [81.5, 548.0], [81.5, 547.0], [82.0, 546.5], [82.5, 546.0], [83.0, 545.5], [84.0, 545.5], [84.5, 545.0], [85.0, 544.5], [86.0, 544.5], [87.0, 544.5], [88.0, 544.5], [88.5, 545.0], [89.0, 545.5], [90.0, 545.5], [90.5, 546.0], [90.5, 547.0], [90.5, 548.0], [90.5, 549.0], [90.0, 549.5], [89.5, 550.0], [89.0, 550.5], [88.0, 550.5], [87.5, 551.0], [87.0, 551.5], [87.0, 551.5]]]}, "properties": {"image": "7r43jfh5ovispq5wh62w_al_4_si_5_af_10.png", "iceberg_id": 53, "confidence": 0.6402816772460938}}, {"type": "Feature", "geometry": {"type": "Polygon", "coordinates": [[[179.0, 599.5], [178.0, 599.5], [177.0, 599.5], [176.0, 599.5], [175.0, 599.5], [174.5, 599.0], [174.0, 598.5], [173.5, 598.0], [173.0, 597.5], [172.5, 597.0], [173.0, 596.5], [173.5, 596.0], [173.5, 595.0], [174.0, 594.5], [174.5, 594.0], [175.0, 593.5], [176.0, 593.5], [177.0, 593.5], [178.0, 593.5], [179.0, 593.5], [179.5, 594.0], [180.0, 594.5], [180.5, 595.0], [181.0, 595.5], [181.5, 596.0], [181.5, 597.0], [181.0, 597.5], [180.5, 598.0], [180.0, 598.5], [179.5, 599.0], [179.0, 599.5], [179.0, 599.5]]]}, "properties": {"image": "7r43jfh5ovispq5wh62w_al_4_si_5_af_10.png", "iceberg_id": 54, "confidence": 0.6402816772460938}}, {"type": "Feature", "geometry": {"type": "Polygon", "coordinates": [[[249.0, 601.5], [248.0, 601.5], [247.0, 601.5], [246.0, 601.5], [245.0, 601.5], [244.5, 601.0], [244.0, 600.5], [243.0, 600.5], [242.5, 600.0], [242.5, 599.0], [242.0, 598.5], [241.5, 598.0], [242.0, 597.5], [242.5, 597.0], [242.5, 596.0], [243.0, 595.5], [243.5, 595.0], [244.0, 594.5], [245.0, 594.5], [245.5, 594.0], [246.0, 593.5], [246.5, 594.0], [247.0, 594.5], [248.0, 594.5], [249.0, 594.5], [249.5, 595.0], [250.0, 595.5], [250.5, 596.0], [250.5, 597.0], [250.5, 598.0], [250.5, 599.0], [250.5, 600.0], [250.0, 600.5], [249.5, 601.0], [249.0, 601.5], [249.0, 601.5]]]}, "properties": {"image": "7r43jfh5ovispq5wh62w_al_4_si_5_af_10.png", "iceberg_id": 55, "confidence": 0.6402816772460938}}, {"type": "Feature", "geometry": {"type": "Polygon", "coordinates": [[[138.0, 610.5], [137.0, 610.5], [136.0, 610.5], [135.0, 610.5], [134.0, 610.5], [133.0, 610.5], [132.0, 610.5], [131.5, 610.0], [131.0, 609.5], [130.0, 609.5], [129.5, 609.0], [129.5, 608.0], [129.5, 607.0], [130.0, 606.5], [130.5, 606.0], [131.0, 605.5], [131.5, 605.0], [132.0, 604.5], [132.5, 604.0], [133.0, 603.5], [134.0, 603.5], [134.5, 603.0], [135.0, 602.5], [136.0, 602.5], [137.0, 602.5], [137.5, 602.0], [138.0, 601.5], [139.0, 601.5], [140.0, 601.5], [141.0, 601.5], [141.5, 601.0], [142.0, 600.5], [143.0, 600.5], [144.0, 600.5], [145.0, 600.5], [146.0, 600.5], [147.0, 600.5], [147.5, 600.0], [148.0, 599.5], [148.5, 600.0], [149.0, 600.5], [149.5, 600.0], [150.0, 599.5], [150.5, 600.0], [151.0, 600.5], [152.0, 600.5], [153.0, 600.5], [154.0, 600.5], [154.5, 601.0], [155.0, 601.5], [156.0, 601.5], [156.5, 602.0], [156.5, 603.0], [156.5, 604.0], [156.5, 605.0], [156.0, 605.5], [155.5, 606.0], [155.0, 606.5], [154.0, 606.5], [153.5, 607.0], [153.0, 607.5], [152.0, 607.5], [151.0, 607.5], [150.0, 607.5], [149.0, 607.5], [148.5, 608.0], [148.0, 608.5], [147.0, 608.5], [146.0, 608.5], [145.0, 608.5], [144.5, 609.0], [144.0, 609.5], [143.0, 609.5], [142.0, 609.5], [141.0, 609.5], [140.0, 609.5], [139.0, 609.5], [138.5, 610.0], [138.0, 610.5], [138.0, 610.5]]]}, "properties": {"image": "7r43jfh5ovispq5wh62w_al_4_si_5_af_10.png", "iceberg_id": 56, "confidence": 0.6402816772460938}}, {"type": "Feature", "geometry": {"type": "Polygon", "coordinates": [[[0.0, 610.5], [0.5, 610.0], [1.0, 609.5], [1.5, 609.0], [2.0, 608.5], [3.0, 608.5], [3.5, 608.0], [4.0, 607.5], [4.5, 608.0], [5.0, 608.5], [6.0, 608.5], [6.5, 609.0], [7.0, 609.5], [7.5, 610.0], [7.5, 611.0], [8.0, 611.5], [8.5, 612.0], [8.5, 613.0], [8.5, 614.0], [8.0, 614.5], [7.5, 615.0], [7.5, 616.0], [7.5, 617.0], [7.0, 617.5], [6.5, 618.0], [6.0, 618.5], [5.5, 619.0], [5.0, 619.5], [4.5, 620.0], [4.0, 620.5], [3.0, 620.5], [2.0, 620.5], [1.5, 621.0], [1.0, 621.5], [0.5, 621.0], [0.0, 620.5], [0.0, 610.5]]]}, "properties": {"image": "7r43jfh5ovispq5wh62w_al_4_si_5_af_10.png", "iceberg_id": 57, "confidence": 0.6402816772460938}}, {"type": "Feature", "geometry": {"type": "Polygon", "coordinates": [[[6.5, 0.0], [6.5, 1.0], [6.5, 2.0], [6.0, 2.5], [5.5, 3.0], [5.5, 4.0], [5.0, 4.5], [4.5, 5.0], [4.5, 6.0], [4.0, 6.5], [3.5, 7.0], [3.5, 8.0], [3.0, 8.5], [2.5, 9.0], [2.5, 10.0], [2.0, 10.5], [1.0, 10.5], [0.0, 10.5], [6.5, 0.0]]]}, "properties": {"image": "7r43jfh5ovispq5wh62w_al_4_si_5_af_20.png", "iceberg_id": 0, "confidence": 0.6397031545639038}}, {"type": "Feature", "geometry": {"type": "Polygon", "coordinates": [[[132.5, 0.0], [132.0, 0.5], [131.0, 0.5], [130.0, 0.5], [129.5, 1.0], [129.0, 1.5], [128.0, 1.5], [127.0, 1.5], [126.5, 2.0], [126.0, 2.5], [125.0, 2.5], [124.0, 2.5], [123.0, 2.5], [122.5, 2.0], [122.0, 1.5], [121.0, 1.5], [120.5, 1.0], [120.0, 0.5], [119.0, 0.5], [118.5, 0.0], [132.5, 0.0]]]}, "properties": {"image": "7r43jfh5ovispq5wh62w_al_4_si_5_af_20.png", "iceberg_id": 1, "confidence": 0.6397031545639038}}, {"type": "Feature", "geometry": {"type": "Polygon", "coordinates": [[[267.0, 13.5], [266.0, 13.5], [265.0, 13.5], [264.0, 13.5], [263.0, 13.5], [262.0, 13.5], [261.5, 13.0], [261.5, 12.0], [261.0, 11.5], [260.5, 11.0], [260.5, 10.0], [261.0, 9.5], [261.5, 9.0], [261.5, 8.0], [262.0, 7.5], [263.0, 7.5], [263.5, 7.0], [264.0, 6.5], [265.0, 6.5], [266.0, 6.5], [267.0, 6.5], [267.5, 7.0], [268.0, 7.5], [268.5, 8.0], [269.0, 8.5], [269.5, 9.0], [269.5, 10.0], [269.5, 11.0], [269.0, 11.5], [268.5, 12.0], [268.0, 12.5], [267.5, 13.0], [267.0, 13.5], [267.0, 13.5]]]}, "properties": {"image": "7r43jfh5ovispq5wh62w_al_4_si_5_af_20.png", "iceberg_id": 2, "confidence": 0.6397031545639038}}, {"type": "Feature", "geometry": {"type": "Polygon", "coordinates": [[[301.0, 31.5], [300.0, 31.5], [299.0, 31.5], [298.0, 31.5], [297.0, 31.5], [296.5, 31.0], [296.0, 30.5], [295.5, 30.0], [295.0, 29.5], [294.5, 29.0], [294.5, 28.0], [294.5, 27.0], [294.5, 26.0], [295.0, 25.5], [295.5, 25.0], [296.0, 24.5], [297.0, 24.5], [298.0, 24.5], [299.0, 24.5], [300.0, 24.5], [301.0, 24.5], [301.5, 25.0], [302.0, 25.5], [302.5, 26.0], [302.5, 27.0], [302.5, 28.0], [302.5, 29.0], [302.5, 30.0], [302.0, 30.5], [301.5, 31.0], [301.0, 31.5], [301.0, 31.5]]]}, "properties": {"image": "7r43jfh5ovispq5wh62w_al_4_si_5_af_20.png", "iceberg_id": 3, "confidence": 0.6397031545639038}}, {"type": "Feature", "geometry": {"type": "Polygon", "coordinates": [[[337.0, 31.5], [336.0, 31.5], [335.0, 31.5], [334.5, 31.0], [334.0, 30.5], [333.5, 30.0], [333.5, 29.0], [334.0, 28.5], [334.5, 28.0], [335.0, 27.5], [336.0, 27.5], [337.0, 27.5], [337.5, 28.0], [337.5, 29.0], [337.5, 30.0], [337.5, 31.0], [337.0, 31.5], [337.0, 31.5]]]}, "properties": {"image": "7r43jfh5ovispq5wh62w_al_4_si_5_af_20.png", "iceberg_id": 4, "confidence": 0.6397031545639038}}, {"type": "Feature", "geometry": {"type": "Polygon", "coordinates": [[[271.0, 41.5], [270.5, 41.0], [270.0, 40.5], [269.5, 40.0], [269.0, 39.5], [268.5, 39.0], [269.0, 38.5], [269.5, 38.0], [270.0, 37.5], [270.5, 37.0], [271.0, 36.5], [271.5, 36.0], [272.0, 35.5], [272.5, 36.0], [273.0, 36.5], [274.0, 36.5], [274.5, 37.0], [274.5, 38.0], [274.5, 39.0], [274.5, 40.0], [274.0, 40.5], [273.0, 40.5], [272.0, 40.5], [271.5, 41.0], [271.0, 41.5], [271.0, 41.5]]]}, "properties": {"image": "7r43jfh5ovispq5wh62w_al_4_si_5_af_20.png", "iceberg_id": 5, "confidence": 0.6397031545639038}}, {"type": "Feature", "geometry": {"type": "Polygon", "coordinates": [[[199.0, 55.5], [198.0, 55.5], [197.0, 55.5], [196.0, 55.5], [195.0, 55.5], [194.5, 55.0], [194.0, 54.5], [193.0, 54.5], [192.0, 54.5], [191.5, 54.0], [191.0, 53.5], [190.5, 53.0], [190.5, 52.0], [190.0, 51.5], [189.5, 51.0], [189.5, 50.0], [190.0, 49.5], [190.5, 49.0], [190.5, 48.0], [191.0, 47.5], [191.5, 47.0], [191.5, 46.0], [192.0, 45.5], [193.0, 45.5], [194.0, 45.5], [194.5, 45.0], [195.0, 44.5], [196.0, 44.5], [197.0, 44.5], [198.0, 44.5], [199.0, 44.5], [200.0, 44.5], [201.0, 44.5], [202.0, 44.5], [203.0, 44.5], [204.0, 44.5], [205.0, 44.5], [206.0, 44.5], [206.5, 45.0], [207.0, 45.5], [208.0, 45.5], [208.5, 46.0], [209.0, 46.5], [209.5, 47.0], [210.0, 47.5], [210.5, 48.0], [210.0, 48.5], [209.5, 49.0], [209.5, 50.0], [209.5, 51.0], [209.0, 51.5], [208.5, 52.0], [208.0, 52.5], [207.5, 53.0], [207.0, 53.5], [206.0, 53.5], [205.0, 53.5], [204.0, 53.5], [203.5, 54.0], [203.0, 54.5], [202.0, 54.5], [201.0, 54.5], [200.0, 54.5], [199.5, 55.0], [199.0, 55.5], [199.0, 55.5]]]}, "properties": {"image": "7r43jfh5ovispq5wh62w_al_4_si_5_af_20.png", "iceberg_id": 6, "confidence": 0.6397031545639038}}, {"type": "Feature", "geometry": {"type": "Polygon", "coordinates": [[[252.0, 66.5], [251.0, 66.5], [250.0, 66.5], [249.0, 66.5], [248.5, 66.0], [248.0, 65.5], [247.5, 65.0], [247.5, 64.0], [247.0, 63.5], [246.5, 63.0], [246.5, 62.0], [246.5, 61.0], [247.0, 60.5], [247.5, 60.0], [248.0, 59.5], [248.5, 59.0], [248.5, 58.0], [249.0, 57.5], [249.5, 57.0], [249.5, 56.0], [250.0, 55.5], [250.5, 55.0], [251.0, 54.5], [251.5, 54.0], [252.0, 53.5], [252.5, 53.0], [253.0, 52.5], [253.5, 52.0], [254.0, 51.5], [254.5, 52.0], [255.0, 52.5], [255.5, 52.0], [256.0, 51.5], [256.5, 52.0], [257.0, 52.5], [257.5, 53.0], [258.0, 53.5], [258.5, 54.0], [258.5, 55.0], [258.5, 56.0], [258.0, 56.5], [257.5, 57.0], [257.5, 58.0], [257.0, 58.5], [256.5, 59.0], [256.5, 60.0], [256.0, 60.5], [255.5, 61.0], [255.5, 62.0], [255.5, 63.0], [255.0, 63.5], [254.5, 64.0], [254.0, 64.5], [253.5, 65.0], [253.0, 65.5], [252.5, 66.0], [252.0, 66.5], [252.0, 66.5]]]}, "properties": {"image": "7r43jfh5ovispq5wh62w_al_4_si_5_af_20.png", "iceberg_id": 7, "confidence": 0.6397031545639038}}, {"type": "Feature", "geometry": {"type": "Polygon", "coordinates": [[[153.0, 59.5], [152.0, 59.5], [151.0, 59.5], [150.5, 59.0], [150.0, 58.5], [149.5, 58.0], [149.0, 57.5], [148.5, 57.0], [149.0, 56.5], [149.5, 56.0], [149.5, 55.0], [150.0, 54.5], [151.0, 54.5], [152.0, 54.5], [152.5, 55.0], [153.0, 55.5], [154.0, 55.5], [154.5, 56.0], [154.5, 57.0], [154.5, 58.0], [154.0, 58.5], [153.5, 59.0], [153.0, 59.5], [153.0, 59.5]]]}, "properties": {"image": "7r43jfh5ovispq5wh62w_al_4_si_5_af_20.png", "iceberg_id": 8, "confidence": 0.6397031545639038}}, {"type": "Feature", "geometry": {"type": "Polygon", "coordinates": [[[210.0, 86.5], [209.0, 86.5], [208.0, 86.5], [207.0, 86.5], [206.0, 86.5], [205.5, 86.0], [205.0, 85.5], [204.0, 85.5], [203.0, 85.5], [202.5, 85.0], [202.0, 84.5], [201.5, 84.0], [201.0, 83.5], [200.0, 83.5], [199.0, 83.5], [198.5, 83.0], [198.0, 82.5], [197.5, 82.0], [197.0, 81.5], [196.5, 81.0], [196.0, 80.5], [195.5, 80.0], [196.0, 79.5], [196.5, 79.0], [197.0, 78.5], [197.5, 78.0], [198.0, 77.5], [199.0, 77.5], [200.0, 77.5], [200.5, 77.0], [201.0, 76.5], [202.0, 76.5], [202.5, 76.0], [203.0, 75.5], [204.0, 75.5], [205.0, 75.5], [205.5, 75.0], [206.0, 74.5], [207.0, 74.5], [207.5, 74.0], [208.0, 73.5], [209.0, 73.5], [209.5, 73.0], [210.0, 72.5], [211.0, 72.5], [212.0, 72.5], [213.0, 72.5], [213.5, 73.0], [214.0, 73.5], [215.0, 73.5], [215.5, 74.0], [215.5, 75.0], [216.0, 75.5], [216.5, 76.0], [216.5, 77.0], [216.5, 78.0], [216.5, 79.0], [216.5, 80.0], [216.0, 80.5], [215.5, 81.0], [215.0, 81.5], [214.5, 82.0], [214.5, 83.0], [214.0, 83.5], [213.5, 84.0], [213.0, 84.5], [212.5, 85.0], [212.0, 85.5], [211.0, 85.5], [210.5, 86.0], [210.0, 86.5], [210.0, 86.5]]]}, "properties": {"image": "7r43jfh5ovispq5wh62w_al_4_si_5_af_20.png", "iceberg_id": 9, "confidence": 0.6397031545639038}}, {"type": "Feature", "geometry": {"type": "Polygon", "coordinates": [[[259.0, 79.5], [258.5, 79.0], [258.0, 78.5], [257.0, 78.5], [256.5, 78.0], [256.0, 77.5], [255.5, 77.0], [255.5, 76.0], [255.5, 75.0], [255.5, 74.0], [256.0, 73.5], [257.0, 73.5], [258.0, 73.5], [259.0, 73.5], [259.5, 74.0], [260.0, 74.5], [260.5, 75.0], [260.5, 76.0], [261.0, 76.5], [261.5, 77.0], [261.0, 77.5], [260.5, 78.0], [260.0, 78.5], [259.5, 79.0], [259.0, 79.5], [259.0, 79.5]]]}, "properties": {"image": "7r43jfh5ovispq5wh62w_al_4_si_5_af_20.png", "iceberg_id": 10, "confidence": 0.6397031545639038}}, {"type": "Feature", "geometry": {"type": "Polygon", "coordinates": [[[281.0, 113.5], [280.5, 113.0], [280.0, 112.5], [279.5, 112.0], [280.0, 111.5], [280.5, 111.0], [281.0, 110.5], [281.5, 111.0], [282.0, 111.5], [282.5, 112.0], [282.0, 112.5], [281.5, 113.0], [281.0, 113.5], [281.0, 113.5]]]}, "properties": {"image": "7r43jfh5ovispq5wh62w_al_4_si_5_af_20.png", "iceberg_id": 11, "confidence": 0.6397031545639038}}, {"type": "Feature", "geometry": {"type": "Polygon", "coordinates": [[[348.0, 134.5], [347.5, 134.0], [347.0, 133.5], [346.5, 133.0], [346.5, 132.0], [346.5, 131.0], [346.5, 130.0], [346.5, 129.0], [347.0, 128.5], [347.5, 128.0], [348.0, 127.5], [348.5, 127.0], [349.0, 126.5], [349.5, 126.0], [350.0, 125.5], [350.5, 126.0], [351.0, 126.5], [352.0, 126.5], [352.5, 127.0], [352.5, 128.0], [352.5, 129.0], [352.5, 130.0], [352.5, 131.0], [352.0, 131.5], [351.5, 132.0], [351.5, 133.0], [351.0, 133.5], [350.0, 133.5], [349.0, 133.5], [348.5, 134.0], [348.0, 134.5], [348.0, 134.5]]]}, "properties": {"image": "7r43jfh5ovispq5wh62w_al_4_si_5_af_20.png", "iceberg_id": 12, "confidence": 0.6397031545639038}}, {"type": "Feature", "geometry": {"type": "Polygon", "coordinates": [[[314.0, 150.5], [313.5, 150.0], [313.0, 149.5], [312.5, 150.0], [312.0, 150.5], [311.5, 150.0], [312.0, 149.5], [312.5, 149.0], [313.0, 148.5], [313.5, 148.0], [314.0, 147.5], [314.5, 148.0], [314.5, 149.0], [314.5, 150.0], [314.0, 150.5], [314.0, 150.5]]]}, "properties": {"image": "7r43jfh5ovispq5wh62w_al_4_si_5_af_20.png", "iceberg_id": 13, "confidence": 0.6397031545639038}}, {"type": "Feature", "geometry": {"type": "Polygon", "coordinates": [[[298.0, 195.5], [297.0, 195.5], [296.0, 195.5], [295.0, 195.5], [294.5, 195.0], [294.0, 194.5], [293.5, 194.0], [293.0, 193.5], [292.5, 193.0], [293.0, 192.5], [293.5, 192.0], [293.5, 191.0], [293.5, 190.0], [294.0, 189.5], [294.5, 189.0], [295.0, 188.5], [295.5, 188.0], [296.0, 187.5], [297.0, 187.5], [298.0, 187.5], [298.5, 187.0], [299.0, 186.5], [300.0, 186.5], [301.0, 186.5], [302.0, 186.5], [303.0, 186.5], [303.5, 187.0], [304.0, 187.5], [304.5, 188.0], [304.5, 189.0], [304.5, 190.0], [304.5, 191.0], [304.0, 191.5], [303.5, 192.0], [303.0, 192.5], [302.5, 193.0], [302.0, 193.5], [301.0, 193.5], [300.5, 194.0], [300.0, 194.5], [299.0, 194.5], [298.5, 195.0], [298.0, 195.5], [298.0, 195.5]]]}, "properties": {"image": "7r43jfh5ovispq5wh62w_al_4_si_5_af_20.png", "iceberg_id": 14, "confidence": 0.6397031545639038}}, {"type": "Feature", "geometry": {"type": "Polygon", "coordinates": [[[254.0, 195.5], [253.0, 195.5], [252.0, 195.5], [251.5, 195.0], [251.5, 194.0], [251.0, 193.5], [250.5, 193.0], [251.0, 192.5], [251.5, 192.0], [252.0, 191.5], [253.0, 191.5], [254.0, 191.5], [254.5, 192.0], [254.5, 193.0], [254.5, 194.0], [254.5, 195.0], [254.0, 195.5], [254.0, 195.5]]]}, "properties": {"image": "7r43jfh5ovispq5wh62w_al_4_si_5_af_20.png", "iceberg_id": 15, "confidence": 0.6397031545639038}}, {"type": "Feature", "geometry": {"type": "Polygon", "coordinates": [[[156.0, 228.5], [155.0, 228.5], [154.0, 228.5], [153.0, 228.5], [152.0, 228.5], [151.5, 228.0], [151.0, 227.5], [150.0, 227.5], [149.5, 227.0], [149.5, 226.0], [149.0, 225.5], [148.5, 225.0], [148.5, 224.0], [148.5, 223.0], [149.0, 222.5], [149.5, 222.0], [149.5, 221.0], [149.5, 220.0], [150.0, 219.5], [151.0, 219.5], [151.5, 219.0], [152.0, 218.5], [153.0, 218.5], [153.5, 218.0], [154.0, 217.5], [155.0, 217.5], [155.5, 217.0], [155.5, 216.0], [156.0, 215.5], [156.5, 215.0], [157.0, 214.5], [157.5, 214.0], [157.5, 213.0], [158.0, 212.5], [158.5, 212.0], [159.0, 211.5], [159.5, 211.0], [160.0, 210.5], [160.5, 210.0], [161.0, 209.5], [162.0, 209.5], [163.0, 209.5], [164.0, 209.5], [165.0, 209.5], [165.5, 210.0], [166.0, 210.5], [166.5, 211.0], [166.5, 212.0], [166.5, 213.0], [166.5, 214.0], [166.5, 215.0], [166.5, 216.0], [166.5, 217.0], [166.5, 218.0], [166.0, 218.5], [165.5, 219.0], [165.0, 219.5], [164.5, 220.0], [164.0, 220.5], [163.5, 221.0], [163.0, 221.5], [162.5, 222.0], [162.0, 222.5], [161.5, 223.0], [161.5, 224.0], [161.0, 224.5], [160.5, 225.0], [160.0, 225.5], [159.5, 226.0], [159.0, 226.5], [158.5, 227.0], [158.0, 227.5], [157.0, 227.5], [156.5, 228.0], [156.0, 228.5], [156.0, 228.5]]]}, "properties": {"image": "7r43jfh5ovispq5wh62w_al_4_si_5_af_20.png", "iceberg_id": 16, "confidence": 0.6397031545639038}}, {"type": "Feature", "geometry": {"type": "Polygon", "coordinates": [[[354.0, 236.5], [353.5, 236.0], [353.5, 235.0], [353.5, 234.0], [353.5, 233.0], [353.5, 232.0], [354.0, 231.5], [354.5, 232.0], [355.0, 232.5], [355.5, 233.0], [355.5, 234.0], [355.5, 235.0], [355.0, 235.5], [354.5, 236.0], [354.0, 236.5], [354.0, 236.5]]]}, "properties": {"image": "7r43jfh5ovispq5wh62w_al_4_si_5_af_20.png", "iceberg_id": 17, "confidence": 0.6397031545639038}}, {"type": "Feature", "geometry": {"type": "Polygon", "coordinates": [[[340.0, 252.5], [339.0, 252.5], [338.0, 252.5], [337.0, 252.5], [336.0, 252.5], [335.5, 252.0], [335.0, 251.5], [334.5, 251.0], [334.5, 250.0], [334.5, 249.0], [334.5, 248.0], [334.5, 247.0], [335.0, 246.5], [335.5, 246.0], [335.5, 245.0], [335.5, 244.0], [336.0, 243.5], [336.5, 243.0], [337.0, 242.5], [337.5, 242.0], [338.0, 241.5], [338.5, 241.0], [339.0, 240.5], [340.0, 240.5], [341.0, 240.5], [342.0, 240.5], [343.0, 240.5], [343.5, 241.0], [344.0, 241.5], [344.5, 242.0], [345.0, 242.5], [345.5, 243.0], [345.5, 244.0], [345.5, 245.0], [345.5, 246.0], [345.0, 246.5], [344.5, 247.0], [344.5, 248.0], [344.0, 248.5], [343.5, 249.0], [343.0, 249.5], [342.5, 250.0], [342.0, 250.5], [341.5, 251.0], [341.0, 251.5], [340.5, 252.0], [340.0, 252.5], [340.0, 252.5]]]}, "properties": {"image": "7r43jfh5ovispq5wh62w_al_4_si_5_af_20.png", "iceberg_id": 18, "confidence": 0.6397031545639038}}, {"type": "Feature", "geometry": {"type": "Polygon", "coordinates": [[[339.0, 275.5], [338.0, 275.5], [337.5, 275.0], [337.0, 274.5], [336.5, 274.0], [336.5, 273.0], [336.5, 272.0], [336.5, 271.0], [336.5, 270.0], [337.0, 269.5], [337.5, 269.0], [337.5, 268.0], [338.0, 267.5], [338.5, 268.0], [339.0, 268.5], [339.5, 269.0], [340.0, 269.5], [340.5, 270.0], [340.5, 271.0], [340.5, 272.0], [340.5, 273.0], [340.5, 274.0], [340.0, 274.5], [339.5, 275.0], [339.0, 275.5], [339.0, 275.5]]]}, "properties": {"image": "7r43jfh5ovispq5wh62w_al_4_si_5_af_20.png", "iceberg_id": 19, "confidence": 0.6397031545639038}}, {"type": "Feature", "geometry": {"type": "Polygon", "coordinates": [[[149.0, 288.5], [148.0, 288.5], [147.0, 288.5], [146.5, 288.0], [146.0, 287.5], [145.5, 287.0], [145.5, 286.0], [145.5, 285.0], [145.5, 284.0], [146.0, 283.5], [146.5, 283.0], [147.0, 282.5], [147.5, 282.0], [148.0, 281.5], [148.5, 282.0], [149.0, 282.5], [149.5, 283.0], [150.0, 283.5], [150.5, 284.0], [150.5, 285.0], [150.5, 286.0], [150.5, 287.0], [150.0, 287.5], [149.5, 288.0], [149.0, 288.5], [149.0, 288.5]]]}, "properties": {"image": "7r43jfh5ovispq5wh62w_al_4_si_5_af_20.png", "iceberg_id": 20, "confidence": 0.6397031545639038}}, {"type": "Feature", "geometry": {"type": "Polygon", "coordinates": [[[218.0, 287.5], [217.0, 287.5], [216.5, 287.0], [216.5, 286.0], [216.5, 285.0], [216.5, 284.0], [216.5, 283.0], [217.0, 282.5], [218.0, 282.5], [219.0, 282.5], [219.5, 283.0], [220.0, 283.5], [220.5, 284.0], [220.0, 284.5], [219.5, 285.0], [219.5, 286.0], [219.0, 286.5], [218.5, 287.0], [218.0, 287.5], [218.0, 287.5]]]}, "properties": {"image": "7r43jfh5ovispq5wh62w_al_4_si_5_af_20.png", "iceberg_id": 21, "confidence": 0.6397031545639038}}, {"type": "Feature", "geometry": {"type": "Polygon", "coordinates": [[[247.0, 307.5], [246.0, 307.5], [245.0, 307.5], [244.0, 307.5], [243.0, 307.5], [242.0, 307.5], [241.5, 307.0], [241.0, 306.5], [240.0, 306.5], [239.5, 306.0], [239.0, 305.5], [238.0, 305.5], [237.5, 305.0], [237.5, 304.0], [237.0, 303.5], [236.5, 303.0], [236.0, 302.5], [235.5, 302.0], [235.0, 301.5], [234.5, 301.0], [234.5, 300.0], [234.5, 299.0], [234.5, 298.0], [234.5, 297.0], [234.5, 296.0], [235.0, 295.5], [235.5, 295.0], [236.0, 294.5], [236.5, 294.0], [237.0, 293.5], [237.5, 293.0], [238.0, 292.5], [239.0, 292.5], [239.5, 292.0], [240.0, 291.5], [241.0, 291.5], [242.0, 291.5], [243.0, 291.5], [244.0, 291.5], [245.0, 291.5], [246.0, 291.5], [247.0, 291.5], [247.5, 292.0], [248.0, 292.5], [248.5, 293.0], [249.0, 293.5], [249.5, 294.0], [249.5, 295.0], [250.0, 295.5], [250.5, 296.0], [250.5, 297.0], [251.0, 297.5], [251.5, 298.0], [251.5, 299.0], [251.5, 300.0], [251.5, 301.0], [251.5, 302.0], [251.5, 303.0], [251.0, 303.5], [250.5, 304.0], [250.5, 305.0], [250.0, 305.5], [249.0, 305.5], [248.5, 306.0], [248.0, 306.5], [247.5, 307.0], [247.0, 307.5], [247.0, 307.5]]]}, "properties": {"image": "7r43jfh5ovispq5wh62w_al_4_si_5_af_20.png", "iceberg_id": 22, "confidence": 0.6397031545639038}}, {"type": "Feature", "geometry": {"type": "Polygon", "coordinates": [[[351.0, 337.5], [350.0, 337.5], [349.5, 337.0], [349.5, 336.0], [349.0, 335.5], [348.5, 335.0], [348.0, 334.5], [347.5, 334.0], [347.5, 333.0], [347.5, 332.0], [347.0, 331.5], [346.5, 331.0], [346.5, 330.0], [346.5, 329.0], [346.5, 328.0], [346.5, 327.0], [346.5, 326.0], [346.0, 325.5], [345.5, 325.0], [345.5, 324.0], [345.0, 323.5], [344.5, 323.0], [344.5, 322.0], [344.5, 321.0], [344.0, 320.5], [343.5, 320.0], [343.5, 319.0], [343.5, 318.0], [343.0, 317.5], [342.5, 317.0], [342.5, 316.0], [342.5, 315.0], [343.0, 314.5], [343.5, 314.0], [344.0, 313.5], [344.5, 313.0], [345.0, 312.5], [345.5, 312.0], [346.0, 311.5], [347.0, 311.5], [348.0, 311.5], [348.5, 312.0], [349.0, 312.5], [349.5, 313.0], [350.0, 313.5], [350.5, 314.0], [350.5, 315.0], [351.0, 315.5], [351.5, 316.0], [351.5, 317.0], [351.5, 318.0], [351.5, 319.0], [351.5, 320.0], [351.5, 321.0], [351.5, 322.0], [351.5, 323.0], [351.5, 324.0], [351.5, 325.0], [351.0, 325.5], [350.5, 326.0], [351.0, 326.5], [351.5, 327.0], [351.0, 327.5], [350.5, 328.0], [350.5, 329.0], [350.5, 330.0], [351.0, 330.5], [351.5, 331.0], [351.5, 332.0], [351.5, 333.0], [351.5, 334.0], [351.5, 335.0], [351.5, 336.0], [351.5, 337.0], [351.0, 337.5], [351.0, 337.5]]]}, "properties": {"image": "7r43jfh5ovispq5wh62w_al_4_si_5_af_20.png", "iceberg_id": 23, "confidence": 0.6397031545639038}}, {"type": "Feature", "geometry": {"type": "Polygon", "coordinates": [[[281.0, 320.5], [280.0, 320.5], [279.5, 320.0], [279.0, 319.5], [278.0, 319.5], [277.5, 319.0], [277.5, 318.0], [277.0, 317.5], [276.5, 317.0], [277.0, 316.5], [277.5, 316.0], [278.0, 315.5], [278.5, 315.0], [279.0, 314.5], [279.5, 315.0], [280.0, 315.5], [281.0, 315.5], [281.5, 316.0], [281.5, 317.0], [282.0, 317.5], [282.5, 318.0], [282.5, 319.0], [282.0, 319.5], [281.5, 320.0], [281.0, 320.5], [281.0, 320.5]]]}, "properties": {"image": "7r43jfh5ovispq5wh62w_al_4_si_5_af_20.png", "iceberg_id": 24, "confidence": 0.6397031545639038}}, {"type": "Feature", "geometry": {"type": "Polygon", "coordinates": [[[159.0, 360.5], [158.0, 360.5], [157.0, 360.5], [156.0, 360.5], [155.0, 360.5], [154.5, 360.0], [154.0, 359.5], [153.5, 359.0], [153.0, 358.5], [152.5, 358.0], [152.5, 357.0], [152.0, 356.5], [151.5, 356.0], [152.0, 355.5], [152.5, 355.0], [152.5, 354.0], [152.5, 353.0], [152.5, 352.0], [152.5, 351.0], [153.0, 350.5], [153.5, 350.0], [153.5, 349.0], [153.5, 348.0], [153.5, 347.0], [154.0, 346.5], [154.5, 346.0], [155.0, 345.5], [155.5, 345.0], [155.5, 344.0], [156.0, 343.5], [157.0, 343.5], [158.0, 343.5], [159.0, 343.5], [159.5, 343.0], [160.0, 342.5], [161.0, 342.5], [162.0, 342.5], [163.0, 342.5], [163.5, 342.0], [164.0, 341.5], [164.5, 342.0], [165.0, 342.5], [165.5, 342.0], [166.0, 341.5], [166.5, 342.0], [167.0, 342.5], [168.0, 342.5], [168.5, 343.0], [169.0, 343.5], [169.5, 344.0], [169.5, 345.0], [170.0, 345.5], [170.5, 346.0], [170.5, 347.0], [170.5, 348.0], [170.0, 348.5], [169.5, 349.0], [169.5, 350.0], [169.5, 351.0], [169.0, 351.5], [168.5, 352.0], [168.0, 352.5], [167.5, 353.0], [167.0, 353.5], [166.5, 354.0], [166.5, 355.0], [166.0, 355.5], [165.5, 356.0], [165.0, 356.5], [164.5, 357.0], [164.0, 357.5], [163.0, 357.5], [162.5, 358.0], [162.0, 358.5], [161.5, 359.0], [161.0, 359.5], [160.0, 359.5], [159.5, 360.0], [159.0, 360.5], [159.0, 360.5]]]}, "properties": {"image": "7r43jfh5ovispq5wh62w_al_4_si_5_af_20.png", "iceberg_id": 25, "confidence": 0.6397031545639038}}, {"type": "Feature", "geometry": {"type": "Polygon", "coordinates": [[[366.0, 382.5], [365.0, 382.5], [364.0, 382.5], [363.5, 382.0], [363.0, 381.5], [362.5, 381.0], [362.5, 380.0], [362.5, 379.0], [362.0, 378.5], [361.5, 378.0], [362.0, 377.5], [362.5, 377.0], [363.0, 376.5], [363.5, 376.0], [364.0, 375.5], [364.5, 376.0], [365.0, 376.5], [365.5, 377.0], [366.0, 377.5], [366.5, 378.0], [366.5, 379.0], [366.5, 380.0], [366.5, 381.0], [366.5, 382.0], [366.0, 382.5], [366.0, 382.5]]]}, "properties": {"image": "7r43jfh5ovispq5wh62w_al_4_si_5_af_20.png", "iceberg_id": 26, "confidence": 0.6397031545639038}}, {"type": "Feature", "geometry": {"type": "Polygon", "coordinates": [[[140.0, 384.5], [139.5, 384.0], [139.0, 383.5], [138.5, 383.0], [139.0, 382.5], [139.5, 382.0], [139.5, 381.0], [139.5, 380.0], [140.0, 379.5], [140.5, 380.0], [141.0, 380.5], [141.5, 381.0], [142.0, 381.5], [142.5, 382.0], [142.0, 382.5], [141.5, 383.0], [141.0, 383.5], [140.5, 384.0], [140.0, 384.5], [140.0, 384.5]]]}, "properties": {"image": "7r43jfh5ovispq5wh62w_al_4_si_5_af_20.png", "iceberg_id": 27, "confidence": 0.6397031545639038}}, {"type": "Feature", "geometry": {"type": "Polygon", "coordinates": [[[279.0, 410.5], [278.0, 410.5], [277.0, 410.5], [276.0, 410.5], [275.5, 410.0], [275.5, 409.0], [275.5, 408.0], [275.5, 407.0], [275.5, 406.0], [276.0, 405.5], [276.5, 405.0], [276.5, 404.0], [276.5, 403.0], [277.0, 402.5], [277.5, 402.0], [278.0, 401.5], [278.5, 401.0], [279.0, 400.5], [280.0, 400.5], [280.5, 401.0], [281.0, 401.5], [281.5, 402.0], [281.5, 403.0], [282.0, 403.5], [282.5, 404.0], [282.0, 404.5], [281.5, 405.0], [281.5, 406.0], [281.5, 407.0], [281.0, 407.5], [280.5, 408.0], [280.5, 409.0], [280.0, 409.5], [279.5, 410.0], [279.0, 410.5], [279.0, 410.5]]]}, "properties": {"image": "7r43jfh5ovispq5wh62w_al_4_si_5_af_20.png", "iceberg_id": 28, "confidence": 0.6397031545639038}}, {"type": "Feature", "geometry": {"type": "Polygon", "coordinates": [[[370.0, 474.5], [369.5, 474.0], [369.0, 473.5], [368.5, 474.0], [368.0, 474.5], [367.5, 474.0], [367.5, 473.0], [367.5, 472.0], [367.5, 471.0], [367.5, 470.0], [367.5, 469.0], [367.5, 468.0], [367.5, 467.0], [367.5, 466.0], [367.5, 465.0], [367.0, 464.5], [366.5, 464.0], [366.5, 463.0], [366.0, 462.5], [365.5, 462.0], [365.5, 461.0], [365.5, 460.0], [365.5, 459.0], [365.5, 458.0], [365.5, 457.0], [365.5, 456.0], [365.5, 455.0], [365.5, 454.0], [366.0, 453.5], [366.5, 453.0], [366.5, 452.0], [366.5, 451.0], [367.0, 450.5], [367.5, 450.0], [367.5, 449.0], [367.5, 448.0], [367.5, 447.0], [367.5, 446.0], [367.5, 445.0], [367.5, 444.0], [367.0, 443.5], [366.5, 443.0], [367.0, 442.5], [367.5, 442.0], [367.0, 441.5], [366.5, 441.0], [366.5, 440.0], [366.5, 439.0], [366.5, 438.0], [366.5, 437.0], [366.5, 436.0], [366.5, 435.0], [366.5, 434.0], [366.0, 433.5], [365.5, 433.0], [365.5, 432.0], [365.5, 431.0], [365.5, 430.0], [365.0, 429.5], [364.5, 429.0], [365.0, 428.5], [365.5, 428.0], [365.0, 427.5], [364.5, 427.0], [365.0, 426.5], [365.5, 426.0], [365.5, 425.0], [365.5, 424.0], [365.5, 423.0], [365.5, 422.0], [366.0, 421.5], [366.5, 421.0], [366.5, 420.0], [367.0, 419.5], [367.5, 419.0], [367.5, 418.0], [367.5, 417.0], [367.5, 416.0], [368.0, 415.5], [368.5, 415.0], [369.0, 414.5], [369.5, 414.0], [370.0, 413.5], [370.5, 413.0], [370.0, 412.5], [369.5, 412.0], [370.0, 411.5], [370.5, 412.0], [371.0, 412.5], [371.5, 412.0], [372.0, 411.5], [372.5, 412.0], [372.5, 413.0], [372.5, 414.0], [373.0, 414.5], [373.5, 415.0], [374.0, 415.5], [374.5, 416.0], [374.5, 417.0], [374.5, 418.0], [375.0, 418.5], [375.5, 419.0], [376.0, 419.5], [376.5, 420.0], [376.5, 421.0], [376.5, 422.0], [376.5, 423.0], [376.5, 424.0], [377.0, 424.5], [377.5, 425.0], [377.0, 425.5], [376.5, 426.0], [377.0, 426.5], [377.5, 427.0], [377.0, 427.5], [376.5, 428.0], [376.0, 428.5], [375.5, 429.0], [375.0, 429.5], [374.5, 430.0], [374.0, 430.5], [373.5, 431.0], [373.0, 431.5], [372.5, 432.0], [372.5, 433.0], [372.5, 434.0], [372.5, 435.0], [372.5, 436.0], [373.0, 436.5], [373.5, 437.0], [374.0, 437.5], [374.5, 438.0], [375.0, 438.5], [375.5, 438.0], [376.0, 437.5], [376.5, 438.0], [377.0, 438.5], [377.5, 438.0], [378.0, 437.5], [378.5, 438.0], [378.5, 439.0], [378.5, 440.0], [378.5, 441.0], [378.5, 442.0], [378.0, 442.5], [377.5, 443.0], [378.0, 443.5], [378.5, 444.0], [378.0, 444.5], [377.5, 444.0], [377.0, 443.5], [376.5, 444.0], [376.0, 444.5], [375.5, 444.0], [375.0, 443.5], [374.5, 444.0], [374.0, 444.5], [373.5, 445.0], [374.0, 445.5], [374.5, 446.0], [374.0, 446.5], [373.5, 446.0], [373.0, 445.5], [372.5, 446.0], [372.0, 446.5], [371.5, 447.0], [372.0, 447.5], [372.5, 448.0], [373.0, 448.5], [373.5, 448.0], [374.0, 447.5], [374.5, 448.0], [375.0, 448.5], [375.5, 448.0], [376.0, 447.5], [376.5, 448.0], [376.0, 448.5], [375.5, 449.0], [376.0, 449.5], [376.5, 450.0], [376.5, 451.0], [376.5, 452.0], [376.5, 453.0], [376.5, 454.0], [376.5, 455.0], [376.5, 456.0], [376.5, 457.0], [376.5, 458.0], [376.5, 459.0], [376.5, 460.0], [376.5, 461.0], [376.5, 462.0], [376.0, 462.5], [375.5, 463.0], [376.0, 463.5], [376.5, 464.0], [376.0, 464.5], [375.5, 465.0], [375.5, 466.0], [375.5, 467.0], [375.0, 467.5], [374.5, 468.0], [374.0, 468.5], [373.5, 469.0], [373.0, 469.5], [372.5, 470.0], [372.5, 471.0], [372.5, 472.0], [372.0, 472.5], [371.5, 472.0], [371.0, 471.5], [370.5, 472.0], [370.5, 473.0], [370.5, 474.0], [370.0, 474.5], [370.0, 474.5]]]}, "properties": {"image": "7r43jfh5ovispq5wh62w_al_4_si_5_af_20.png", "iceberg_id": 29, "confidence": 0.6397031545639038}}, {"type": "Feature", "geometry": {"type": "Polygon", "coordinates": [[[108.0, 428.5], [107.5, 428.0], [107.0, 427.5], [106.5, 427.0], [106.5, 426.0], [106.5, 425.0], [106.5, 424.0], [106.5, 423.0], [106.5, 422.0], [106.5, 421.0], [107.0, 420.5], [107.5, 420.0], [108.0, 419.5], [109.0, 419.5], [110.0, 419.5], [110.5, 420.0], [110.5, 421.0], [111.0, 421.5], [111.5, 422.0], [111.5, 423.0], [111.5, 424.0], [111.5, 425.0], [111.0, 425.5], [110.5, 426.0], [110.0, 426.5], [109.5, 427.0], [109.0, 427.5], [108.5, 428.0], [108.0, 428.5], [108.0, 428.5]]]}, "properties": {"image": "7r43jfh5ovispq5wh62w_al_4_si_5_af_20.png", "iceberg_id": 30, "confidence": 0.6397031545639038}}, {"type": "Feature", "geometry": {"type": "Polygon", "coordinates": [[[0.0, 432.5], [0.5, 432.0], [1.0, 431.5], [2.0, 431.5], [3.0, 431.5], [3.5, 432.0], [3.5, 433.0], [3.5, 434.0], [3.5, 435.0], [3.5, 436.0], [3.5, 437.0], [3.5, 438.0], [3.0, 438.5], [2.0, 438.5], [1.5, 439.0], [1.0, 439.5], [0.5, 439.0], [0.0, 438.5], [0.0, 432.5]]]}, "properties": {"image": "7r43jfh5ovispq5wh62w_al_4_si_5_af_20.png", "iceberg_id": 31, "confidence": 0.6397031545639038}}, {"type": "Feature", "geometry": {"type": "Polygon", "coordinates": [[[373.5, 444.0], [373.0, 443.5], [372.5, 444.0], [373.0, 444.5], [373.5, 444.0], [373.5, 444.0]]]}, "properties": {"image": "7r43jfh5ovispq5wh62w_al_4_si_5_af_20.png", "iceberg_id": 32, "confidence": 0.6397031545639038}}, {"type": "Feature", "geometry": {"type": "Polygon", "coordinates": [[[344.0, 456.5], [343.0, 456.5], [342.0, 456.5], [341.5, 456.0], [341.0, 455.5], [340.5, 455.0], [340.5, 454.0], [340.5, 453.0], [341.0, 452.5], [341.5, 452.0], [341.5, 451.0], [342.0, 450.5], [342.5, 450.0], [343.0, 449.5], [343.5, 449.0], [344.0, 448.5], [345.0, 448.5], [346.0, 448.5], [346.5, 449.0], [346.5, 450.0], [347.0, 450.5], [347.5, 451.0], [347.0, 451.5], [346.5, 452.0], [346.5, 453.0], [346.5, 454.0], [346.0, 454.5], [345.5, 455.0], [345.0, 455.5], [344.5, 456.0], [344.0, 456.5], [344.0, 456.5]]]}, "properties": {"image": "7r43jfh5ovispq5wh62w_al_4_si_5_af_20.png", "iceberg_id": 33, "confidence": 0.6397031545639038}}, {"type": "Feature", "geometry": {"type": "Polygon", "coordinates": [[[125.0, 465.5], [124.5, 465.0], [124.0, 464.5], [123.5, 464.0], [123.0, 463.5], [122.0, 463.5], [121.5, 463.0], [121.5, 462.0], [121.0, 461.5], [120.5, 461.0], [120.5, 460.0], [120.5, 459.0], [121.0, 458.5], [121.5, 458.0], [122.0, 457.5], [122.5, 457.0], [123.0, 456.5], [123.5, 456.0], [124.0, 455.5], [125.0, 455.5], [126.0, 455.5], [127.0, 455.5], [128.0, 455.5], [128.5, 456.0], [129.0, 456.5], [129.5, 457.0], [130.0, 457.5], [130.5, 458.0], [131.0, 458.5], [131.5, 459.0], [131.5, 460.0], [131.5, 461.0], [131.5, 462.0], [131.0, 462.5], [130.5, 463.0], [130.0, 463.5], [129.0, 463.5], [128.5, 464.0], [128.0, 464.5], [127.0, 464.5], [126.0, 464.5], [125.5, 465.0], [125.0, 465.5], [125.0, 465.5]]]}, "properties": {"image": "7r43jfh5ovispq5wh62w_al_4_si_5_af_20.png", "iceberg_id": 34, "confidence": 0.6397031545639038}}, {"type": "Feature", "geometry": {"type": "Polygon", "coordinates": [[[162.0, 472.5], [161.5, 472.0], [162.0, 471.5], [162.5, 472.0], [162.0, 472.5], [162.0, 472.5]]]}, "properties": {"image": "7r43jfh5ovispq5wh62w_al_4_si_5_af_20.png", "iceberg_id": 35, "confidence": 0.6397031545639038}}, {"type": "Feature", "geometry": {"type": "Polygon", "coordinates": [[[368.0, 476.5], [367.5, 476.0], [368.0, 475.5], [368.5, 476.0], [368.0, 476.5], [368.0, 476.5]]]}, "properties": {"image": "7r43jfh5ovispq5wh62w_al_4_si_5_af_20.png", "iceberg_id": 36, "confidence": 0.6397031545639038}}, {"type": "Feature", "geometry": {"type": "Polygon", "coordinates": [[[131.0, 499.5], [130.0, 499.5], [129.0, 499.5], [128.0, 499.5], [127.5, 499.0], [127.0, 498.5], [126.0, 498.5], [125.5, 498.0], [125.0, 497.5], [124.5, 497.0], [124.5, 496.0], [124.0, 495.5], [123.5, 495.0], [123.5, 494.0], [123.0, 493.5], [122.5, 493.0], [122.0, 492.5], [121.5, 492.0], [121.5, 491.0], [121.5, 490.0], [121.5, 489.0], [121.5, 488.0], [121.5, 487.0], [121.5, 486.0], [122.0, 485.5], [122.5, 485.0], [122.5, 484.0], [123.0, 483.5], [123.5, 483.0], [124.0, 482.5], [124.5, 482.0], [125.0, 481.5], [125.5, 481.0], [126.0, 480.5], [127.0, 480.5], [127.5, 480.0], [128.0, 479.5], [129.0, 479.5], [129.5, 479.0], [130.0, 478.5], [131.0, 478.5], [132.0, 478.5], [133.0, 478.5], [134.0, 478.5], [135.0, 478.5], [135.5, 479.0], [136.0, 479.5], [136.5, 480.0], [137.0, 480.5], [137.5, 481.0], [138.0, 481.5], [138.5, 482.0], [139.0, 482.5], [139.5, 483.0], [139.5, 484.0], [139.5, 485.0], [139.5, 486.0], [139.5, 487.0], [139.5, 488.0], [139.5, 489.0], [139.5, 490.0], [139.0, 490.5], [138.5, 491.0], [138.5, 492.0], [138.0, 492.5], [137.5, 493.0], [137.0, 493.5], [136.5, 494.0], [136.0, 494.5], [135.5, 495.0], [135.0, 495.5], [134.5, 496.0], [134.0, 496.5], [133.5, 497.0], [133.0, 497.5], [132.5, 498.0], [132.0, 498.5], [131.5, 499.0], [131.0, 499.5], [131.0, 499.5]]]}, "properties": {"image": "7r43jfh5ovispq5wh62w_al_4_si_5_af_20.png", "iceberg_id": 37, "confidence": 0.6397031545639038}}, {"type": "Feature", "geometry": {"type": "Polygon", "coordinates": [[[214.0, 480.5], [213.5, 480.0], [214.0, 479.5], [214.5, 479.0], [215.0, 478.5], [215.5, 479.0], [215.0, 479.5], [214.5, 480.0], [214.0, 480.5], [214.0, 480.5]]]}, "properties": {"image": "7r43jfh5ovispq5wh62w_al_4_si_5_af_20.png", "iceberg_id": 38, "confidence": 0.6397031545639038}}, {"type": "Feature", "geometry": {"type": "Polygon", "coordinates": [[[372.0, 514.5], [371.5, 514.0], [371.0, 513.5], [370.5, 514.0], [370.0, 514.5], [369.5, 514.0], [369.0, 513.5], [368.5, 513.0], [368.0, 512.5], [367.5, 512.0], [367.0, 511.5], [366.5, 511.0], [366.0, 510.5], [365.5, 510.0], [365.5, 509.0], [365.5, 508.0], [365.0, 507.5], [364.5, 507.0], [364.5, 506.0], [364.5, 505.0], [365.0, 504.5], [365.5, 504.0], [365.5, 503.0], [365.5, 502.0], [365.5, 501.0], [365.5, 500.0], [365.0, 499.5], [364.5, 499.0], [364.0, 498.5], [363.0, 498.5], [362.5, 498.0], [362.0, 497.5], [361.5, 497.0], [361.5, 496.0], [361.0, 495.5], [360.5, 495.0], [361.0, 494.5], [361.5, 494.0], [361.5, 493.0], [361.5, 492.0], [362.0, 491.5], [362.5, 491.0], [362.5, 490.0], [363.0, 489.5], [363.5, 489.0], [363.5, 488.0], [364.0, 487.5], [365.0, 487.5], [365.5, 487.0], [365.5, 486.0], [366.0, 485.5], [367.0, 485.5], [367.5, 485.0], [367.5, 484.0], [368.0, 483.5], [368.5, 484.0], [369.0, 484.5], [369.5, 484.0], [370.0, 483.5], [370.5, 484.0], [371.0, 484.5], [371.5, 484.0], [372.0, 483.5], [372.5, 484.0], [372.0, 484.5], [371.5, 485.0], [372.0, 485.5], [372.5, 486.0], [372.5, 487.0], [372.5, 488.0], [372.5, 489.0], [372.5, 490.0], [372.0, 490.5], [371.5, 491.0], [372.0, 491.5], [372.5, 492.0], [372.0, 492.5], [371.5, 493.0], [372.0, 493.5], [372.5, 494.0], [372.0, 494.5], [371.5, 495.0], [372.0, 495.5], [372.5, 496.0], [372.5, 497.0], [372.5, 498.0], [373.0, 498.5], [373.5, 499.0], [374.0, 499.5], [374.5, 500.0], [374.5, 501.0], [374.5, 502.0], [374.5, 503.0], [374.5, 504.0], [374.5, 505.0], [374.5, 506.0], [374.0, 506.5], [373.5, 507.0], [374.0, 507.5], [374.5, 508.0], [374.0, 508.5], [373.5, 509.0], [373.5, 510.0], [373.5, 511.0], [373.0, 511.5], [372.5, 512.0], [372.0, 512.5], [371.5, 513.0], [372.0, 513.5], [372.5, 514.0], [372.0, 514.5], [372.0, 514.5]]]}, "properties": {"image": "7r43jfh5ovispq5wh62w_al_4_si_5_af_20.png", "iceberg_id": 39, "confidence": 0.6397031545639038}}, {"type": "Feature", "geometry": {"type": "Polygon", "coordinates": [[[300.0, 497.5], [299.0, 497.5], [298.0, 497.5], [297.0, 497.5], [296.5, 497.0], [296.0, 496.5], [295.5, 496.0], [295.0, 495.5], [294.5, 495.0], [294.5, 494.0], [294.5, 493.0], [294.5, 492.0], [294.5, 491.0], [295.0, 490.5], [295.5, 490.0], [296.0, 489.5], [296.5, 489.0], [297.0, 488.5], [298.0, 488.5], [299.0, 488.5], [300.0, 488.5], [300.5, 489.0], [301.0, 489.5], [301.5, 490.0], [301.5, 491.0], [302.0, 491.5], [302.5, 492.0], [302.5, 493.0], [302.5, 494.0], [302.0, 494.5], [301.5, 495.0], [301.5, 496.0], [301.0, 496.5], [300.5, 497.0], [300.0, 497.5], [300.0, 497.5]]]}, "properties": {"image": "7r43jfh5ovispq5wh62w_al_4_si_5_af_20.png", "iceberg_id": 40, "confidence": 0.6397031545639038}}, {"type": "Feature", "geometry": {"type": "Polygon", "coordinates": [[[343.0, 507.5], [342.0, 507.5], [341.0, 507.5], [340.5, 507.0], [340.0, 506.5], [339.5, 506.0], [339.0, 505.5], [338.5, 505.0], [338.5, 504.0], [338.5, 503.0], [339.0, 502.5], [339.5, 502.0], [339.5, 501.0], [339.5, 500.0], [340.0, 499.5], [340.5, 499.0], [341.0, 498.5], [341.5, 498.0], [342.0, 497.5], [343.0, 497.5], [344.0, 497.5], [344.5, 498.0], [345.0, 498.5], [345.5, 499.0], [346.0, 499.5], [346.5, 500.0], [346.5, 501.0], [346.5, 502.0], [346.5, 503.0], [346.0, 503.5], [345.5, 504.0], [345.5, 505.0], [345.0, 505.5], [344.5, 506.0], [344.0, 506.5], [343.5, 507.0], [343.0, 507.5], [343.0, 507.5]]]}, "properties": {"image": "7r43jfh5ovispq5wh62w_al_4_si_5_af_20.png", "iceberg_id": 41, "confidence": 0.6397031545639038}}, {"type": "Feature", "geometry": {"type": "Polygon", "coordinates": [[[304.0, 510.5], [303.0, 510.5], [302.5, 510.0], [302.0, 509.5], [301.5, 509.0], [301.5, 508.0], [301.5, 507.0], [301.5, 506.0], [302.0, 505.5], [302.5, 505.0], [303.0, 504.5], [304.0, 504.5], [304.5, 505.0], [305.0, 505.5], [305.5, 506.0], [305.5, 507.0], [306.0, 507.5], [306.5, 508.0], [306.0, 508.5], [305.5, 509.0], [305.0, 509.5], [304.5, 510.0], [304.0, 510.5], [304.0, 510.5]]]}, "properties": {"image": "7r43jfh5ovispq5wh62w_al_4_si_5_af_20.png", "iceberg_id": 42, "confidence": 0.6397031545639038}}, {"type": "Feature", "geometry": {"type": "Polygon", "coordinates": [[[159.0, 515.5], [158.0, 515.5], [157.0, 515.5], [156.0, 515.5], [155.5, 515.0], [155.0, 514.5], [154.5, 514.0], [154.5, 513.0], [154.5, 512.0], [154.5, 511.0], [154.5, 510.0], [155.0, 509.5], [155.5, 509.0], [156.0, 508.5], [157.0, 508.5], [157.5, 508.0], [158.0, 507.5], [158.5, 508.0], [159.0, 508.5], [159.5, 509.0], [160.0, 509.5], [160.5, 510.0], [160.5, 511.0], [160.5, 512.0], [160.5, 513.0], [160.0, 513.5], [159.5, 514.0], [159.5, 515.0], [159.0, 515.5], [159.0, 515.5]]]}, "properties": {"image": "7r43jfh5ovispq5wh62w_al_4_si_5_af_20.png", "iceberg_id": 43, "confidence": 0.6397031545639038}}, {"type": "Feature", "geometry": {"type": "Polygon", "coordinates": [[[380.0, 538.5], [379.5, 538.0], [379.0, 537.5], [378.5, 538.0], [378.0, 538.5], [377.5, 538.0], [377.0, 537.5], [376.5, 537.0], [376.0, 536.5], [375.5, 536.0], [375.0, 535.5], [374.0, 535.5], [373.5, 535.0], [373.0, 534.5], [372.5, 534.0], [372.0, 533.5], [371.5, 533.0], [371.5, 532.0], [371.5, 531.0], [371.5, 530.0], [372.0, 529.5], [372.5, 529.0], [373.0, 528.5], [373.5, 528.0], [374.0, 527.5], [374.5, 528.0], [375.0, 528.5], [375.5, 529.0], [376.0, 529.5], [376.5, 530.0], [377.0, 530.5], [377.5, 531.0], [378.0, 531.5], [378.5, 532.0], [379.0, 532.5], [379.5, 533.0], [379.5, 534.0], [379.5, 535.0], [380.0, 535.5], [380.5, 536.0], [380.0, 536.5], [379.5, 537.0], [380.0, 537.5], [380.5, 538.0], [380.0, 538.5], [380.0, 538.5]]]}, "properties": {"image": "7r43jfh5ovispq5wh62w_al_4_si_5_af_20.png", "iceberg_id": 44, "confidence": 0.6397031545639038}}, {"type": "Feature", "geometry": {"type": "Polygon", "coordinates": [[[145.0, 545.5], [144.0, 545.5], [143.0, 545.5], [142.0, 545.5], [141.5, 545.0], [141.0, 544.5], [140.5, 544.0], [140.5, 543.0], [140.5, 542.0], [141.0, 541.5], [141.5, 541.0], [141.5, 540.0], [142.0, 539.5], [143.0, 539.5], [143.5, 539.0], [144.0, 538.5], [145.0, 538.5], [146.0, 538.5], [146.5, 539.0], [146.5, 540.0], [147.0, 540.5], [147.5, 541.0], [147.0, 541.5], [146.5, 542.0], [146.5, 543.0], [146.5, 544.0], [146.0, 544.5], [145.5, 545.0], [145.0, 545.5], [145.0, 545.5]]]}, "properties": {"image": "7r43jfh5ovispq5wh62w_al_4_si_5_af_20.png", "iceberg_id": 45, "confidence": 0.6397031545639038}}, {"type": "Feature", "geometry": {"type": "Polygon", "coordinates": [[[389.0, 559.5], [388.5, 559.0], [388.0, 558.5], [387.5, 558.0], [387.0, 557.5], [386.5, 557.0], [386.0, 556.5], [385.5, 556.0], [385.0, 555.5], [384.5, 555.0], [384.0, 554.5], [383.0, 554.5], [382.5, 554.0], [382.0, 553.5], [381.0, 553.5], [380.5, 553.0], [380.0, 552.5], [379.5, 552.0], [380.0, 551.5], [380.5, 551.0], [380.5, 550.0], [381.0, 549.5], [381.5, 549.0], [381.5, 548.0], [382.0, 547.5], [382.5, 547.0], [382.0, 546.5], [381.5, 546.0], [382.0, 545.5], [382.5, 546.0], [383.0, 546.5], [383.5, 546.0], [384.0, 545.5], [384.5, 546.0], [384.0, 546.5], [383.5, 547.0], [384.0, 547.5], [384.5, 548.0], [385.0, 548.5], [385.5, 549.0], [386.0, 549.5], [386.5, 550.0], [386.5, 551.0], [386.5, 552.0], [387.0, 552.5], [387.5, 553.0], [388.0, 553.5], [388.5, 554.0], [388.5, 555.0], [389.0, 555.5], [389.5, 556.0], [389.5, 557.0], [390.0, 557.5], [390.5, 558.0], [390.0, 558.5], [389.5, 559.0], [389.0, 559.5], [389.0, 559.5]]]}, "properties": {"image": "7r43jfh5ovispq5wh62w_al_4_si_5_af_20.png", "iceberg_id": 46, "confidence": 0.6397031545639038}}, {"type": "Feature", "geometry": {"type": "Polygon", "coordinates": [[[194.0, 566.5], [193.0, 566.5], [192.0, 566.5], [191.0, 566.5], [190.0, 566.5], [189.5, 566.0], [189.0, 565.5], [188.5, 565.0], [188.5, 564.0], [188.5, 563.0], [188.5, 562.0], [188.5, 561.0], [189.0, 560.5], [189.5, 560.0], [189.5, 559.0], [190.0, 558.5], [191.0, 558.5], [191.5, 558.0], [192.0, 557.5], [193.0, 557.5], [193.5, 558.0], [194.0, 558.5], [194.5, 559.0], [195.0, 559.5], [195.5, 560.0], [195.5, 561.0], [196.0, 561.5], [196.5, 562.0], [196.0, 562.5], [195.5, 563.0], [195.5, 564.0], [195.5, 565.0], [195.0, 565.5], [194.5, 566.0], [194.0, 566.5], [194.0, 566.5]]]}, "properties": {"image": "7r43jfh5ovispq5wh62w_al_4_si_5_af_20.png", "iceberg_id": 47, "confidence": 0.6397031545639038}}, {"type": "Feature", "geometry": {"type": "Polygon", "coordinates": [[[308.0, 570.5], [307.0, 570.5], [306.5, 570.0], [306.0, 569.5], [305.5, 569.0], [305.0, 568.5], [304.5, 568.0], [304.5, 567.0], [304.5, 566.0], [305.0, 565.5], [305.5, 565.0], [306.0, 564.5], [307.0, 564.5], [307.5, 565.0], [308.0, 565.5], [308.5, 566.0], [309.0, 566.5], [309.5, 567.0], [309.5, 568.0], [309.5, 569.0], [309.0, 569.5], [308.5, 570.0], [308.0, 570.5], [308.0, 570.5]]]}, "properties": {"image": "7r43jfh5ovispq5wh62w_al_4_si_5_af_20.png", "iceberg_id": 48, "confidence": 0.6397031545639038}}, {"type": "Feature", "geometry": {"type": "Polygon", "coordinates": [[[319.0, 623.5], [318.0, 623.5], [317.0, 623.5], [316.0, 623.5], [315.0, 623.5], [314.5, 623.0], [314.0, 622.5], [313.5, 622.0], [313.0, 621.5], [312.5, 621.0], [313.0, 620.5], [313.5, 620.0], [313.5, 619.0], [313.5, 618.0], [313.5, 617.0], [314.0, 616.5], [314.5, 616.0], [314.5, 615.0], [315.0, 614.5], [315.5, 614.0], [316.0, 613.5], [317.0, 613.5], [317.5, 613.0], [318.0, 612.5], [319.0, 612.5], [320.0, 612.5], [321.0, 612.5], [321.5, 613.0], [322.0, 613.5], [322.5, 614.0], [323.0, 614.5], [323.5, 615.0], [323.5, 616.0], [323.5, 617.0], [323.5, 618.0], [323.5, 619.0], [323.0, 619.5], [322.5, 620.0], [322.5, 621.0], [322.0, 621.5], [321.5, 622.0], [321.0, 622.5], [320.0, 622.5], [319.5, 623.0], [319.0, 623.5], [319.0, 623.5]]]}, "properties": {"image": "7r43jfh5ovispq5wh62w_al_4_si_5_af_20.png", "iceberg_id": 49, "confidence": 0.6397031545639038}}, {"type": "Feature", "geometry": {"type": "Polygon", "coordinates": [[[133.0, 641.5], [132.0, 641.5], [131.0, 641.5], [130.5, 641.0], [130.0, 640.5], [129.5, 640.0], [129.0, 639.5], [128.5, 639.0], [128.5, 638.0], [128.5, 637.0], [128.5, 636.0], [128.5, 635.0], [128.5, 634.0], [128.5, 633.0], [129.0, 632.5], [129.5, 632.0], [129.5, 631.0], [130.0, 630.5], [130.5, 630.0], [131.0, 629.5], [131.5, 629.0], [131.5, 628.0], [132.0, 627.5], [132.5, 627.0], [133.0, 626.5], [133.5, 626.0], [134.0, 625.5], [134.5, 625.0], [135.0, 624.5], [135.5, 624.0], [136.0, 623.5], [136.5, 624.0], [137.0, 624.5], [137.5, 624.0], [138.0, 623.5], [138.5, 624.0], [139.0, 624.5], [139.5, 625.0], [140.0, 625.5], [140.5, 626.0], [140.5, 627.0], [141.0, 627.5], [141.5, 628.0], [141.5, 629.0], [141.5, 630.0], [141.5, 631.0], [141.0, 631.5], [140.5, 632.0], [140.5, 633.0], [140.5, 634.0], [140.0, 634.5], [139.5, 635.0], [139.0, 635.5], [138.5, 636.0], [138.5, 637.0], [138.0, 637.5], [137.5, 638.0], [137.0, 638.5], [136.5, 639.0], [136.0, 639.5], [135.0, 639.5], [134.5, 640.0], [134.0, 640.5], [133.5, 641.0], [133.0, 641.5], [133.0, 641.5]]]}, "properties": {"image": "7r43jfh5ovispq5wh62w_al_4_si_5_af_20.png", "iceberg_id": 50, "confidence": 0.6397031545639038}}, {"type": "Feature", "geometry": {"type": "Polygon", "coordinates": [[[258.0, 642.5], [257.5, 642.0], [257.0, 641.5], [256.5, 641.0], [257.0, 640.5], [257.5, 640.0], [258.0, 639.5], [259.0, 639.5], [260.0, 639.5], [260.5, 640.0], [260.0, 640.5], [259.5, 641.0], [259.0, 641.5], [258.5, 642.0], [258.0, 642.5], [258.0, 642.5]]]}, "properties": {"image": "7r43jfh5ovispq5wh62w_al_4_si_5_af_20.png", "iceberg_id": 51, "confidence": 0.6397031545639038}}, {"type": "Feature", "geometry": {"type": "Polygon", "coordinates": [[[242.0, 650.5], [241.0, 650.5], [240.0, 650.5], [239.0, 650.5], [238.0, 650.5], [237.0, 650.5], [236.0, 650.5], [235.5, 650.0], [235.0, 649.5], [234.0, 649.5], [233.0, 649.5], [232.0, 649.5], [231.5, 649.0], [231.5, 648.0], [231.0, 647.5], [230.5, 647.0], [230.5, 646.0], [231.0, 645.5], [231.5, 645.0], [232.0, 644.5], [232.5, 644.0], [233.0, 643.5], [234.0, 643.5], [235.0, 643.5], [236.0, 643.5], [237.0, 643.5], [238.0, 643.5], [239.0, 643.5], [240.0, 643.5], [241.0, 643.5], [242.0, 643.5], [242.5, 644.0], [243.0, 644.5], [243.5, 645.0], [244.0, 645.5], [244.5, 646.0], [244.5, 647.0], [244.5, 648.0], [244.5, 649.0], [244.0, 649.5], [243.0, 649.5], [242.5, 650.0], [242.0, 650.5], [242.0, 650.5]]]}, "properties": {"image": "7r43jfh5ovispq5wh62w_al_4_si_5_af_20.png", "iceberg_id": 52, "confidence": 0.6397031545639038}}, {"type": "Feature", "geometry": {"type": "Polygon", "coordinates": [[[552.0, 49.5], [551.0, 49.5], [550.0, 49.5], [549.0, 49.5], [548.0, 49.5], [547.5, 49.0], [547.5, 48.0], [547.0, 47.5], [546.5, 47.0], [546.5, 46.0], [547.0, 45.5], [547.5, 45.0], [548.0, 44.5], [548.5, 44.0], [549.0, 43.5], [550.0, 43.5], [551.0, 43.5], [552.0, 43.5], [553.0, 43.5], [553.5, 44.0], [554.0, 44.5], [554.5, 45.0], [554.5, 46.0], [554.5, 47.0], [554.0, 47.5], [553.5, 48.0], [553.0, 48.5], [552.5, 49.0], [552.0, 49.5], [552.0, 49.5]]]}, "properties": {"image": "9j1sqhexc5t56xub2qro_al_4_si_5_af_10.png", "iceberg_id": 0, "confidence": 0.6406612396240234}}, {"type": "Feature", "geometry": {"type": "Polygon", "coordinates": [[[627.0, 81.5], [626.0, 81.5], [625.0, 81.5], [624.0, 81.5], [623.0, 81.5], [622.5, 81.0], [622.0, 80.5], [621.0, 80.5], [620.0, 80.5], [619.5, 80.0], [619.0, 79.5], [618.0, 79.5], [617.5, 79.0], [617.0, 78.5], [616.5, 78.0], [616.0, 77.5], [615.5, 77.0], [615.0, 76.5], [614.5, 76.0], [614.0, 75.5], [613.5, 75.0], [613.0, 74.5], [612.5, 74.0], [612.5, 73.0], [612.0, 72.5], [611.5, 72.0], [611.5, 71.0], [611.5, 70.0], [611.5, 69.0], [611.5, 68.0], [612.0, 67.5], [612.5, 67.0], [612.5, 66.0], [613.0, 65.5], [613.5, 65.0], [614.0, 64.5], [614.5, 64.0], [615.0, 63.5], [616.0, 63.5], [616.5, 63.0], [617.0, 62.5], [617.5, 62.0], [618.0, 61.5], [619.0, 61.5], [619.5, 61.0], [620.0, 60.5], [621.0, 60.5], [621.5, 60.0], [622.0, 59.5], [623.0, 59.5], [624.0, 59.5], [625.0, 59.5], [625.5, 59.0], [626.0, 58.5], [627.0, 58.5], [628.0, 58.5], [629.0, 58.5], [629.5, 59.0], [630.0, 59.5], [631.0, 59.5], [632.0, 59.5], [633.0, 59.5], [634.0, 59.5], [634.5, 60.0], [635.0, 60.5], [636.0, 60.5], [636.5, 61.0], [637.0, 61.5], [638.0, 61.5], [638.5, 62.0], [638.5, 63.0], [639.0, 63.5], [639.5, 64.0], [639.5, 65.0], [639.0, 65.5], [638.5, 66.0], [638.5, 67.0], [638.0, 67.5], [637.5, 68.0], [637.5, 69.0], [637.0, 69.5], [636.5, 70.0], [636.5, 71.0], [636.0, 71.5], [635.5, 72.0], [635.0, 72.5], [634.5, 73.0], [634.5, 74.0], [634.0, 74.5], [633.5, 75.0], [633.0, 75.5], [632.5, 76.0], [632.5, 77.0], [632.0, 77.5], [631.5, 78.0], [631.0, 78.5], [630.5, 79.0], [630.0, 79.5], [629.5, 80.0], [629.0, 80.5], [628.0, 80.5], [627.5, 81.0], [627.0, 81.5], [627.0, 81.5]]]}, "properties": {"image": "9j1sqhexc5t56xub2qro_al_4_si_5_af_10.png", "iceberg_id": 1, "confidence": 0.6406612396240234}}, {"type": "Feature", "geometry": {"type": "Polygon", "coordinates": [[[89.0, 79.5], [88.5, 79.0], [88.0, 78.5], [87.0, 78.5], [86.0, 78.5], [85.5, 78.0], [85.0, 77.5], [84.0, 77.5], [83.5, 77.0], [83.5, 76.0], [83.0, 75.5], [82.5, 75.0], [82.5, 74.0], [82.5, 73.0], [82.5, 72.0], [82.5, 71.0], [83.0, 70.5], [83.5, 70.0], [84.0, 69.5], [84.5, 69.0], [85.0, 68.5], [85.5, 68.0], [86.0, 67.5], [87.0, 67.5], [88.0, 67.5], [89.0, 67.5], [90.0, 67.5], [91.0, 67.5], [92.0, 67.5], [93.0, 67.5], [94.0, 67.5], [95.0, 67.5], [96.0, 67.5], [97.0, 67.5], [98.0, 67.5], [98.5, 68.0], [99.0, 68.5], [100.0, 68.5], [100.5, 69.0], [100.5, 70.0], [100.0, 70.5], [99.5, 71.0], [99.0, 71.5], [98.5, 72.0], [98.0, 72.5], [97.5, 73.0], [97.0, 73.5], [96.5, 74.0], [96.0, 74.5], [95.5, 75.0], [95.5, 76.0], [95.0, 76.5], [94.5, 77.0], [94.0, 77.5], [93.0, 77.5], [92.5, 78.0], [92.0, 78.5], [91.0, 78.5], [90.0, 78.5], [89.5, 79.0], [89.0, 79.5], [89.0, 79.5]]]}, "properties": {"image": "9j1sqhexc5t56xub2qro_al_4_si_5_af_10.png", "iceberg_id": 2, "confidence": 0.6406612396240234}}, {"type": "Feature", "geometry": {"type": "Polygon", "coordinates": [[[158.0, 130.5], [157.0, 130.5], [156.0, 130.5], [155.5, 130.0], [155.5, 129.0], [156.0, 128.5], [157.0, 128.5], [158.0, 128.5], [158.5, 129.0], [158.5, 130.0], [158.0, 130.5], [158.0, 130.5]]]}, "properties": {"image": "9j1sqhexc5t56xub2qro_al_4_si_5_af_10.png", "iceberg_id": 3, "confidence": 0.6406612396240234}}, {"type": "Feature", "geometry": {"type": "Polygon", "coordinates": [[[516.0, 167.5], [515.0, 167.5], [514.0, 167.5], [513.0, 167.5], [512.0, 167.5], [511.5, 167.0], [511.0, 166.5], [510.5, 166.0], [510.5, 165.0], [510.5, 164.0], [511.0, 163.5], [511.5, 163.0], [511.5, 162.0], [512.0, 161.5], [513.0, 161.5], [514.0, 161.5], [515.0, 161.5], [516.0, 161.5], [516.5, 162.0], [517.0, 162.5], [517.5, 163.0], [517.5, 164.0], [517.5, 165.0], [517.0, 165.5], [516.5, 166.0], [516.5, 167.0], [516.0, 167.5], [516.0, 167.5]]]}, "properties": {"image": "9j1sqhexc5t56xub2qro_al_4_si_5_af_10.png", "iceberg_id": 4, "confidence": 0.6406612396240234}}, {"type": "Feature", "geometry": {"type": "Polygon", "coordinates": [[[41.0, 202.5], [40.0, 202.5], [39.0, 202.5], [38.0, 202.5], [37.5, 202.0], [37.0, 201.5], [36.5, 201.0], [36.5, 200.0], [36.5, 199.0], [36.5, 198.0], [36.5, 197.0], [37.0, 196.5], [37.5, 196.0], [38.0, 195.5], [38.5, 195.0], [39.0, 194.5], [39.5, 194.0], [40.0, 193.5], [41.0, 193.5], [42.0, 193.5], [43.0, 193.5], [44.0, 193.5], [44.5, 194.0], [45.0, 194.5], [45.5, 195.0], [45.5, 196.0], [45.5, 197.0], [45.5, 198.0], [45.0, 198.5], [44.5, 199.0], [44.0, 199.5], [43.5, 200.0], [43.5, 201.0], [43.0, 201.5], [42.0, 201.5], [41.5, 202.0], [41.0, 202.5], [41.0, 202.5]]]}, "properties": {"image": "9j1sqhexc5t56xub2qro_al_4_si_5_af_10.png", "iceberg_id": 5, "confidence": 0.6406612396240234}}, {"type": "Feature", "geometry": {"type": "Polygon", "coordinates": [[[455.0, 245.5], [454.5, 245.0], [454.0, 244.5], [453.5, 244.0], [453.5, 243.0], [454.0, 242.5], [455.0, 242.5], [456.0, 242.5], [456.5, 243.0], [456.5, 244.0], [456.0, 244.5], [455.5, 245.0], [455.0, 245.5], [455.0, 245.5]]]}, "properties": {"image": "9j1sqhexc5t56xub2qro_al_4_si_5_af_10.png", "iceberg_id": 6, "confidence": 0.6406612396240234}}, {"type": "Feature", "geometry": {"type": "Polygon", "coordinates": [[[387.0, 287.5], [386.5, 287.0], [386.0, 286.5], [385.5, 286.0], [385.0, 285.5], [384.5, 285.0], [384.5, 284.0], [385.0, 283.5], [386.0, 283.5], [386.5, 283.0], [387.0, 282.5], [387.5, 283.0], [388.0, 283.5], [388.5, 284.0], [389.0, 284.5], [389.5, 285.0], [389.5, 286.0], [389.0, 286.5], [388.0, 286.5], [387.5, 287.0], [387.0, 287.5], [387.0, 287.5]]]}, "properties": {"image": "9j1sqhexc5t56xub2qro_al_4_si_5_af_10.png", "iceberg_id": 7, "confidence": 0.6406612396240234}}, {"type": "Feature", "geometry": {"type": "Polygon", "coordinates": [[[360.0, 410.5], [359.0, 410.5], [358.0, 410.5], [357.0, 410.5], [356.5, 410.0], [356.0, 409.5], [355.0, 409.5], [354.5, 409.0], [354.0, 408.5], [353.0, 408.5], [352.5, 408.0], [352.0, 407.5], [351.0, 407.5], [350.5, 407.0], [350.0, 406.5], [349.0, 406.5], [348.0, 406.5], [347.5, 406.0], [347.0, 405.5], [346.0, 405.5], [345.0, 405.5], [344.0, 405.5], [343.0, 405.5], [342.5, 405.0], [342.0, 404.5], [341.0, 404.5], [340.0, 404.5], [339.5, 404.0], [339.0, 403.5], [338.0, 403.5], [337.0, 403.5], [336.5, 403.0], [336.0, 402.5], [335.0, 402.5], [334.5, 402.0], [334.0, 401.5], [333.0, 401.5], [332.5, 401.0], [332.0, 400.5], [331.5, 400.0], [331.0, 399.5], [330.0, 399.5], [329.0, 399.5], [328.5, 399.0], [328.0, 398.5], [327.5, 398.0], [327.0, 397.5], [326.5, 397.0], [326.0, 396.5], [325.5, 396.0], [325.5, 395.0], [325.5, 394.0], [325.5, 393.0], [325.5, 392.0], [326.0, 391.5], [326.5, 391.0], [326.5, 390.0], [326.5, 389.0], [327.0, 388.5], [327.5, 388.0], [328.0, 387.5], [328.5, 387.0], [328.5, 386.0], [328.5, 385.0], [329.0, 384.5], [329.5, 384.0], [330.0, 383.5], [330.5, 383.0], [330.5, 382.0], [331.0, 381.5], [331.5, 381.0], [331.5, 380.0], [332.0, 379.5], [332.5, 379.0], [332.5, 378.0], [333.0, 377.5], [333.5, 377.0], [333.5, 376.0], [334.0, 375.5], [334.5, 375.0], [335.0, 374.5], [335.5, 374.0], [335.5, 373.0], [336.0, 372.5], [336.5, 372.0], [336.5, 371.0], [337.0, 370.5], [337.5, 370.0], [338.0, 369.5], [338.5, 369.0], [339.0, 368.5], [339.5, 368.0], [340.0, 367.5], [340.5, 367.0], [341.0, 366.5], [341.5, 366.0], [342.0, 365.5], [342.5, 365.0], [343.0, 364.5], [344.0, 364.5], [344.5, 364.0], [345.0, 363.5], [346.0, 363.5], [346.5, 363.0], [347.0, 362.5], [347.5, 362.0], [348.0, 361.5], [349.0, 361.5], [350.0, 361.5], [350.5, 361.0], [351.0, 360.5], [351.5, 360.0], [352.0, 359.5], [353.0, 359.5], [353.5, 359.0], [354.0, 358.5], [355.0, 358.5], [355.5, 358.0], [356.0, 357.5], [356.5, 357.0], [357.0, 356.5], [358.0, 356.5], [358.5, 356.0], [359.0, 355.5], [360.0, 355.5], [360.5, 355.0], [361.0, 354.5], [361.5, 354.0], [362.0, 353.5], [363.0, 353.5], [364.0, 353.5], [365.0, 353.5], [366.0, 353.5], [367.0, 353.5], [368.0, 353.5], [369.0, 353.5], [370.0, 353.5], [370.5, 354.0], [371.0, 354.5], [372.0, 354.5], [373.0, 354.5], [374.0, 354.5], [375.0, 354.5], [376.0, 354.5], [377.0, 354.5], [377.5, 354.0], [378.0, 353.5], [379.0, 353.5], [380.0, 353.5], [380.5, 354.0], [381.0, 354.5], [381.5, 355.0], [382.0, 355.5], [382.5, 356.0], [382.5, 357.0], [383.0, 357.5], [383.5, 358.0], [383.5, 359.0], [383.5, 360.0], [383.5, 361.0], [383.5, 362.0], [383.5, 363.0], [384.0, 363.5], [384.5, 364.0], [384.5, 365.0], [384.5, 366.0], [384.5, 367.0], [384.5, 368.0], [384.5, 369.0], [384.5, 370.0], [384.5, 371.0], [384.5, 372.0], [385.0, 372.5], [385.5, 373.0], [385.5, 374.0], [385.5, 375.0], [385.0, 375.5], [384.5, 376.0], [384.5, 377.0], [384.5, 378.0], [384.5, 379.0], [384.5, 380.0], [384.5, 381.0], [384.5, 382.0], [384.5, 383.0], [384.5, 384.0], [384.0, 384.5], [383.5, 385.0], [383.5, 386.0], [383.5, 387.0], [383.5, 388.0], [383.5, 389.0], [383.5, 390.0], [383.0, 390.5], [382.5, 391.0], [382.5, 392.0], [382.0, 392.5], [381.5, 393.0], [381.5, 394.0], [381.0, 394.5], [380.5, 395.0], [380.0, 395.5], [379.5, 396.0], [379.0, 396.5], [378.0, 396.5], [377.5, 397.0], [377.0, 397.5], [376.5, 398.0], [376.0, 398.5], [375.0, 398.5], [374.0, 398.5], [373.5, 399.0], [373.0, 399.5], [372.5, 400.0], [372.0, 400.5], [371.0, 400.5], [370.5, 401.0], [370.0, 401.5], [369.5, 402.0], [369.0, 402.5], [368.5, 403.0], [368.0, 403.5], [367.5, 404.0], [367.0, 404.5], [366.5, 405.0], [366.0, 405.5], [365.5, 406.0], [365.0, 406.5], [364.5, 407.0], [364.0, 407.5], [363.5, 408.0], [363.0, 408.5], [362.5, 409.0], [362.0, 409.5], [361.0, 409.5], [360.5, 410.0], [360.0, 410.5], [360.0, 410.5]]]}, "properties": {"image": "9j1sqhexc5t56xub2qro_al_4_si_5_af_10.png", "iceberg_id": 8, "confidence": 0.6406612396240234}}, {"type": "Feature", "geometry": {"type": "Polygon", "coordinates": [[[314.0, 489.5], [313.0, 489.5], [312.5, 489.0], [312.0, 488.5], [311.0, 488.5], [310.0, 488.5], [309.5, 488.0], [309.0, 487.5], [308.0, 487.5], [307.5, 487.0], [307.0, 486.5], [306.5, 486.0], [306.0, 485.5], [305.5, 485.0], [305.0, 484.5], [304.5, 484.0], [304.5, 483.0], [304.0, 482.5], [303.5, 482.0], [304.0, 481.5], [304.5, 481.0], [304.5, 480.0], [304.5, 479.0], [305.0, 478.5], [305.5, 478.0], [305.5, 477.0], [306.0, 476.5], [306.5, 476.0], [307.0, 475.5], [307.5, 475.0], [307.5, 474.0], [308.0, 473.5], [308.5, 473.0], [309.0, 472.5], [309.5, 472.0], [310.0, 471.5], [310.5, 471.0], [311.0, 470.5], [311.5, 470.0], [312.0, 469.5], [312.5, 469.0], [313.0, 468.5], [314.0, 468.5], [315.0, 468.5], [315.5, 468.0], [316.0, 467.5], [317.0, 467.5], [318.0, 467.5], [318.5, 467.0], [319.0, 466.5], [320.0, 466.5], [321.0, 466.5], [321.5, 466.0], [322.0, 465.5], [322.5, 466.0], [323.0, 466.5], [323.5, 466.0], [324.0, 465.5], [324.5, 466.0], [325.0, 466.5], [325.5, 466.0], [326.0, 465.5], [326.5, 466.0], [327.0, 466.5], [327.5, 466.0], [328.0, 465.5], [328.5, 466.0], [329.0, 466.5], [330.0, 466.5], [330.5, 467.0], [331.0, 467.5], [331.5, 468.0], [331.5, 469.0], [331.5, 470.0], [331.0, 470.5], [330.5, 471.0], [330.5, 472.0], [330.0, 472.5], [329.5, 473.0], [329.5, 474.0], [329.0, 474.5], [328.5, 475.0], [328.0, 475.5], [327.5, 476.0], [327.5, 477.0], [327.0, 477.5], [326.5, 478.0], [326.0, 478.5], [325.5, 479.0], [325.0, 479.5], [324.5, 480.0], [324.0, 480.5], [323.5, 481.0], [323.0, 481.5], [322.5, 482.0], [322.5, 483.0], [322.0, 483.5], [321.5, 484.0], [321.0, 484.5], [320.5, 485.0], [320.0, 485.5], [319.5, 486.0], [319.0, 486.5], [318.5, 487.0], [318.0, 487.5], [317.0, 487.5], [316.5, 488.0], [316.0, 488.5], [315.0, 488.5], [314.5, 489.0], [314.0, 489.5], [314.0, 489.5]]]}, "properties": {"image": "9j1sqhexc5t56xub2qro_al_4_si_5_af_10.png", "iceberg_id": 9, "confidence": 0.6406612396240234}}, {"type": "Feature", "geometry": {"type": "Polygon", "coordinates": [[[409.0, 497.5], [408.0, 497.5], [407.0, 497.5], [406.0, 497.5], [405.0, 497.5], [404.0, 497.5], [403.0, 497.5], [402.0, 497.5], [401.0, 497.5], [400.5, 497.0], [400.0, 496.5], [399.0, 496.5], [398.0, 496.5], [397.0, 496.5], [396.5, 496.0], [396.0, 495.5], [395.0, 495.5], [394.5, 495.0], [394.0, 494.5], [393.0, 494.5], [392.0, 494.5], [391.0, 494.5], [390.0, 494.5], [389.5, 494.0], [389.0, 493.5], [388.0, 493.5], [387.0, 493.5], [386.0, 493.5], [385.0, 493.5], [384.0, 493.5], [383.0, 493.5], [382.0, 493.5], [381.0, 493.5], [380.5, 493.0], [380.0, 492.5], [379.0, 492.5], [378.5, 492.0], [378.0, 491.5], [377.0, 491.5], [376.5, 491.0], [376.0, 490.5], [375.0, 490.5], [374.5, 490.0], [374.0, 489.5], [373.0, 489.5], [372.0, 489.5], [371.5, 489.0], [371.0, 488.5], [370.0, 488.5], [369.5, 488.0], [369.0, 487.5], [368.0, 487.5], [367.0, 487.5], [366.5, 487.0], [366.0, 486.5], [365.5, 486.0], [365.0, 485.5], [364.5, 485.0], [364.0, 484.5], [363.5, 484.0], [363.5, 483.0], [363.5, 482.0], [364.0, 481.5], [364.5, 481.0], [364.5, 480.0], [364.5, 479.0], [365.0, 478.5], [365.5, 478.0], [366.0, 477.5], [366.5, 477.0], [367.0, 476.5], [367.5, 476.0], [368.0, 475.5], [368.5, 475.0], [369.0, 474.5], [369.5, 474.0], [370.0, 473.5], [370.5, 473.0], [371.0, 472.5], [372.0, 472.5], [372.5, 472.0], [373.0, 471.5], [373.5, 471.0], [374.0, 470.5], [375.0, 470.5], [375.5, 470.0], [376.0, 469.5], [377.0, 469.5], [377.5, 469.0], [378.0, 468.5], [379.0, 468.5], [380.0, 468.5], [381.0, 468.5], [382.0, 468.5], [383.0, 468.5], [384.0, 468.5], [385.0, 468.5], [386.0, 468.5], [387.0, 468.5], [388.0, 468.5], [389.0, 468.5], [390.0, 468.5], [391.0, 468.5], [392.0, 468.5], [393.0, 468.5], [394.0, 468.5], [395.0, 468.5], [395.5, 469.0], [396.0, 469.5], [397.0, 469.5], [398.0, 469.5], [399.0, 469.5], [399.5, 470.0], [400.0, 470.5], [401.0, 470.5], [401.5, 471.0], [402.0, 471.5], [403.0, 471.5], [403.5, 472.0], [404.0, 472.5], [405.0, 472.5], [405.5, 473.0], [406.0, 473.5], [407.0, 473.5], [408.0, 473.5], [408.5, 474.0], [409.0, 474.5], [410.0, 474.5], [411.0, 474.5], [411.5, 475.0], [412.0, 475.5], [413.0, 475.5], [413.5, 476.0], [414.0, 476.5], [415.0, 476.5], [415.5, 477.0], [416.0, 477.5], [417.0, 477.5], [418.0, 477.5], [418.5, 478.0], [419.0, 478.5], [420.0, 478.5], [421.0, 478.5], [421.5, 479.0], [422.0, 479.5], [423.0, 479.5], [424.0, 479.5], [424.5, 480.0], [424.5, 481.0], [425.0, 481.5], [425.5, 482.0], [425.5, 483.0], [425.5, 484.0], [425.5, 485.0], [425.0, 485.5], [424.5, 486.0], [424.5, 487.0], [424.0, 487.5], [423.5, 488.0], [423.0, 488.5], [422.5, 489.0], [422.0, 489.5], [421.5, 490.0], [421.0, 490.5], [420.5, 491.0], [420.0, 491.5], [419.0, 491.5], [418.5, 492.0], [418.0, 492.5], [417.5, 493.0], [417.0, 493.5], [416.5, 494.0], [416.0, 494.5], [415.0, 494.5], [414.5, 495.0], [414.0, 495.5], [413.0, 495.5], [412.5, 496.0], [412.0, 496.5], [411.0, 496.5], [410.0, 496.5], [409.5, 497.0], [409.0, 497.5], [409.0, 497.5]]]}, "properties": {"image": "9j1sqhexc5t56xub2qro_al_4_si_5_af_10.png", "iceberg_id": 10, "confidence": 0.6406612396240234}}, {"type": "Feature", "geometry": {"type": "Polygon", "coordinates": [[[231.0, 478.5], [230.0, 478.5], [229.0, 478.5], [228.0, 478.5], [227.0, 478.5], [226.5, 478.0], [226.0, 477.5], [225.0, 477.5], [224.5, 477.0], [224.0, 476.5], [223.5, 476.0], [223.5, 475.0], [223.5, 474.0], [223.5, 473.0], [223.5, 472.0], [224.0, 471.5], [225.0, 471.5], [226.0, 471.5], [226.5, 472.0], [227.0, 472.5], [228.0, 472.5], [229.0, 472.5], [229.5, 473.0], [230.0, 473.5], [231.0, 473.5], [231.5, 474.0], [231.5, 475.0], [232.0, 475.5], [232.5, 476.0], [232.5, 477.0], [232.0, 477.5], [231.5, 478.0], [231.0, 478.5], [231.0, 478.5]]]}, "properties": {"image": "9j1sqhexc5t56xub2qro_al_4_si_5_af_10.png", "iceberg_id": 11, "confidence": 0.6406612396240234}}, {"type": "Feature", "geometry": {"type": "Polygon", "coordinates": [[[238.0, 573.5], [237.0, 573.5], [236.0, 573.5], [235.0, 573.5], [234.0, 573.5], [233.0, 573.5], [232.5, 573.0], [232.0, 572.5], [231.0, 572.5], [230.5, 572.0], [230.0, 571.5], [229.0, 571.5], [228.5, 571.0], [228.0, 570.5], [227.0, 570.5], [226.5, 570.0], [226.0, 569.5], [225.5, 569.0], [225.5, 568.0], [225.0, 567.5], [224.5, 567.0], [224.5, 566.0], [224.5, 565.0], [224.5, 564.0], [224.5, 563.0], [224.5, 562.0], [225.0, 561.5], [225.5, 561.0], [225.5, 560.0], [226.0, 559.5], [226.5, 559.0], [227.0, 558.5], [227.5, 558.0], [228.0, 557.5], [228.5, 557.0], [229.0, 556.5], [229.5, 556.0], [230.0, 555.5], [230.5, 555.0], [231.0, 554.5], [232.0, 554.5], [232.5, 554.0], [233.0, 553.5], [234.0, 553.5], [234.5, 553.0], [235.0, 552.5], [235.5, 552.0], [236.0, 551.5], [237.0, 551.5], [237.5, 551.0], [238.0, 550.5], [239.0, 550.5], [240.0, 550.5], [241.0, 550.5], [241.5, 550.0], [242.0, 549.5], [242.5, 550.0], [243.0, 550.5], [244.0, 550.5], [245.0, 550.5], [245.5, 551.0], [246.0, 551.5], [246.5, 552.0], [247.0, 552.5], [247.5, 553.0], [248.0, 553.5], [248.5, 554.0], [249.0, 554.5], [249.5, 555.0], [249.5, 556.0], [250.0, 556.5], [250.5, 557.0], [250.5, 558.0], [250.5, 559.0], [250.5, 560.0], [250.5, 561.0], [250.5, 562.0], [250.5, 563.0], [250.0, 563.5], [249.5, 564.0], [249.5, 565.0], [249.0, 565.5], [248.5, 566.0], [248.0, 566.5], [247.5, 567.0], [247.0, 567.5], [246.5, 568.0], [246.0, 568.5], [245.5, 569.0], [245.0, 569.5], [244.0, 569.5], [243.5, 570.0], [243.0, 570.5], [242.5, 571.0], [242.0, 571.5], [241.0, 571.5], [240.5, 572.0], [240.0, 572.5], [239.0, 572.5], [238.5, 573.0], [238.0, 573.5], [238.0, 573.5]]]}, "properties": {"image": "9j1sqhexc5t56xub2qro_al_4_si_5_af_10.png", "iceberg_id": 12, "confidence": 0.6406612396240234}}, {"type": "Feature", "geometry": {"type": "Polygon", "coordinates": [[[168.0, 598.5], [167.5, 598.0], [167.5, 597.0], [167.5, 596.0], [168.0, 595.5], [168.5, 595.0], [169.0, 594.5], [169.5, 594.0], [170.0, 593.5], [170.5, 594.0], [171.0, 594.5], [171.5, 595.0], [171.0, 595.5], [170.5, 596.0], [170.0, 596.5], [169.5, 597.0], [169.0, 597.5], [168.5, 598.0], [168.0, 598.5], [168.0, 598.5]]]}, "properties": {"image": "9j1sqhexc5t56xub2qro_al_4_si_5_af_10.png", "iceberg_id": 13, "confidence": 0.6406612396240234}}, {"type": "Feature", "geometry": {"type": "Polygon", "coordinates": [[[80.0, 624.5], [79.0, 624.5], [78.0, 624.5], [77.0, 624.5], [76.0, 624.5], [75.0, 624.5], [74.0, 624.5], [73.0, 624.5], [72.0, 624.5], [71.0, 624.5], [70.0, 624.5], [69.0, 624.5], [68.0, 624.5], [67.5, 624.0], [67.0, 623.5], [66.5, 624.0], [66.0, 624.5], [65.5, 624.0], [65.0, 623.5], [64.0, 623.5], [63.0, 623.5], [62.0, 623.5], [61.0, 623.5], [60.5, 623.0], [60.0, 622.5], [59.0, 622.5], [58.5, 622.0], [58.0, 621.5], [57.5, 621.0], [57.0, 620.5], [56.5, 620.0], [56.5, 619.0], [56.0, 618.5], [55.5, 618.0], [55.5, 617.0], [55.5, 616.0], [56.0, 615.5], [56.5, 615.0], [56.5, 614.0], [56.5, 613.0], [57.0, 612.5], [57.5, 612.0], [58.0, 611.5], [58.5, 611.0], [59.0, 610.5], [59.5, 610.0], [60.0, 609.5], [61.0, 609.5], [61.5, 609.0], [62.0, 608.5], [63.0, 608.5], [63.5, 608.0], [64.0, 607.5], [65.0, 607.5], [66.0, 607.5], [67.0, 607.5], [68.0, 607.5], [69.0, 607.5], [70.0, 607.5], [71.0, 607.5], [72.0, 607.5], [73.0, 607.5], [74.0, 607.5], [74.5, 608.0], [75.0, 608.5], [76.0, 608.5], [77.0, 608.5], [77.5, 609.0], [78.0, 609.5], [79.0, 609.5], [80.0, 609.5], [81.0, 609.5], [82.0, 609.5], [82.5, 610.0], [83.0, 610.5], [84.0, 610.5], [85.0, 610.5], [86.0, 610.5], [86.5, 611.0], [87.0, 611.5], [88.0, 611.5], [88.5, 612.0], [89.0, 612.5], [90.0, 612.5], [91.0, 612.5], [91.5, 613.0], [92.0, 613.5], [93.0, 613.5], [94.0, 613.5], [94.5, 614.0], [95.0, 614.5], [96.0, 614.5], [96.5, 615.0], [97.0, 615.5], [97.5, 616.0], [97.5, 617.0], [97.0, 617.5], [96.5, 618.0], [96.0, 618.5], [95.5, 619.0], [95.0, 619.5], [94.5, 620.0], [94.0, 620.5], [93.0, 620.5], [92.0, 620.5], [91.5, 621.0], [91.0, 621.5], [90.0, 621.5], [89.0, 621.5], [88.5, 622.0], [88.0, 622.5], [87.0, 622.5], [86.0, 622.5], [85.5, 623.0], [85.0, 623.5], [84.0, 623.5], [83.0, 623.5], [82.0, 623.5], [81.0, 623.5], [80.5, 624.0], [80.0, 624.5], [80.0, 624.5]]]}, "properties": {"image": "9j1sqhexc5t56xub2qro_al_4_si_5_af_10.png", "iceberg_id": 14, "confidence": 0.6406612396240234}}, {"type": "Feature", "geometry": {"type": "Polygon", "coordinates": [[[144.0, 628.5], [143.0, 628.5], [142.0, 628.5], [141.0, 628.5], [140.0, 628.5], [139.0, 628.5], [138.0, 628.5], [137.0, 628.5], [136.0, 628.5], [135.5, 628.0], [135.0, 627.5], [134.0, 627.5], [133.0, 627.5], [132.0, 627.5], [131.5, 627.0], [131.0, 626.5], [130.5, 626.0], [130.0, 625.5], [129.0, 625.5], [128.5, 625.0], [128.0, 624.5], [127.5, 624.0], [127.5, 623.0], [127.0, 622.5], [126.5, 622.0], [126.5, 621.0], [126.5, 620.0], [126.5, 619.0], [126.5, 618.0], [127.0, 617.5], [127.5, 617.0], [127.5, 616.0], [128.0, 615.5], [128.5, 615.0], [129.0, 614.5], [129.5, 614.0], [130.0, 613.5], [131.0, 613.5], [131.5, 613.0], [132.0, 612.5], [133.0, 612.5], [133.5, 612.0], [134.0, 611.5], [135.0, 611.5], [136.0, 611.5], [137.0, 611.5], [138.0, 611.5], [138.5, 611.0], [139.0, 610.5], [140.0, 610.5], [141.0, 610.5], [141.5, 610.0], [142.0, 609.5], [143.0, 609.5], [144.0, 609.5], [145.0, 609.5], [146.0, 609.5], [146.5, 610.0], [147.0, 610.5], [148.0, 610.5], [148.5, 611.0], [149.0, 611.5], [149.5, 612.0], [150.0, 612.5], [150.5, 613.0], [151.0, 613.5], [151.5, 614.0], [152.0, 614.5], [152.5, 615.0], [153.0, 615.5], [153.5, 616.0], [153.5, 617.0], [154.0, 617.5], [154.5, 618.0], [154.5, 619.0], [154.5, 620.0], [154.5, 621.0], [154.5, 622.0], [154.5, 623.0], [154.0, 623.5], [153.5, 624.0], [153.0, 624.5], [152.5, 625.0], [152.0, 625.5], [151.5, 626.0], [151.0, 626.5], [150.0, 626.5], [149.5, 627.0], [149.0, 627.5], [148.0, 627.5], [147.0, 627.5], [146.0, 627.5], [145.0, 627.5], [144.5, 628.0], [144.0, 628.5], [144.0, 628.5]]]}, "properties": {"image": "9j1sqhexc5t56xub2qro_al_4_si_5_af_10.png", "iceberg_id": 15, "confidence": 0.6406612396240234}}, {"type": "Feature", "geometry": {"type": "Polygon", "coordinates": [[[451.0, 55.5], [450.0, 55.5], [449.0, 55.5], [448.0, 55.5], [447.0, 55.5], [446.0, 55.5], [445.0, 55.5], [444.0, 55.5], [443.5, 55.0], [443.0, 54.5], [442.5, 54.0], [442.0, 53.5], [441.5, 53.0], [441.0, 52.5], [440.5, 52.0], [440.5, 51.0], [441.0, 50.5], [441.5, 50.0], [442.0, 49.5], [442.5, 49.0], [443.0, 48.5], [443.5, 48.0], [444.0, 47.5], [444.5, 48.0], [445.0, 48.5], [445.5, 48.0], [446.0, 47.5], [446.5, 48.0], [447.0, 48.5], [448.0, 48.5], [448.5, 49.0], [449.0, 49.5], [450.0, 49.5], [450.5, 50.0], [450.5, 51.0], [451.0, 51.5], [451.5, 52.0], [451.5, 53.0], [452.0, 53.5], [452.5, 54.0], [452.0, 54.5], [451.5, 55.0], [451.0, 55.5], [451.0, 55.5]]]}, "properties": {"image": "9j1sqhexc5t56xub2qro_al_4_si_5_af_20.png", "iceberg_id": 0, "confidence": 0.6404500007629395}}, {"type": "Feature", "geometry": {"type": "Polygon", "coordinates": [[[578.0, 56.5], [577.0, 56.5], [576.0, 56.5], [575.5, 56.0], [575.0, 55.5], [574.0, 55.5], [573.0, 55.5], [572.5, 55.0], [572.0, 54.5], [571.5, 54.0], [571.0, 53.5], [570.5, 53.0], [570.5, 52.0], [570.5, 51.0], [571.0, 50.5], [571.5, 50.0], [572.0, 49.5], [573.0, 49.5], [574.0, 49.5], [575.0, 49.5], [576.0, 49.5], [576.5, 50.0], [577.0, 50.5], [577.5, 51.0], [578.0, 51.5], [578.5, 52.0], [579.0, 52.5], [579.5, 53.0], [579.5, 54.0], [579.5, 55.0], [579.0, 55.5], [578.5, 56.0], [578.0, 56.5], [578.0, 56.5]]]}, "properties": {"image": "9j1sqhexc5t56xub2qro_al_4_si_5_af_20.png", "iceberg_id": 1, "confidence": 0.6404500007629395}}, {"type": "Feature", "geometry": {"type": "Polygon", "coordinates": [[[218.0, 128.5], [217.5, 128.0], [217.0, 127.5], [216.5, 127.0], [217.0, 126.5], [217.5, 127.0], [218.0, 127.5], [218.5, 128.0], [218.0, 128.5], [218.0, 128.5]]]}, "properties": {"image": "9j1sqhexc5t56xub2qro_al_4_si_5_af_20.png", "iceberg_id": 2, "confidence": 0.6404500007629395}}, {"type": "Feature", "geometry": {"type": "Polygon", "coordinates": [[[487.0, 185.5], [486.5, 185.0], [486.0, 184.5], [485.0, 184.5], [484.0, 184.5], [483.5, 184.0], [483.0, 183.5], [482.0, 183.5], [481.0, 183.5], [480.5, 183.0], [480.0, 182.5], [479.5, 182.0], [479.0, 181.5], [478.0, 181.5], [477.5, 181.0], [477.0, 180.5], [476.0, 180.5], [475.5, 180.0], [475.0, 179.5], [474.5, 179.0], [474.0, 178.5], [473.0, 178.5], [472.5, 178.0], [472.0, 177.5], [471.5, 177.0], [471.5, 176.0], [471.0, 175.5], [470.5, 175.0], [470.5, 174.0], [471.0, 173.5], [471.5, 173.0], [472.0, 172.5], [473.0, 172.5], [474.0, 172.5], [475.0, 172.5], [476.0, 172.5], [477.0, 172.5], [478.0, 172.5], [479.0, 172.5], [479.5, 173.0], [480.0, 173.5], [481.0, 173.5], [482.0, 173.5], [482.5, 174.0], [483.0, 174.5], [484.0, 174.5], [484.5, 175.0], [485.0, 175.5], [486.0, 175.5], [486.5, 176.0], [487.0, 176.5], [488.0, 176.5], [488.5, 177.0], [489.0, 177.5], [489.5, 178.0], [490.0, 178.5], [490.5, 179.0], [490.5, 180.0], [491.0, 180.5], [491.5, 181.0], [491.0, 181.5], [490.5, 182.0], [490.5, 183.0], [490.0, 183.5], [489.5, 184.0], [489.0, 184.5], [488.0, 184.5], [487.5, 185.0], [487.0, 185.5], [487.0, 185.5]]]}, "properties": {"image": "9j1sqhexc5t56xub2qro_al_4_si_5_af_20.png", "iceberg_id": 3, "confidence": 0.6404500007629395}}, {"type": "Feature", "geometry": {"type": "Polygon", "coordinates": [[[633.0, 206.5], [632.0, 206.5], [631.0, 206.5], [630.5, 206.0], [630.0, 205.5], [629.0, 205.5], [628.5, 205.0], [628.0, 204.5], [627.5, 204.0], [627.0, 203.5], [626.5, 203.0], [626.5, 202.0], [627.0, 201.5], [627.5, 201.0], [628.0, 200.5], [629.0, 200.5], [629.5, 200.0], [630.0, 199.5], [630.5, 200.0], [631.0, 200.5], [631.5, 200.0], [632.0, 199.5], [632.5, 200.0], [633.0, 200.5], [634.0, 200.5], [634.5, 201.0], [635.0, 201.5], [636.0, 201.5], [636.5, 202.0], [636.5, 203.0], [636.5, 204.0], [636.0, 204.5], [635.5, 205.0], [635.0, 205.5], [634.0, 205.5], [633.5, 206.0], [633.0, 206.5], [633.0, 206.5]]]}, "properties": {"image": "9j1sqhexc5t56xub2qro_al_4_si_5_af_20.png", "iceberg_id": 4, "confidence": 0.6404500007629395}}, {"type": "Feature", "geometry": {"type": "Polygon", "coordinates": [[[420.0, 320.5], [419.0, 320.5], [418.0, 320.5], [417.0, 320.5], [416.5, 320.0], [416.0, 319.5], [415.0, 319.5], [414.5, 319.0], [414.0, 318.5], [413.0, 318.5], [412.5, 318.0], [412.0, 317.5], [411.0, 317.5], [410.5, 317.0], [410.0, 316.5], [409.5, 316.0], [409.0, 315.5], [408.0, 315.5], [407.5, 315.0], [407.0, 314.5], [406.5, 314.0], [406.0, 313.5], [405.5, 313.0], [405.0, 312.5], [404.5, 312.0], [404.0, 311.5], [403.0, 311.5], [402.5, 311.0], [402.5, 310.0], [402.0, 309.5], [401.5, 309.0], [401.0, 308.5], [400.5, 308.0], [400.5, 307.0], [400.0, 306.5], [399.5, 306.0], [399.5, 305.0], [399.5, 304.0], [400.0, 303.5], [400.5, 303.0], [400.5, 302.0], [400.5, 301.0], [401.0, 300.5], [401.5, 300.0], [402.0, 299.5], [403.0, 299.5], [404.0, 299.5], [404.5, 299.0], [405.0, 298.5], [406.0, 298.5], [407.0, 298.5], [408.0, 298.5], [409.0, 298.5], [410.0, 298.5], [411.0, 298.5], [412.0, 298.5], [413.0, 298.5], [413.5, 299.0], [414.0, 299.5], [415.0, 299.5], [416.0, 299.5], [416.5, 300.0], [417.0, 300.5], [418.0, 300.5], [419.0, 300.5], [419.5, 301.0], [420.0, 301.5], [420.5, 302.0], [421.0, 302.5], [421.5, 303.0], [422.0, 303.5], [422.5, 304.0], [422.5, 305.0], [423.0, 305.5], [423.5, 306.0], [423.5, 307.0], [424.0, 307.5], [424.5, 308.0], [424.5, 309.0], [425.0, 309.5], [425.5, 310.0], [425.5, 311.0], [426.0, 311.5], [426.5, 312.0], [426.5, 313.0], [426.5, 314.0], [426.5, 315.0], [426.5, 316.0], [426.0, 316.5], [425.5, 317.0], [425.0, 317.5], [424.5, 318.0], [424.0, 318.5], [423.0, 318.5], [422.5, 319.0], [422.0, 319.5], [421.0, 319.5], [420.5, 320.0], [420.0, 320.5], [420.0, 320.5]]]}, "properties": {"image": "9j1sqhexc5t56xub2qro_al_4_si_5_af_20.png", "iceberg_id": 5, "confidence": 0.6404500007629395}}, {"type": "Feature", "geometry": {"type": "Polygon", "coordinates": [[[423.0, 355.5], [422.0, 355.5], [421.0, 355.5], [420.0, 355.5], [419.5, 355.0], [419.0, 354.5], [418.0, 354.5], [417.5, 354.0], [417.0, 353.5], [416.5, 353.0], [416.0, 352.5], [415.5, 352.0], [415.5, 351.0], [415.0, 350.5], [414.5, 350.0], [414.5, 349.0], [414.5, 348.0], [415.0, 347.5], [415.5, 347.0], [415.5, 346.0], [416.0, 345.5], [417.0, 345.5], [418.0, 345.5], [419.0, 345.5], [420.0, 345.5], [420.5, 346.0], [421.0, 346.5], [422.0, 346.5], [422.5, 347.0], [423.0, 347.5], [423.5, 348.0], [424.0, 348.5], [424.5, 349.0], [424.5, 350.0], [424.5, 351.0], [424.5, 352.0], [424.5, 353.0], [424.5, 354.0], [424.0, 354.5], [423.5, 355.0], [423.0, 355.5], [423.0, 355.5]]]}, "properties": {"image": "9j1sqhexc5t56xub2qro_al_4_si_5_af_20.png", "iceberg_id": 6, "confidence": 0.6404500007629395}}, {"type": "Feature", "geometry": {"type": "Polygon", "coordinates": [[[473.0, 383.5], [472.0, 383.5], [471.0, 383.5], [470.0, 383.5], [469.5, 383.0], [469.0, 382.5], [468.0, 382.5], [467.5, 382.0], [467.0, 381.5], [466.0, 381.5], [465.5, 381.0], [465.0, 380.5], [464.0, 380.5], [463.5, 380.0], [463.0, 379.5], [462.0, 379.5], [461.5, 379.0], [461.0, 378.5], [460.0, 378.5], [459.5, 378.0], [459.0, 377.5], [458.5, 377.0], [458.0, 376.5], [457.0, 376.5], [456.5, 376.0], [456.0, 375.5], [455.5, 375.0], [455.0, 374.5], [454.5, 374.0], [454.0, 373.5], [453.5, 373.0], [453.0, 372.5], [452.0, 372.5], [451.5, 372.0], [451.0, 371.5], [450.5, 371.0], [450.0, 370.5], [449.5, 370.0], [449.0, 369.5], [448.5, 369.0], [448.0, 368.5], [447.5, 368.0], [447.5, 367.0], [447.5, 366.0], [447.0, 365.5], [446.5, 365.0], [446.5, 364.0], [446.5, 363.0], [447.0, 362.5], [447.5, 362.0], [447.5, 361.0], [448.0, 360.5], [449.0, 360.5], [449.5, 360.0], [450.0, 359.5], [451.0, 359.5], [452.0, 359.5], [453.0, 359.5], [454.0, 359.5], [454.5, 360.0], [455.0, 360.5], [456.0, 360.5], [457.0, 360.5], [457.5, 361.0], [458.0, 361.5], [459.0, 361.5], [460.0, 361.5], [460.5, 362.0], [461.0, 362.5], [461.5, 363.0], [462.0, 363.5], [463.0, 363.5], [464.0, 363.5], [464.5, 364.0], [465.0, 364.5], [465.5, 365.0], [466.0, 365.5], [467.0, 365.5], [468.0, 365.5], [468.5, 366.0], [469.0, 366.5], [469.5, 367.0], [470.0, 367.5], [471.0, 367.5], [472.0, 367.5], [472.5, 368.0], [473.0, 368.5], [473.5, 369.0], [474.0, 369.5], [474.5, 370.0], [474.5, 371.0], [475.0, 371.5], [475.5, 372.0], [475.5, 373.0], [475.5, 374.0], [475.5, 375.0], [475.5, 376.0], [475.5, 377.0], [475.5, 378.0], [475.5, 379.0], [475.5, 380.0], [475.5, 381.0], [475.0, 381.5], [474.5, 382.0], [474.0, 382.5], [473.5, 383.0], [473.0, 383.5], [473.0, 383.5]]]}, "properties": {"image": "9j1sqhexc5t56xub2qro_al_4_si_5_af_20.png", "iceberg_id": 7, "confidence": 0.6404500007629395}}, {"type": "Feature", "geometry": {"type": "Polygon", "coordinates": [[[51.0, 377.5], [50.0, 377.5], [49.0, 377.5], [48.5, 377.0], [48.0, 376.5], [47.0, 376.5], [46.0, 376.5], [45.0, 376.5], [44.5, 376.0], [44.0, 375.5], [43.0, 375.5], [42.5, 375.0], [42.0, 374.5], [41.5, 374.0], [41.0, 373.5], [40.5, 373.0], [40.0, 372.5], [39.5, 372.0], [39.5, 371.0], [39.5, 370.0], [40.0, 369.5], [40.5, 369.0], [41.0, 368.5], [42.0, 368.5], [43.0, 368.5], [44.0, 368.5], [45.0, 368.5], [45.5, 369.0], [46.0, 369.5], [47.0, 369.5], [48.0, 369.5], [48.5, 370.0], [49.0, 370.5], [50.0, 370.5], [50.5, 371.0], [51.0, 371.5], [51.5, 372.0], [52.0, 372.5], [52.5, 373.0], [53.0, 373.5], [53.5, 374.0], [53.5, 375.0], [53.5, 376.0], [53.0, 376.5], [52.0, 376.5], [51.5, 377.0], [51.0, 377.5], [51.0, 377.5]]]}, "properties": {"image": "9j1sqhexc5t56xub2qro_al_4_si_5_af_20.png", "iceberg_id": 8, "confidence": 0.6404500007629395}}, {"type": "Feature", "geometry": {"type": "Polygon", "coordinates": [[[85.0, 377.5], [84.0, 377.5], [83.0, 377.5], [82.0, 377.5], [81.0, 377.5], [80.5, 377.0], [80.0, 376.5], [79.0, 376.5], [78.0, 376.5], [77.0, 376.5], [76.5, 376.0], [76.0, 375.5], [75.0, 375.5], [74.0, 375.5], [73.5, 375.0], [73.5, 374.0], [73.0, 373.5], [72.5, 373.0], [73.0, 372.5], [73.5, 372.0], [74.0, 371.5], [75.0, 371.5], [75.5, 371.0], [76.0, 370.5], [77.0, 370.5], [77.5, 370.0], [78.0, 369.5], [79.0, 369.5], [80.0, 369.5], [81.0, 369.5], [82.0, 369.5], [82.5, 369.0], [83.0, 368.5], [83.5, 369.0], [84.0, 369.5], [85.0, 369.5], [86.0, 369.5], [87.0, 369.5], [87.5, 370.0], [88.0, 370.5], [88.5, 371.0], [89.0, 371.5], [89.5, 372.0], [89.5, 373.0], [89.5, 374.0], [89.5, 375.0], [89.0, 375.5], [88.5, 376.0], [88.0, 376.5], [87.0, 376.5], [86.0, 376.5], [85.5, 377.0], [85.0, 377.5], [85.0, 377.5]]]}, "properties": {"image": "9j1sqhexc5t56xub2qro_al_4_si_5_af_20.png", "iceberg_id": 9, "confidence": 0.6404500007629395}}, {"type": "Feature", "geometry": {"type": "Polygon", "coordinates": [[[409.0, 403.5], [408.0, 403.5], [407.0, 403.5], [406.5, 403.0], [406.0, 402.5], [405.0, 402.5], [404.5, 402.0], [404.0, 401.5], [403.5, 401.0], [403.0, 400.5], [402.5, 400.0], [402.5, 399.0], [402.5, 398.0], [402.5, 397.0], [402.5, 396.0], [402.5, 395.0], [403.0, 394.5], [403.5, 394.0], [404.0, 393.5], [405.0, 393.5], [406.0, 393.5], [406.5, 394.0], [407.0, 394.5], [407.5, 395.0], [408.0, 395.5], [408.5, 396.0], [409.0, 396.5], [409.5, 397.0], [409.5, 398.0], [409.5, 399.0], [410.0, 399.5], [410.5, 400.0], [410.5, 401.0], [410.5, 402.0], [410.0, 402.5], [409.5, 403.0], [409.0, 403.5], [409.0, 403.5]]]}, "properties": {"image": "9j1sqhexc5t56xub2qro_al_4_si_5_af_20.png", "iceberg_id": 10, "confidence": 0.6404500007629395}}, {"type": "Feature", "geometry": {"type": "Polygon", "coordinates": [[[335.0, 409.5], [334.0, 409.5], [333.0, 409.5], [332.0, 409.5], [331.0, 409.5], [330.0, 409.5], [329.0, 409.5], [328.0, 409.5], [327.0, 409.5], [326.5, 409.0], [326.0, 408.5], [325.0, 408.5], [324.0, 408.5], [323.5, 408.0], [323.0, 407.5], [322.0, 407.5], [321.0, 407.5], [320.5, 407.0], [320.0, 406.5], [319.5, 406.0], [319.0, 405.5], [318.0, 405.5], [317.5, 405.0], [317.5, 404.0], [317.0, 403.5], [316.5, 403.0], [316.5, 402.0], [317.0, 401.5], [317.5, 401.0], [318.0, 400.5], [319.0, 400.5], [320.0, 400.5], [321.0, 400.5], [321.5, 401.0], [322.0, 401.5], [323.0, 401.5], [324.0, 401.5], [324.5, 402.0], [325.0, 402.5], [326.0, 402.5], [326.5, 403.0], [327.0, 403.5], [328.0, 403.5], [328.5, 404.0], [329.0, 404.5], [330.0, 404.5], [330.5, 405.0], [331.0, 405.5], [332.0, 405.5], [332.5, 406.0], [333.0, 406.5], [334.0, 406.5], [334.5, 407.0], [335.0, 407.5], [335.5, 408.0], [335.5, 409.0], [335.0, 409.5], [335.0, 409.5]]]}, "properties": {"image": "9j1sqhexc5t56xub2qro_al_4_si_5_af_20.png", "iceberg_id": 11, "confidence": 0.6404500007629395}}, {"type": "Feature", "geometry": {"type": "Polygon", "coordinates": [[[375.0, 419.5], [374.0, 419.5], [373.0, 419.5], [372.0, 419.5], [371.0, 419.5], [370.0, 419.5], [369.0, 419.5], [368.0, 419.5], [367.0, 419.5], [366.5, 419.0], [366.0, 418.5], [365.0, 418.5], [364.5, 418.0], [364.0, 417.5], [363.0, 417.5], [362.5, 417.0], [362.0, 416.5], [361.5, 416.0], [361.0, 415.5], [360.5, 415.0], [360.5, 414.0], [360.5, 413.0], [360.5, 412.0], [361.0, 411.5], [362.0, 411.5], [363.0, 411.5], [363.5, 411.0], [364.0, 410.5], [365.0, 410.5], [366.0, 410.5], [367.0, 410.5], [367.5, 411.0], [368.0, 411.5], [369.0, 411.5], [370.0, 411.5], [370.5, 412.0], [371.0, 412.5], [372.0, 412.5], [372.5, 413.0], [373.0, 413.5], [373.5, 414.0], [374.0, 414.5], [374.5, 415.0], [375.0, 415.5], [375.5, 416.0], [375.5, 417.0], [375.5, 418.0], [375.5, 419.0], [375.0, 419.5], [375.0, 419.5]]]}, "properties": {"image": "9j1sqhexc5t56xub2qro_al_4_si_5_af_20.png", "iceberg_id": 12, "confidence": 0.6404500007629395}}, {"type": "Feature", "geometry": {"type": "Polygon", "coordinates": [[[92.0, 534.5], [91.0, 534.5], [90.0, 534.5], [89.0, 534.5], [88.0, 534.5], [87.5, 534.0], [87.0, 533.5], [86.0, 533.5], [85.5, 533.0], [85.0, 532.5], [84.5, 532.0], [84.0, 531.5], [83.5, 531.0], [83.0, 530.5], [82.5, 530.0], [82.5, 529.0], [83.0, 528.5], [83.5, 528.0], [83.5, 527.0], [84.0, 526.5], [85.0, 526.5], [85.5, 526.0], [86.0, 525.5], [87.0, 525.5], [88.0, 525.5], [89.0, 525.5], [90.0, 525.5], [91.0, 525.5], [92.0, 525.5], [92.5, 526.0], [93.0, 526.5], [94.0, 526.5], [94.5, 527.0], [95.0, 527.5], [95.5, 528.0], [96.0, 528.5], [96.5, 529.0], [96.5, 530.0], [96.5, 531.0], [96.5, 532.0], [96.0, 532.5], [95.5, 533.0], [95.0, 533.5], [94.0, 533.5], [93.0, 533.5], [92.5, 534.0], [92.0, 534.5], [92.0, 534.5]]]}, "properties": {"image": "9j1sqhexc5t56xub2qro_al_4_si_5_af_20.png", "iceberg_id": 13, "confidence": 0.6404500007629395}}, {"type": "Feature", "geometry": {"type": "Polygon", "coordinates": [[[131.0, 541.5], [130.0, 541.5], [129.0, 541.5], [128.5, 541.0], [128.0, 540.5], [127.0, 540.5], [126.5, 540.0], [126.0, 539.5], [125.0, 539.5], [124.5, 539.0], [124.0, 538.5], [123.5, 538.0], [123.0, 537.5], [122.0, 537.5], [121.5, 537.0], [121.0, 536.5], [120.5, 536.0], [120.0, 535.5], [119.0, 535.5], [118.5, 535.0], [118.0, 534.5], [117.5, 534.0], [117.0, 533.5], [116.5, 533.0], [117.0, 532.5], [117.5, 532.0], [118.0, 531.5], [119.0, 531.5], [120.0, 531.5], [121.0, 531.5], [122.0, 531.5], [123.0, 531.5], [124.0, 531.5], [124.5, 532.0], [125.0, 532.5], [126.0, 532.5], [127.0, 532.5], [127.5, 533.0], [128.0, 533.5], [129.0, 533.5], [129.5, 534.0], [130.0, 534.5], [130.5, 535.0], [131.0, 535.5], [131.5, 536.0], [131.5, 537.0], [132.0, 537.5], [132.5, 538.0], [132.5, 539.0], [132.5, 540.0], [132.0, 540.5], [131.5, 541.0], [131.0, 541.5], [131.0, 541.5]]]}, "properties": {"image": "9j1sqhexc5t56xub2qro_al_4_si_5_af_20.png", "iceberg_id": 14, "confidence": 0.6404500007629395}}, {"type": "Feature", "geometry": {"type": "Polygon", "coordinates": [[[46.0, 556.5], [45.0, 556.5], [44.5, 556.0], [44.0, 555.5], [43.0, 555.5], [42.5, 555.0], [42.0, 554.5], [41.5, 554.0], [41.0, 553.5], [40.5, 553.0], [40.0, 552.5], [39.5, 552.0], [39.5, 551.0], [39.0, 550.5], [38.5, 550.0], [38.5, 549.0], [39.0, 548.5], [39.5, 548.0], [40.0, 547.5], [41.0, 547.5], [42.0, 547.5], [43.0, 547.5], [44.0, 547.5], [44.5, 548.0], [45.0, 548.5], [46.0, 548.5], [46.5, 549.0], [47.0, 549.5], [48.0, 549.5], [48.5, 550.0], [48.5, 551.0], [49.0, 551.5], [49.5, 552.0], [49.5, 553.0], [49.5, 554.0], [49.0, 554.5], [48.5, 555.0], [48.0, 555.5], [47.0, 555.5], [46.5, 556.0], [46.0, 556.5], [46.0, 556.5]]]}, "properties": {"image": "9j1sqhexc5t56xub2qro_al_4_si_5_af_20.png", "iceberg_id": 15, "confidence": 0.6404500007629395}}, {"type": "Feature", "geometry": {"type": "Polygon", "coordinates": [[[424.0, 566.5], [423.5, 566.0], [423.0, 565.5], [422.0, 565.5], [421.0, 565.5], [420.5, 565.0], [420.0, 564.5], [419.5, 564.0], [419.0, 563.5], [418.0, 563.5], [417.5, 563.0], [417.5, 562.0], [417.0, 561.5], [416.5, 561.0], [416.5, 560.0], [416.5, 559.0], [416.5, 558.0], [417.0, 557.5], [418.0, 557.5], [418.5, 557.0], [419.0, 556.5], [419.5, 557.0], [420.0, 557.5], [421.0, 557.5], [422.0, 557.5], [423.0, 557.5], [423.5, 558.0], [424.0, 558.5], [425.0, 558.5], [425.5, 559.0], [426.0, 559.5], [426.5, 560.0], [426.5, 561.0], [427.0, 561.5], [427.5, 562.0], [427.5, 563.0], [427.5, 564.0], [427.0, 564.5], [426.5, 565.0], [426.0, 565.5], [425.0, 565.5], [424.5, 566.0], [424.0, 566.5], [424.0, 566.5]]]}, "properties": {"image": "9j1sqhexc5t56xub2qro_al_4_si_5_af_20.png", "iceberg_id": 16, "confidence": 0.6404500007629395}}, {"type": "Feature", "geometry": {"type": "Polygon", "coordinates": [[[391.0, 567.5], [390.0, 567.5], [389.0, 567.5], [388.5, 567.0], [388.0, 566.5], [387.0, 566.5], [386.5, 566.0], [386.0, 565.5], [385.5, 565.0], [385.5, 564.0], [385.0, 563.5], [384.5, 563.0], [384.5, 562.0], [385.0, 561.5], [385.5, 561.0], [385.5, 560.0], [386.0, 559.5], [386.5, 559.0], [387.0, 558.5], [388.0, 558.5], [389.0, 558.5], [389.5, 558.0], [390.0, 557.5], [391.0, 557.5], [392.0, 557.5], [393.0, 557.5], [394.0, 557.5], [394.5, 558.0], [395.0, 558.5], [396.0, 558.5], [397.0, 558.5], [397.5, 559.0], [398.0, 559.5], [399.0, 559.5], [399.5, 560.0], [399.5, 561.0], [399.5, 562.0], [399.0, 562.5], [398.5, 563.0], [398.0, 563.5], [397.5, 564.0], [397.0, 564.5], [396.0, 564.5], [395.5, 565.0], [395.0, 565.5], [394.0, 565.5], [393.5, 566.0], [393.0, 566.5], [392.0, 566.5], [391.5, 567.0], [391.0, 567.5], [391.0, 567.5]]]}, "properties": {"image": "9j1sqhexc5t56xub2qro_al_4_si_5_af_20.png", "iceberg_id": 17, "confidence": 0.6404500007629395}}, {"type": "Feature", "geometry": {"type": "Polygon", "coordinates": [[[30.0, 592.5], [29.0, 592.5], [28.5, 592.0], [28.0, 591.5], [27.0, 591.5], [26.5, 591.0], [26.0, 590.5], [25.0, 590.5], [24.5, 590.0], [24.0, 589.5], [23.5, 589.0], [23.0, 588.5], [22.5, 588.0], [22.0, 587.5], [21.0, 587.5], [20.5, 587.0], [20.5, 586.0], [20.0, 585.5], [19.5, 585.0], [19.5, 584.0], [19.5, 583.0], [19.5, 582.0], [20.0, 581.5], [21.0, 581.5], [22.0, 581.5], [23.0, 581.5], [24.0, 581.5], [24.5, 582.0], [25.0, 582.5], [25.5, 583.0], [26.0, 583.5], [27.0, 583.5], [27.5, 584.0], [27.5, 585.0], [28.0, 585.5], [28.5, 586.0], [29.0, 586.5], [29.5, 587.0], [30.0, 587.5], [30.5, 588.0], [30.5, 589.0], [31.0, 589.5], [31.5, 590.0], [31.5, 591.0], [31.0, 591.5], [30.5, 592.0], [30.0, 592.5], [30.0, 592.5]]]}, "properties": {"image": "9j1sqhexc5t56xub2qro_al_4_si_5_af_20.png", "iceberg_id": 18, "confidence": 0.6404500007629395}}, {"type": "Feature", "geometry": {"type": "Polygon", "coordinates": [[[477.0, 595.5], [476.0, 595.5], [475.0, 595.5], [474.5, 595.0], [474.0, 594.5], [473.0, 594.5], [472.5, 594.0], [472.0, 593.5], [471.5, 593.0], [471.0, 592.5], [470.5, 592.0], [470.0, 591.5], [469.5, 591.0], [469.0, 590.5], [468.5, 590.0], [468.5, 589.0], [468.5, 588.0], [469.0, 587.5], [469.5, 587.0], [470.0, 586.5], [471.0, 586.5], [472.0, 586.5], [473.0, 586.5], [473.5, 587.0], [474.0, 587.5], [475.0, 587.5], [475.5, 588.0], [476.0, 588.5], [476.5, 589.0], [477.0, 589.5], [477.5, 590.0], [477.5, 591.0], [478.0, 591.5], [478.5, 592.0], [478.5, 593.0], [478.0, 593.5], [477.5, 594.0], [477.5, 595.0], [477.0, 595.5], [477.0, 595.5]]]}, "properties": {"image": "9j1sqhexc5t56xub2qro_al_4_si_5_af_20.png", "iceberg_id": 19, "confidence": 0.6404500007629395}}, {"type": "Feature", "geometry": {"type": "Polygon", "coordinates": [[[45.0, 646.5], [44.0, 646.5], [43.0, 646.5], [42.0, 646.5], [41.0, 646.5], [40.0, 646.5], [39.0, 646.5], [38.0, 646.5], [37.5, 646.0], [37.0, 645.5], [36.0, 645.5], [35.0, 645.5], [34.0, 645.5], [33.5, 645.0], [33.0, 644.5], [32.5, 644.0], [32.0, 643.5], [31.0, 643.5], [30.5, 643.0], [30.0, 642.5], [29.5, 642.0], [29.0, 641.5], [28.0, 641.5], [27.5, 641.0], [27.0, 640.5], [26.0, 640.5], [25.5, 640.0], [25.0, 639.5], [24.0, 639.5], [23.5, 639.0], [23.0, 638.5], [22.5, 638.0], [22.5, 637.0], [22.0, 636.5], [21.5, 636.0], [21.5, 635.0], [21.0, 634.5], [20.5, 634.0], [20.5, 633.0], [20.0, 632.5], [19.5, 632.0], [19.5, 631.0], [19.0, 630.5], [18.5, 630.0], [18.5, 629.0], [18.5, 628.0], [18.0, 627.5], [17.5, 627.0], [17.5, 626.0], [17.5, 625.0], [17.0, 624.5], [16.5, 624.0], [16.5, 623.0], [16.5, 622.0], [16.5, 621.0], [16.5, 620.0], [16.0, 619.5], [15.5, 619.0], [15.5, 618.0], [16.0, 617.5], [16.5, 617.0], [17.0, 616.5], [17.5, 616.0], [18.0, 615.5], [19.0, 615.5], [20.0, 615.5], [21.0, 615.5], [22.0, 615.5], [23.0, 615.5], [24.0, 615.5], [25.0, 615.5], [26.0, 615.5], [26.5, 616.0], [27.0, 616.5], [27.5, 617.0], [28.0, 617.5], [28.5, 618.0], [29.0, 618.5], [29.5, 619.0], [30.0, 619.5], [30.5, 620.0], [31.0, 620.5], [31.5, 621.0], [32.0, 621.5], [32.5, 622.0], [33.0, 622.5], [33.5, 623.0], [34.0, 623.5], [34.5, 624.0], [35.0, 624.5], [35.5, 625.0], [36.0, 625.5], [36.5, 626.0], [37.0, 626.5], [37.5, 627.0], [38.0, 627.5], [38.5, 628.0], [39.0, 628.5], [39.5, 629.0], [40.0, 629.5], [40.5, 630.0], [41.0, 630.5], [41.5, 631.0], [42.0, 631.5], [42.5, 632.0], [43.0, 632.5], [43.5, 633.0], [44.0, 633.5], [44.5, 634.0], [45.0, 634.5], [45.5, 635.0], [45.5, 636.0], [46.0, 636.5], [46.5, 637.0], [46.5, 638.0], [47.0, 638.5], [47.5, 639.0], [47.5, 640.0], [47.5, 641.0], [47.5, 642.0], [47.5, 643.0], [47.5, 644.0], [47.0, 644.5], [46.5, 645.0], [46.0, 645.5], [45.5, 646.0], [45.0, 646.5], [45.0, 646.5]]]}, "properties": {"image": "9j1sqhexc5t56xub2qro_al_4_si_5_af_20.png", "iceberg_id": 20, "confidence": 0.6404500007629395}}, {"type": "Feature", "geometry": {"type": "Polygon", "coordinates": [[[559.0, 633.5], [558.0, 633.5], [557.0, 633.5], [556.0, 633.5], [555.0, 633.5], [554.0, 633.5], [553.0, 633.5], [552.5, 633.0], [552.0, 632.5], [551.0, 632.5], [550.5, 632.0], [550.0, 631.5], [549.0, 631.5], [548.5, 631.0], [548.0, 630.5], [547.5, 630.0], [547.0, 629.5], [546.5, 629.0], [546.5, 628.0], [546.0, 627.5], [545.5, 627.0], [545.5, 626.0], [545.5, 625.0], [545.5, 624.0], [546.0, 623.5], [546.5, 623.0], [547.0, 622.5], [547.5, 622.0], [548.0, 621.5], [548.5, 621.0], [549.0, 620.5], [549.5, 620.0], [550.0, 619.5], [551.0, 619.5], [551.5, 619.0], [552.0, 618.5], [553.0, 618.5], [553.5, 618.0], [554.0, 617.5], [554.5, 618.0], [555.0, 618.5], [555.5, 618.0], [556.0, 617.5], [557.0, 617.5], [558.0, 617.5], [558.5, 617.0], [559.0, 616.5], [560.0, 616.5], [561.0, 616.5], [561.5, 617.0], [562.0, 617.5], [563.0, 617.5], [564.0, 617.5], [564.5, 618.0], [565.0, 618.5], [565.5, 619.0], [566.0, 619.5], [566.5, 620.0], [567.0, 620.5], [567.5, 621.0], [568.0, 621.5], [568.5, 622.0], [569.0, 622.5], [569.5, 623.0], [570.0, 623.5], [570.5, 624.0], [570.5, 625.0], [571.0, 625.5], [571.5, 626.0], [571.5, 627.0], [571.0, 627.5], [570.5, 628.0], [570.0, 628.5], [569.5, 629.0], [569.0, 629.5], [568.0, 629.5], [567.5, 630.0], [567.0, 630.5], [566.0, 630.5], [565.5, 631.0], [565.0, 631.5], [564.0, 631.5], [563.0, 631.5], [562.5, 632.0], [562.0, 632.5], [561.0, 632.5], [560.0, 632.5], [559.5, 633.0], [559.0, 633.5], [559.0, 633.5]]]}, "properties": {"image": "9j1sqhexc5t56xub2qro_al_4_si_5_af_20.png", "iceberg_id": 21, "confidence": 0.6404500007629395}}, {"type": "Feature", "geometry": {"type": "Polygon", "coordinates": [[[528.0, 644.5], [527.0, 644.5], [526.0, 644.5], [525.5, 644.0], [525.0, 643.5], [524.0, 643.5], [523.0, 643.5], [522.5, 643.0], [522.0, 642.5], [521.5, 642.0], [521.0, 641.5], [520.5, 641.0], [520.0, 640.5], [519.5, 640.0], [519.5, 639.0], [519.5, 638.0], [519.5, 637.0], [519.5, 636.0], [520.0, 635.5], [520.5, 635.0], [521.0, 634.5], [521.5, 634.0], [522.0, 633.5], [523.0, 633.5], [524.0, 633.5], [524.5, 634.0], [525.0, 634.5], [526.0, 634.5], [526.5, 635.0], [527.0, 635.5], [528.0, 635.5], [528.5, 636.0], [529.0, 636.5], [529.5, 637.0], [530.0, 637.5], [530.5, 638.0], [530.5, 639.0], [531.0, 639.5], [531.5, 640.0], [531.5, 641.0], [531.5, 642.0], [531.0, 642.5], [530.5, 643.0], [530.0, 643.5], [529.0, 643.5], [528.5, 644.0], [528.0, 644.5], [528.0, 644.5]]]}, "properties": {"image": "9j1sqhexc5t56xub2qro_al_4_si_5_af_20.png", "iceberg_id": 22, "confidence": 0.6404500007629395}}, {"type": "Feature", "geometry": {"type": "Polygon", "coordinates": [[[537.5, 675.0], [537.5, 674.0], [538.0, 673.5], [538.5, 673.0], [539.0, 672.5], [539.5, 672.0], [540.0, 671.5], [540.5, 671.0], [541.0, 670.5], [541.5, 670.0], [542.0, 669.5], [542.5, 669.0], [543.0, 668.5], [543.5, 668.0], [544.0, 667.5], [544.5, 667.0], [545.0, 666.5], [546.0, 666.5], [547.0, 666.5], [547.5, 667.0], [548.0, 667.5], [549.0, 667.5], [550.0, 667.5], [550.5, 668.0], [551.0, 668.5], [552.0, 668.5], [553.0, 668.5], [554.0, 668.5], [554.5, 669.0], [555.0, 669.5], [556.0, 669.5], [556.5, 670.0], [557.0, 670.5], [557.5, 671.0], [558.0, 671.5], [558.5, 672.0], [559.0, 672.5], [559.5, 673.0], [559.5, 674.0], [560.0, 674.5], [560.5, 675.0], [537.5, 675.0]]]}, "properties": {"image": "9j1sqhexc5t56xub2qro_al_4_si_5_af_20.png", "iceberg_id": 23, "confidence": 0.6404500007629395}}, {"type": "Feature", "geometry": {"type": "Polygon", "coordinates": [[[319.0, 197.5], [318.0, 197.5], [317.0, 197.5], [316.0, 197.5], [315.0, 197.5], [314.5, 197.0], [314.0, 196.5], [313.5, 197.0], [313.0, 197.5], [312.5, 197.0], [312.0, 196.5], [311.5, 196.0], [311.0, 195.5], [310.0, 195.5], [309.5, 195.0], [310.0, 194.5], [311.0, 194.5], [311.5, 194.0], [312.0, 193.5], [312.5, 194.0], [313.0, 194.5], [313.5, 194.0], [314.0, 193.5], [314.5, 194.0], [315.0, 194.5], [316.0, 194.5], [316.5, 195.0], [317.0, 195.5], [318.0, 195.5], [318.5, 196.0], [319.0, 196.5], [319.5, 196.0], [320.0, 195.5], [320.5, 196.0], [320.0, 196.5], [319.5, 197.0], [319.0, 197.5], [319.0, 197.5]]]}, "properties": {"image": "d7ll5p9to508i1hsifrl_al_3_si_4_af_20.png", "iceberg_id": 0, "confidence": 0.6405922174453735}}, {"type": "Feature", "geometry": {"type": "Polygon", "coordinates": [[[675.0, 234.5], [674.0, 234.5], [673.5, 235.0], [673.0, 235.5], [672.5, 235.0], [672.0, 234.5], [671.0, 234.5], [670.0, 234.5], [669.0, 234.5], [668.0, 234.5], [667.0, 234.5], [666.0, 234.5], [665.0, 234.5], [664.0, 234.5], [663.5, 234.0], [663.0, 233.5], [662.0, 233.5], [661.0, 233.5], [660.0, 233.5], [659.0, 233.5], [658.5, 233.0], [658.0, 232.5], [657.0, 232.5], [656.0, 232.5], [655.5, 232.0], [655.0, 231.5], [654.5, 231.0], [654.5, 230.0], [654.5, 229.0], [655.0, 228.5], [655.5, 228.0], [656.0, 227.5], [657.0, 227.5], [658.0, 227.5], [658.5, 227.0], [659.0, 226.5], [660.0, 226.5], [661.0, 226.5], [662.0, 226.5], [663.0, 226.5], [664.0, 226.5], [665.0, 226.5], [666.0, 226.5], [667.0, 226.5], [668.0, 226.5], [669.0, 226.5], [670.0, 226.5], [670.5, 227.0], [671.0, 227.5], [672.0, 227.5], [673.0, 227.5], [674.0, 227.5], [674.5, 228.0], [675.0, 228.5], [675.0, 234.5]]]}, "properties": {"image": "d7ll5p9to508i1hsifrl_al_3_si_4_af_20.png", "iceberg_id": 1, "confidence": 0.6405922174453735}}, {"type": "Feature", "geometry": {"type": "Polygon", "coordinates": [[[645.0, 245.5], [644.0, 245.5], [643.0, 245.5], [642.0, 245.5], [641.0, 245.5], [640.0, 245.5], [639.0, 245.5], [638.0, 245.5], [637.0, 245.5], [636.0, 245.5], [635.0, 245.5], [634.0, 245.5], [633.0, 245.5], [632.5, 245.0], [632.0, 244.5], [631.0, 244.5], [630.0, 244.5], [629.5, 244.0], [629.0, 243.5], [628.0, 243.5], [627.0, 243.5], [626.5, 243.0], [626.0, 242.5], [625.5, 242.0], [625.0, 241.5], [624.5, 241.0], [624.5, 240.0], [624.5, 239.0], [624.5, 238.0], [625.0, 237.5], [625.5, 237.0], [626.0, 236.5], [627.0, 236.5], [627.5, 236.0], [628.0, 235.5], [629.0, 235.5], [630.0, 235.5], [631.0, 235.5], [632.0, 235.5], [633.0, 235.5], [633.5, 235.0], [634.0, 234.5], [635.0, 234.5], [636.0, 234.5], [637.0, 234.5], [638.0, 234.5], [639.0, 234.5], [640.0, 234.5], [641.0, 234.5], [642.0, 234.5], [643.0, 234.5], [644.0, 234.5], [645.0, 234.5], [646.0, 234.5], [647.0, 234.5], [648.0, 234.5], [649.0, 234.5], [649.5, 235.0], [650.0, 235.5], [651.0, 235.5], [652.0, 235.5], [652.5, 236.0], [652.5, 237.0], [653.0, 237.5], [653.5, 238.0], [653.5, 239.0], [653.5, 240.0], [653.5, 241.0], [653.0, 241.5], [652.5, 242.0], [652.0, 242.5], [651.5, 243.0], [651.0, 243.5], [650.0, 243.5], [649.5, 244.0], [649.0, 244.5], [648.0, 244.5], [647.0, 244.5], [646.0, 244.5], [645.5, 245.0], [645.0, 245.5], [645.0, 245.5]]]}, "properties": {"image": "d7ll5p9to508i1hsifrl_al_3_si_4_af_20.png", "iceberg_id": 2, "confidence": 0.6405922174453735}}, {"type": "Feature", "geometry": {"type": "Polygon", "coordinates": [[[611.0, 301.5], [610.0, 301.5], [609.0, 301.5], [608.0, 301.5], [607.0, 301.5], [606.0, 301.5], [605.0, 301.5], [604.5, 301.0], [604.0, 300.5], [603.0, 300.5], [602.0, 300.5], [601.0, 300.5], [600.0, 300.5], [599.5, 300.0], [599.0, 299.5], [598.0, 299.5], [597.0, 299.5], [596.5, 299.0], [596.0, 298.5], [595.0, 298.5], [594.5, 298.0], [594.0, 297.5], [593.5, 297.0], [593.5, 296.0], [593.5, 295.0], [593.5, 294.0], [594.0, 293.5], [595.0, 293.5], [595.5, 293.0], [596.0, 292.5], [597.0, 292.5], [597.5, 292.0], [598.0, 291.5], [599.0, 291.5], [600.0, 291.5], [600.5, 291.0], [601.0, 290.5], [602.0, 290.5], [603.0, 290.5], [604.0, 290.5], [605.0, 290.5], [606.0, 290.5], [607.0, 290.5], [608.0, 290.5], [609.0, 290.5], [610.0, 290.5], [611.0, 290.5], [611.5, 290.0], [612.0, 289.5], [612.5, 290.0], [613.0, 290.5], [614.0, 290.5], [615.0, 290.5], [616.0, 290.5], [617.0, 290.5], [618.0, 290.5], [618.5, 291.0], [619.0, 291.5], [620.0, 291.5], [620.5, 292.0], [621.0, 292.5], [621.5, 293.0], [621.5, 294.0], [621.5, 295.0], [621.0, 295.5], [620.5, 296.0], [620.0, 296.5], [619.5, 297.0], [619.0, 297.5], [618.5, 298.0], [618.0, 298.5], [617.5, 299.0], [617.0, 299.5], [616.0, 299.5], [615.0, 299.5], [614.5, 300.0], [614.0, 300.5], [613.0, 300.5], [612.0, 300.5], [611.5, 301.0], [611.0, 301.5], [611.0, 301.5]]]}, "properties": {"image": "d7ll5p9to508i1hsifrl_al_3_si_4_af_20.png", "iceberg_id": 3, "confidence": 0.6405922174453735}}, {"type": "Feature", "geometry": {"type": "Polygon", "coordinates": [[[58.0, 326.5], [57.0, 326.5], [56.0, 326.5], [55.0, 326.5], [54.0, 326.5], [53.5, 326.0], [53.0, 325.5], [52.0, 325.5], [51.5, 325.0], [51.5, 324.0], [51.0, 323.5], [50.5, 323.0], [51.0, 322.5], [51.5, 322.0], [52.0, 321.5], [53.0, 321.5], [54.0, 321.5], [55.0, 321.5], [56.0, 321.5], [57.0, 321.5], [58.0, 321.5], [59.0, 321.5], [59.5, 322.0], [60.0, 322.5], [60.5, 323.0], [60.5, 324.0], [60.0, 324.5], [59.5, 325.0], [59.0, 325.5], [58.5, 326.0], [58.0, 326.5], [58.0, 326.5]]]}, "properties": {"image": "d7ll5p9to508i1hsifrl_al_3_si_4_af_20.png", "iceberg_id": 4, "confidence": 0.6405922174453735}}, {"type": "Feature", "geometry": {"type": "Polygon", "coordinates": [[[378.0, 348.5], [377.0, 348.5], [376.0, 348.5], [375.0, 348.5], [374.0, 348.5], [373.0, 348.5], [372.0, 348.5], [371.0, 348.5], [370.0, 348.5], [369.0, 348.5], [368.5, 348.0], [368.0, 347.5], [367.0, 347.5], [366.5, 347.0], [366.0, 346.5], [365.5, 346.0], [365.0, 345.5], [364.5, 345.0], [364.5, 344.0], [365.0, 343.5], [365.5, 343.0], [366.0, 342.5], [366.5, 342.0], [367.0, 341.5], [368.0, 341.5], [368.5, 341.0], [369.0, 340.5], [369.5, 340.0], [370.0, 339.5], [371.0, 339.5], [372.0, 339.5], [372.5, 339.0], [373.0, 338.5], [374.0, 338.5], [375.0, 338.5], [376.0, 338.5], [377.0, 338.5], [378.0, 338.5], [379.0, 338.5], [379.5, 339.0], [380.0, 339.5], [380.5, 340.0], [381.0, 340.5], [381.5, 341.0], [382.0, 341.5], [382.5, 342.0], [382.5, 343.0], [382.5, 344.0], [382.5, 345.0], [382.0, 345.5], [381.5, 346.0], [381.0, 346.5], [380.5, 347.0], [380.0, 347.5], [379.0, 347.5], [378.5, 348.0], [378.0, 348.5], [378.0, 348.5]]]}, "properties": {"image": "d7ll5p9to508i1hsifrl_al_3_si_4_af_20.png", "iceberg_id": 5, "confidence": 0.6405922174453735}}, {"type": "Feature", "geometry": {"type": "Polygon", "coordinates": [[[106.0, 392.5], [105.0, 392.5], [104.0, 392.5], [103.0, 392.5], [102.0, 392.5], [101.0, 392.5], [100.0, 392.5], [99.0, 392.5], [98.5, 392.0], [98.0, 391.5], [97.0, 391.5], [96.0, 391.5], [95.5, 391.0], [95.0, 390.5], [94.0, 390.5], [93.5, 390.0], [93.0, 389.5], [92.0, 389.5], [91.0, 389.5], [90.5, 389.0], [90.0, 388.5], [89.5, 388.0], [89.0, 387.5], [88.5, 387.0], [88.0, 386.5], [87.5, 386.0], [87.0, 385.5], [86.5, 385.0], [86.5, 384.0], [86.5, 383.0], [86.5, 382.0], [86.5, 381.0], [87.0, 380.5], [87.5, 380.0], [87.5, 379.0], [88.0, 378.5], [89.0, 378.5], [89.5, 378.0], [90.0, 377.5], [91.0, 377.5], [92.0, 377.5], [92.5, 377.0], [93.0, 376.5], [94.0, 376.5], [95.0, 376.5], [96.0, 376.5], [97.0, 376.5], [98.0, 376.5], [99.0, 376.5], [99.5, 376.0], [100.0, 375.5], [101.0, 375.5], [101.5, 375.0], [102.0, 374.5], [102.5, 374.0], [103.0, 373.5], [103.5, 373.0], [103.5, 372.0], [103.5, 371.0], [103.5, 370.0], [104.0, 369.5], [104.5, 369.0], [105.0, 368.5], [105.5, 368.0], [106.0, 367.5], [107.0, 367.5], [108.0, 367.5], [108.5, 367.0], [109.0, 366.5], [109.5, 366.0], [110.0, 365.5], [111.0, 365.5], [111.5, 365.0], [112.0, 364.5], [113.0, 364.5], [113.5, 364.0], [114.0, 363.5], [115.0, 363.5], [116.0, 363.5], [116.5, 363.0], [117.0, 362.5], [118.0, 362.5], [119.0, 362.5], [119.5, 362.0], [120.0, 361.5], [120.5, 362.0], [121.0, 362.5], [121.5, 362.0], [122.0, 361.5], [123.0, 361.5], [124.0, 361.5], [125.0, 361.5], [125.5, 361.0], [126.0, 360.5], [127.0, 360.5], [128.0, 360.5], [129.0, 360.5], [130.0, 360.5], [131.0, 360.5], [131.5, 361.0], [132.0, 361.5], [132.5, 362.0], [133.0, 362.5], [134.0, 362.5], [134.5, 363.0], [134.5, 364.0], [135.0, 364.5], [135.5, 365.0], [135.5, 366.0], [135.5, 367.0], [135.0, 367.5], [134.5, 368.0], [134.5, 369.0], [134.5, 370.0], [134.5, 371.0], [134.5, 372.0], [134.0, 372.5], [133.5, 373.0], [133.5, 374.0], [133.5, 375.0], [133.0, 375.5], [132.5, 376.0], [132.5, 377.0], [132.0, 377.5], [131.5, 378.0], [131.0, 378.5], [130.5, 379.0], [130.0, 379.5], [129.5, 380.0], [129.0, 380.5], [128.5, 381.0], [128.0, 381.5], [127.0, 381.5], [126.5, 382.0], [126.0, 382.5], [125.5, 383.0], [125.0, 383.5], [124.5, 384.0], [124.0, 384.5], [123.0, 384.5], [122.5, 385.0], [122.0, 385.5], [121.0, 385.5], [120.5, 386.0], [120.0, 386.5], [119.0, 386.5], [118.5, 387.0], [118.0, 387.5], [117.0, 387.5], [116.5, 388.0], [116.0, 388.5], [115.0, 388.5], [114.5, 389.0], [114.0, 389.5], [113.0, 389.5], [112.5, 390.0], [112.0, 390.5], [111.0, 390.5], [110.0, 390.5], [109.5, 391.0], [109.0, 391.5], [108.0, 391.5], [107.0, 391.5], [106.5, 392.0], [106.0, 392.5], [106.0, 392.5]]]}, "properties": {"image": "d7ll5p9to508i1hsifrl_al_3_si_4_af_20.png", "iceberg_id": 6, "confidence": 0.6405922174453735}}, {"type": "Feature", "geometry": {"type": "Polygon", "coordinates": [[[201.0, 399.5], [200.0, 399.5], [199.0, 399.5], [198.0, 399.5], [197.0, 399.5], [196.5, 399.0], [196.0, 398.5], [195.0, 398.5], [194.0, 398.5], [193.5, 398.0], [193.0, 397.5], [192.0, 397.5], [191.5, 397.0], [191.0, 396.5], [190.5, 396.0], [190.0, 395.5], [189.0, 395.5], [188.5, 395.0], [188.0, 394.5], [187.5, 394.0], [187.5, 393.0], [187.5, 392.0], [187.5, 391.0], [188.0, 390.5], [189.0, 390.5], [189.5, 390.0], [190.0, 389.5], [190.5, 390.0], [191.0, 390.5], [192.0, 390.5], [193.0, 390.5], [193.5, 391.0], [194.0, 391.5], [195.0, 391.5], [196.0, 391.5], [196.5, 392.0], [197.0, 392.5], [197.5, 393.0], [198.0, 393.5], [199.0, 393.5], [199.5, 394.0], [200.0, 394.5], [200.5, 395.0], [201.0, 395.5], [201.5, 396.0], [201.5, 397.0], [202.0, 397.5], [202.5, 398.0], [202.0, 398.5], [201.5, 399.0], [201.0, 399.5], [201.0, 399.5]]]}, "properties": {"image": "d7ll5p9to508i1hsifrl_al_3_si_4_af_20.png", "iceberg_id": 7, "confidence": 0.6405922174453735}}, {"type": "Feature", "geometry": {"type": "Polygon", "coordinates": [[[589.0, 433.5], [588.0, 433.5], [587.0, 433.5], [586.0, 433.5], [585.0, 433.5], [584.0, 433.5], [583.0, 433.5], [582.0, 433.5], [581.0, 433.5], [580.0, 433.5], [579.0, 433.5], [578.0, 433.5], [577.0, 433.5], [576.0, 433.5], [575.0, 433.5], [574.5, 433.0], [574.0, 432.5], [573.0, 432.5], [572.0, 432.5], [571.0, 432.5], [570.0, 432.5], [569.5, 432.0], [569.0, 431.5], [568.0, 431.5], [567.0, 431.5], [566.5, 431.0], [566.0, 430.5], [565.0, 430.5], [564.0, 430.5], [563.5, 430.0], [563.0, 429.5], [562.0, 429.5], [561.5, 429.0], [561.0, 428.5], [560.5, 428.0], [560.0, 427.5], [559.5, 427.0], [559.0, 426.5], [558.5, 426.0], [558.5, 425.0], [558.5, 424.0], [559.0, 423.5], [559.5, 423.0], [559.5, 422.0], [560.0, 421.5], [561.0, 421.5], [561.5, 421.0], [562.0, 420.5], [563.0, 420.5], [563.5, 420.0], [564.0, 419.5], [565.0, 419.5], [566.0, 419.5], [567.0, 419.5], [568.0, 419.5], [569.0, 419.5], [570.0, 419.5], [571.0, 419.5], [572.0, 419.5], [573.0, 419.5], [573.5, 419.0], [574.0, 418.5], [575.0, 418.5], [576.0, 418.5], [577.0, 418.5], [577.5, 418.0], [578.0, 417.5], [579.0, 417.5], [580.0, 417.5], [581.0, 417.5], [582.0, 417.5], [582.5, 417.0], [583.0, 416.5], [584.0, 416.5], [585.0, 416.5], [586.0, 416.5], [587.0, 416.5], [587.5, 417.0], [588.0, 417.5], [589.0, 417.5], [590.0, 417.5], [591.0, 417.5], [592.0, 417.5], [593.0, 417.5], [594.0, 417.5], [595.0, 417.5], [596.0, 417.5], [596.5, 418.0], [597.0, 418.5], [598.0, 418.5], [599.0, 418.5], [600.0, 418.5], [601.0, 418.5], [601.5, 419.0], [602.0, 419.5], [603.0, 419.5], [604.0, 419.5], [605.0, 419.5], [606.0, 419.5], [606.5, 420.0], [607.0, 420.5], [608.0, 420.5], [609.0, 420.5], [609.5, 421.0], [610.0, 421.5], [611.0, 421.5], [612.0, 421.5], [612.5, 422.0], [613.0, 422.5], [614.0, 422.5], [615.0, 422.5], [615.5, 423.0], [616.0, 423.5], [616.5, 424.0], [617.0, 424.5], [617.5, 425.0], [617.5, 426.0], [617.0, 426.5], [616.5, 427.0], [616.0, 427.5], [615.0, 427.5], [614.5, 428.0], [614.0, 428.5], [613.0, 428.5], [612.5, 429.0], [612.0, 429.5], [611.0, 429.5], [610.0, 429.5], [609.0, 429.5], [608.5, 430.0], [608.0, 430.5], [607.0, 430.5], [606.0, 430.5], [605.0, 430.5], [604.0, 430.5], [603.5, 431.0], [603.0, 431.5], [602.0, 431.5], [601.0, 431.5], [600.0, 431.5], [599.0, 431.5], [598.0, 431.5], [597.0, 431.5], [596.5, 432.0], [596.0, 432.5], [595.0, 432.5], [594.0, 432.5], [593.0, 432.5], [592.0, 432.5], [591.0, 432.5], [590.0, 432.5], [589.5, 433.0], [589.0, 433.5], [589.0, 433.5]]]}, "properties": {"image": "d7ll5p9to508i1hsifrl_al_3_si_4_af_20.png", "iceberg_id": 8, "confidence": 0.6405922174453735}}, {"type": "Feature", "geometry": {"type": "Polygon", "coordinates": [[[95.0, 463.5], [94.5, 463.0], [94.0, 462.5], [93.5, 463.0], [93.0, 463.5], [92.5, 463.0], [92.0, 462.5], [91.0, 462.5], [90.0, 462.5], [89.5, 462.0], [90.0, 461.5], [91.0, 461.5], [91.5, 461.0], [92.0, 460.5], [93.0, 460.5], [94.0, 460.5], [95.0, 460.5], [96.0, 460.5], [96.5, 461.0], [96.5, 462.0], [96.0, 462.5], [95.5, 463.0], [95.0, 463.5], [95.0, 463.5]]]}, "properties": {"image": "d7ll5p9to508i1hsifrl_al_3_si_4_af_20.png", "iceberg_id": 9, "confidence": 0.6405922174453735}}, {"type": "Feature", "geometry": {"type": "Polygon", "coordinates": [[[252.0, 506.5], [251.0, 506.5], [250.0, 506.5], [249.0, 506.5], [248.0, 506.5], [247.0, 506.5], [246.0, 506.5], [245.0, 506.5], [244.0, 506.5], [243.0, 506.5], [242.0, 506.5], [241.5, 506.0], [241.0, 505.5], [240.0, 505.5], [239.0, 505.5], [238.5, 505.0], [238.0, 504.5], [237.5, 504.0], [237.0, 503.5], [236.5, 503.0], [236.0, 502.5], [235.5, 502.0], [235.0, 501.5], [234.5, 501.0], [234.5, 500.0], [234.5, 499.0], [234.5, 498.0], [235.0, 497.5], [235.5, 497.0], [235.5, 496.0], [236.0, 495.5], [237.0, 495.5], [237.5, 495.0], [238.0, 494.5], [239.0, 494.5], [240.0, 494.5], [241.0, 494.5], [242.0, 494.5], [243.0, 494.5], [244.0, 494.5], [245.0, 494.5], [246.0, 494.5], [247.0, 494.5], [248.0, 494.5], [249.0, 494.5], [250.0, 494.5], [251.0, 494.5], [252.0, 494.5], [252.5, 495.0], [253.0, 495.5], [254.0, 495.5], [255.0, 495.5], [255.5, 496.0], [256.0, 496.5], [257.0, 496.5], [257.5, 497.0], [258.0, 497.5], [258.5, 498.0], [259.0, 498.5], [259.5, 499.0], [260.0, 499.5], [260.5, 500.0], [261.0, 500.5], [261.5, 501.0], [261.0, 501.5], [260.5, 502.0], [260.5, 503.0], [260.0, 503.5], [259.5, 504.0], [259.0, 504.5], [258.0, 504.5], [257.5, 505.0], [257.0, 505.5], [256.0, 505.5], [255.0, 505.5], [254.0, 505.5], [253.0, 505.5], [252.5, 506.0], [252.0, 506.5], [252.0, 506.5]]]}, "properties": {"image": "d7ll5p9to508i1hsifrl_al_3_si_4_af_20.png", "iceberg_id": 10, "confidence": 0.6405922174453735}}, {"type": "Feature", "geometry": {"type": "Polygon", "coordinates": [[[505.0, 543.5], [504.0, 543.5], [503.0, 543.5], [502.0, 543.5], [501.0, 543.5], [500.0, 543.5], [499.0, 543.5], [498.0, 543.5], [497.0, 543.5], [496.0, 543.5], [495.0, 543.5], [494.0, 543.5], [493.0, 543.5], [492.0, 543.5], [491.0, 543.5], [490.0, 543.5], [489.5, 543.0], [489.0, 542.5], [488.0, 542.5], [487.5, 542.0], [487.0, 541.5], [486.5, 541.0], [486.0, 540.5], [485.0, 540.5], [484.5, 540.0], [484.0, 539.5], [483.5, 539.0], [483.5, 538.0], [483.0, 537.5], [482.5, 537.0], [482.5, 536.0], [482.5, 535.0], [482.5, 534.0], [482.5, 533.0], [482.5, 532.0], [482.5, 531.0], [482.5, 530.0], [483.0, 529.5], [483.5, 529.0], [483.5, 528.0], [484.0, 527.5], [484.5, 527.0], [485.0, 526.5], [485.5, 526.0], [486.0, 525.5], [487.0, 525.5], [487.5, 525.0], [488.0, 524.5], [489.0, 524.5], [489.5, 524.0], [490.0, 523.5], [491.0, 523.5], [491.5, 523.0], [492.0, 522.5], [493.0, 522.5], [494.0, 522.5], [494.5, 522.0], [495.0, 521.5], [496.0, 521.5], [497.0, 521.5], [498.0, 521.5], [498.5, 521.0], [499.0, 520.5], [500.0, 520.5], [501.0, 520.5], [502.0, 520.5], [503.0, 520.5], [503.5, 520.0], [504.0, 519.5], [505.0, 519.5], [506.0, 519.5], [507.0, 519.5], [508.0, 519.5], [509.0, 519.5], [510.0, 519.5], [511.0, 519.5], [512.0, 519.5], [513.0, 519.5], [514.0, 519.5], [514.5, 520.0], [515.0, 520.5], [516.0, 520.5], [517.0, 520.5], [517.5, 521.0], [518.0, 521.5], [519.0, 521.5], [520.0, 521.5], [521.0, 521.5], [521.5, 522.0], [522.0, 522.5], [523.0, 522.5], [524.0, 522.5], [524.5, 523.0], [525.0, 523.5], [526.0, 523.5], [527.0, 523.5], [527.5, 524.0], [528.0, 524.5], [529.0, 524.5], [529.5, 525.0], [530.0, 525.5], [530.5, 526.0], [531.0, 526.5], [531.5, 527.0], [532.0, 527.5], [532.5, 528.0], [532.5, 529.0], [532.5, 530.0], [532.5, 531.0], [532.0, 531.5], [531.5, 532.0], [531.0, 532.5], [530.0, 532.5], [529.5, 533.0], [529.0, 533.5], [528.5, 534.0], [528.0, 534.5], [527.0, 534.5], [526.5, 535.0], [526.0, 535.5], [525.0, 535.5], [524.5, 536.0], [524.0, 536.5], [523.5, 537.0], [523.0, 537.5], [522.0, 537.5], [521.5, 538.0], [521.0, 538.5], [520.0, 538.5], [519.5, 539.0], [519.0, 539.5], [518.0, 539.5], [517.0, 539.5], [516.5, 540.0], [516.0, 540.5], [515.0, 540.5], [514.0, 540.5], [513.5, 541.0], [513.0, 541.5], [512.0, 541.5], [511.0, 541.5], [510.5, 542.0], [510.0, 542.5], [509.0, 542.5], [508.0, 542.5], [507.0, 542.5], [506.0, 542.5], [505.5, 543.0], [505.0, 543.5], [505.0, 543.5]]]}, "properties": {"image": "d7ll5p9to508i1hsifrl_al_3_si_4_af_20.png", "iceberg_id": 11, "confidence": 0.6405922174453735}}, {"type": "Feature", "geometry": {"type": "Polygon", "coordinates": [[[397.0, 553.5], [396.0, 553.5], [395.0, 553.5], [394.0, 553.5], [393.0, 553.5], [392.0, 553.5], [391.0, 553.5], [390.0, 553.5], [389.0, 553.5], [388.0, 553.5], [387.0, 553.5], [386.0, 553.5], [385.0, 553.5], [384.5, 553.0], [384.0, 552.5], [383.0, 552.5], [382.5, 552.0], [382.0, 551.5], [381.0, 551.5], [380.0, 551.5], [379.5, 551.0], [379.0, 550.5], [378.5, 550.0], [378.0, 549.5], [377.5, 549.0], [377.0, 548.5], [376.5, 548.0], [376.0, 547.5], [375.5, 547.0], [375.5, 546.0], [375.5, 545.0], [375.5, 544.0], [376.0, 543.5], [376.5, 543.0], [377.0, 542.5], [377.5, 542.0], [378.0, 541.5], [379.0, 541.5], [380.0, 541.5], [381.0, 541.5], [382.0, 541.5], [383.0, 541.5], [384.0, 541.5], [385.0, 541.5], [386.0, 541.5], [386.5, 542.0], [387.0, 542.5], [388.0, 542.5], [389.0, 542.5], [390.0, 542.5], [390.5, 543.0], [391.0, 543.5], [392.0, 543.5], [393.0, 543.5], [394.0, 543.5], [394.5, 544.0], [395.0, 544.5], [396.0, 544.5], [397.0, 544.5], [397.5, 545.0], [398.0, 545.5], [399.0, 545.5], [400.0, 545.5], [400.5, 546.0], [401.0, 546.5], [402.0, 546.5], [403.0, 546.5], [403.5, 547.0], [404.0, 547.5], [405.0, 547.5], [405.5, 548.0], [406.0, 548.5], [406.5, 549.0], [406.5, 550.0], [406.0, 550.5], [405.5, 551.0], [405.0, 551.5], [404.0, 551.5], [403.0, 551.5], [402.5, 552.0], [402.0, 552.5], [401.0, 552.5], [400.0, 552.5], [399.0, 552.5], [398.0, 552.5], [397.5, 553.0], [397.0, 553.5], [397.0, 553.5]]]}, "properties": {"image": "d7ll5p9to508i1hsifrl_al_3_si_4_af_20.png", "iceberg_id": 12, "confidence": 0.6405922174453735}}, {"type": "Feature", "geometry": {"type": "Polygon", "coordinates": [[[151.0, 653.5], [150.0, 653.5], [149.0, 653.5], [148.0, 653.5], [147.0, 653.5], [146.0, 653.5], [145.0, 653.5], [144.0, 653.5], [143.0, 653.5], [142.0, 653.5], [141.0, 653.5], [140.0, 653.5], [139.0, 653.5], [138.0, 653.5], [137.0, 653.5], [136.0, 653.5], [135.0, 653.5], [134.5, 653.0], [134.0, 652.5], [133.0, 652.5], [132.0, 652.5], [131.5, 652.0], [131.0, 651.5], [130.0, 651.5], [129.0, 651.5], [128.5, 651.0], [128.0, 650.5], [127.5, 650.0], [127.0, 649.5], [126.5, 649.0], [127.0, 648.5], [127.5, 648.0], [127.5, 647.0], [128.0, 646.5], [128.5, 646.0], [129.0, 645.5], [130.0, 645.5], [130.5, 645.0], [131.0, 644.5], [132.0, 644.5], [133.0, 644.5], [133.5, 644.0], [134.0, 643.5], [135.0, 643.5], [136.0, 643.5], [136.5, 643.0], [137.0, 642.5], [138.0, 642.5], [139.0, 642.5], [140.0, 642.5], [141.0, 642.5], [142.0, 642.5], [143.0, 642.5], [144.0, 642.5], [145.0, 642.5], [145.5, 643.0], [146.0, 643.5], [147.0, 643.5], [148.0, 643.5], [148.5, 644.0], [149.0, 644.5], [150.0, 644.5], [150.5, 645.0], [151.0, 645.5], [151.5, 646.0], [152.0, 646.5], [152.5, 647.0], [153.0, 647.5], [153.5, 648.0], [153.5, 649.0], [153.5, 650.0], [153.5, 651.0], [153.0, 651.5], [152.5, 652.0], [152.0, 652.5], [151.5, 653.0], [151.0, 653.5], [151.0, 653.5]]]}, "properties": {"image": "d7ll5p9to508i1hsifrl_al_3_si_4_af_20.png", "iceberg_id": 13, "confidence": 0.6405922174453735}}, {"type": "Feature", "geometry": {"type": "Polygon", "coordinates": [[[313.0, 669.5], [312.0, 669.5], [311.0, 669.5], [310.0, 669.5], [309.0, 669.5], [308.5, 669.0], [308.0, 668.5], [307.5, 669.0], [307.0, 669.5], [306.5, 669.0], [306.0, 668.5], [305.0, 668.5], [304.0, 668.5], [303.0, 668.5], [302.0, 668.5], [301.0, 668.5], [300.0, 668.5], [299.0, 668.5], [298.0, 668.5], [297.5, 669.0], [297.0, 669.5], [296.5, 669.0], [296.0, 668.5], [295.5, 669.0], [295.0, 669.5], [294.0, 669.5], [293.0, 669.5], [292.0, 669.5], [291.0, 669.5], [290.0, 669.5], [289.0, 669.5], [288.0, 669.5], [287.0, 669.5], [286.0, 669.5], [285.0, 669.5], [284.0, 669.5], [283.5, 669.0], [283.0, 668.5], [282.5, 668.0], [282.0, 667.5], [281.5, 667.0], [281.5, 666.0], [281.5, 665.0], [281.5, 664.0], [281.5, 663.0], [282.0, 662.5], [282.5, 662.0], [283.0, 661.5], [283.5, 661.0], [283.5, 660.0], [284.0, 659.5], [285.0, 659.5], [285.5, 659.0], [286.0, 658.5], [286.5, 658.0], [287.0, 657.5], [288.0, 657.5], [288.5, 657.0], [289.0, 656.5], [289.5, 656.0], [290.0, 655.5], [291.0, 655.5], [292.0, 655.5], [292.5, 655.0], [293.0, 654.5], [294.0, 654.5], [295.0, 654.5], [296.0, 654.5], [297.0, 654.5], [297.5, 654.0], [298.0, 653.5], [298.5, 654.0], [299.0, 654.5], [299.5, 654.0], [300.0, 653.5], [301.0, 653.5], [302.0, 653.5], [302.5, 654.0], [303.0, 654.5], [304.0, 654.5], [305.0, 654.5], [306.0, 654.5], [306.5, 655.0], [307.0, 655.5], [308.0, 655.5], [308.5, 656.0], [309.0, 656.5], [310.0, 656.5], [310.5, 657.0], [311.0, 657.5], [312.0, 657.5], [312.5, 658.0], [313.0, 658.5], [313.5, 659.0], [314.0, 659.5], [314.5, 660.0], [315.0, 660.5], [315.5, 661.0], [316.0, 661.5], [316.5, 662.0], [317.0, 662.5], [317.5, 663.0], [317.5, 664.0], [317.5, 665.0], [317.5, 666.0], [317.5, 667.0], [317.0, 667.5], [316.5, 668.0], [316.0, 668.5], [315.0, 668.5], [314.0, 668.5], [313.5, 669.0], [313.0, 669.5], [313.0, 669.5]]]}, "properties": {"image": "d7ll5p9to508i1hsifrl_al_3_si_4_af_20.png", "iceberg_id": 14, "confidence": 0.6405922174453735}}, {"type": "Feature", "geometry": {"type": "Polygon", "coordinates": [[[385.5, 675.0], [386.0, 674.5], [387.0, 674.5], [387.5, 674.0], [388.0, 673.5], [388.5, 673.0], [389.0, 672.5], [390.0, 672.5], [390.5, 672.0], [391.0, 671.5], [392.0, 671.5], [392.5, 671.0], [393.0, 670.5], [394.0, 670.5], [395.0, 670.5], [396.0, 670.5], [397.0, 670.5], [397.5, 670.0], [398.0, 669.5], [399.0, 669.5], [400.0, 669.5], [401.0, 669.5], [402.0, 669.5], [403.0, 669.5], [404.0, 669.5], [404.5, 670.0], [405.0, 670.5], [406.0, 670.5], [407.0, 670.5], [408.0, 670.5], [408.5, 671.0], [409.0, 671.5], [410.0, 671.5], [410.5, 672.0], [411.0, 672.5], [412.0, 672.5], [412.5, 673.0], [413.0, 673.5], [413.5, 674.0], [413.5, 675.0], [385.5, 675.0]]]}, "properties": {"image": "d7ll5p9to508i1hsifrl_al_3_si_4_af_20.png", "iceberg_id": 15, "confidence": 0.6405922174453735}}, {"type": "Feature", "geometry": {"type": "Polygon", "coordinates": [[[96.0, 672.5], [95.5, 672.0], [96.0, 671.5], [96.5, 672.0], [96.0, 672.5], [96.0, 672.5]]]}, "properties": {"image": "d7ll5p9to508i1hsifrl_al_3_si_4_af_20.png", "iceberg_id": 16, "confidence": 0.6405922174453735}}, {"type": "Feature", "geometry": {"type": "Polygon", "coordinates": [[[586.0, 112.5], [585.0, 112.5], [584.0, 112.5], [583.0, 112.5], [582.0, 112.5], [581.0, 112.5], [580.0, 112.5], [579.5, 112.0], [579.0, 111.5], [578.0, 111.5], [577.5, 111.0], [577.0, 110.5], [576.5, 110.0], [576.5, 109.0], [576.0, 108.5], [575.5, 108.0], [575.5, 107.0], [575.5, 106.0], [576.0, 105.5], [576.5, 105.0], [577.0, 104.5], [577.5, 104.0], [578.0, 103.5], [579.0, 103.5], [579.5, 103.0], [580.0, 102.5], [581.0, 102.5], [582.0, 102.5], [583.0, 102.5], [584.0, 102.5], [585.0, 102.5], [586.0, 102.5], [586.5, 103.0], [587.0, 103.5], [588.0, 103.5], [588.5, 104.0], [589.0, 104.5], [589.5, 105.0], [590.0, 105.5], [590.5, 106.0], [590.5, 107.0], [590.5, 108.0], [590.5, 109.0], [590.5, 110.0], [590.0, 110.5], [589.5, 111.0], [589.0, 111.5], [588.0, 111.5], [587.0, 111.5], [586.5, 112.0], [586.0, 112.5], [586.0, 112.5]]]}, "properties": {"image": "d7ll5p9to508i1hsifrl_al_3_si_5_af_10.png", "iceberg_id": 0, "confidence": 0.6405988931655884}}, {"type": "Feature", "geometry": {"type": "Polygon", "coordinates": [[[572.0, 136.5], [571.0, 136.5], [570.0, 136.5], [569.5, 136.0], [569.0, 135.5], [568.0, 135.5], [567.5, 135.0], [567.5, 134.0], [567.0, 133.5], [566.5, 133.0], [566.0, 132.5], [565.5, 132.0], [565.5, 131.0], [565.5, 130.0], [565.0, 129.5], [564.5, 129.0], [564.5, 128.0], [564.5, 127.0], [565.0, 126.5], [565.5, 126.0], [565.5, 125.0], [565.5, 124.0], [566.0, 123.5], [566.5, 123.0], [567.0, 122.5], [567.5, 122.0], [568.0, 121.5], [568.5, 121.0], [569.0, 120.5], [569.5, 120.0], [570.0, 119.5], [570.5, 119.0], [571.0, 118.5], [571.5, 118.0], [572.0, 117.5], [573.0, 117.5], [574.0, 117.5], [575.0, 117.5], [576.0, 117.5], [577.0, 117.5], [577.5, 118.0], [578.0, 118.5], [578.5, 119.0], [578.5, 120.0], [579.0, 120.5], [579.5, 121.0], [579.5, 122.0], [580.0, 122.5], [580.5, 123.0], [580.5, 124.0], [580.5, 125.0], [580.5, 126.0], [580.5, 127.0], [580.5, 128.0], [580.5, 129.0], [580.0, 129.5], [579.5, 130.0], [579.5, 131.0], [579.0, 131.5], [578.5, 132.0], [578.0, 132.5], [577.5, 133.0], [577.0, 133.5], [576.5, 134.0], [576.0, 134.5], [575.5, 135.0], [575.0, 135.5], [574.0, 135.5], [573.0, 135.5], [572.5, 136.0], [572.0, 136.5], [572.0, 136.5]]]}, "properties": {"image": "d7ll5p9to508i1hsifrl_al_3_si_5_af_10.png", "iceberg_id": 1, "confidence": 0.6405988931655884}}, {"type": "Feature", "geometry": {"type": "Polygon", "coordinates": [[[338.0, 146.5], [337.0, 146.5], [336.0, 146.5], [335.5, 146.0], [336.0, 145.5], [336.5, 145.0], [337.0, 144.5], [337.5, 144.0], [338.0, 143.5], [338.5, 144.0], [339.0, 144.5], [339.5, 144.0], [340.0, 143.5], [340.5, 144.0], [340.0, 144.5], [339.5, 145.0], [339.0, 145.5], [338.5, 146.0], [338.0, 146.5], [338.0, 146.5]]]}, "properties": {"image": "d7ll5p9to508i1hsifrl_al_3_si_5_af_10.png", "iceberg_id": 2, "confidence": 0.6405988931655884}}, {"type": "Feature", "geometry": {"type": "Polygon", "coordinates": [[[599.0, 213.5], [598.0, 213.5], [597.0, 213.5], [596.0, 213.5], [595.0, 213.5], [594.0, 213.5], [593.0, 213.5], [592.0, 213.5], [591.0, 213.5], [590.0, 213.5], [589.5, 213.0], [589.0, 212.5], [588.0, 212.5], [587.5, 212.0], [587.0, 211.5], [586.5, 211.0], [586.0, 210.5], [585.5, 210.0], [585.5, 209.0], [585.5, 208.0], [585.5, 207.0], [585.5, 206.0], [586.0, 205.5], [586.5, 205.0], [587.0, 204.5], [587.5, 204.0], [588.0, 203.5], [588.5, 203.0], [589.0, 202.5], [589.5, 202.0], [590.0, 201.5], [591.0, 201.5], [592.0, 201.5], [593.0, 201.5], [594.0, 201.5], [595.0, 201.5], [596.0, 201.5], [596.5, 202.0], [597.0, 202.5], [598.0, 202.5], [598.5, 203.0], [599.0, 203.5], [600.0, 203.5], [600.5, 204.0], [600.5, 205.0], [601.0, 205.5], [601.5, 206.0], [601.5, 207.0], [601.5, 208.0], [601.5, 209.0], [601.5, 210.0], [601.5, 211.0], [601.0, 211.5], [600.5, 212.0], [600.0, 212.5], [599.5, 213.0], [599.0, 213.5], [599.0, 213.5]]]}, "properties": {"image": "d7ll5p9to508i1hsifrl_al_3_si_5_af_10.png", "iceberg_id": 3, "confidence": 0.6405988931655884}}, {"type": "Feature", "geometry": {"type": "Polygon", "coordinates": [[[470.0, 331.5], [469.0, 331.5], [468.0, 331.5], [467.0, 331.5], [466.0, 331.5], [465.0, 331.5], [464.0, 331.5], [463.0, 331.5], [462.5, 331.0], [462.0, 330.5], [461.0, 330.5], [460.0, 330.5], [459.5, 330.0], [459.0, 329.5], [458.5, 329.0], [458.0, 328.5], [457.5, 328.0], [457.0, 327.5], [456.5, 327.0], [456.5, 326.0], [456.5, 325.0], [456.5, 324.0], [457.0, 323.5], [457.5, 323.0], [458.0, 322.5], [458.5, 322.0], [459.0, 321.5], [459.5, 321.0], [460.0, 320.5], [460.5, 320.0], [461.0, 319.5], [462.0, 319.5], [462.5, 319.0], [463.0, 318.5], [463.5, 318.0], [464.0, 317.5], [465.0, 317.5], [466.0, 317.5], [467.0, 317.5], [468.0, 317.5], [468.5, 318.0], [469.0, 318.5], [470.0, 318.5], [470.5, 319.0], [471.0, 319.5], [472.0, 319.5], [472.5, 320.0], [472.5, 321.0], [473.0, 321.5], [473.5, 322.0], [473.5, 323.0], [474.0, 323.5], [474.5, 324.0], [474.5, 325.0], [474.5, 326.0], [474.5, 327.0], [474.5, 328.0], [474.0, 328.5], [473.5, 329.0], [473.0, 329.5], [472.5, 330.0], [472.0, 330.5], [471.0, 330.5], [470.5, 331.0], [470.0, 331.5], [470.0, 331.5]]]}, "properties": {"image": "d7ll5p9to508i1hsifrl_al_3_si_5_af_10.png", "iceberg_id": 4, "confidence": 0.6405988931655884}}, {"type": "Feature", "geometry": {"type": "Polygon", "coordinates": [[[645.0, 379.5], [644.0, 379.5], [643.0, 379.5], [642.0, 379.5], [641.0, 379.5], [640.0, 379.5], [639.0, 379.5], [638.0, 379.5], [637.0, 379.5], [636.0, 379.5], [635.0, 379.5], [634.5, 379.0], [634.0, 378.5], [633.0, 378.5], [632.0, 378.5], [631.5, 378.0], [631.0, 377.5], [630.0, 377.5], [629.0, 377.5], [628.5, 377.0], [628.0, 376.5], [627.5, 376.0], [627.0, 375.5], [626.5, 375.0], [626.0, 374.5], [625.5, 374.0], [625.0, 373.5], [624.5, 373.0], [624.5, 372.0], [624.5, 371.0], [624.0, 370.5], [623.5, 370.0], [623.5, 369.0], [623.5, 368.0], [624.0, 367.5], [624.5, 367.0], [624.5, 366.0], [625.0, 365.5], [625.5, 365.0], [625.5, 364.0], [626.0, 363.5], [627.0, 363.5], [627.5, 363.0], [628.0, 362.5], [629.0, 362.5], [629.5, 362.0], [630.0, 361.5], [630.5, 361.0], [631.0, 360.5], [631.5, 360.0], [631.5, 359.0], [632.0, 358.5], [632.5, 358.0], [632.5, 357.0], [633.0, 356.5], [633.5, 356.0], [634.0, 355.5], [634.5, 355.0], [635.0, 354.5], [635.5, 354.0], [636.0, 353.5], [637.0, 353.5], [638.0, 353.5], [638.5, 353.0], [639.0, 352.5], [640.0, 352.5], [641.0, 352.5], [642.0, 352.5], [643.0, 352.5], [644.0, 352.5], [645.0, 352.5], [646.0, 352.5], [647.0, 352.5], [648.0, 352.5], [649.0, 352.5], [649.5, 353.0], [650.0, 353.5], [651.0, 353.5], [651.5, 354.0], [652.0, 354.5], [653.0, 354.5], [653.5, 355.0], [654.0, 355.5], [654.5, 356.0], [655.0, 356.5], [655.5, 357.0], [656.0, 357.5], [656.5, 358.0], [656.5, 359.0], [657.0, 359.5], [657.5, 360.0], [657.5, 361.0], [657.5, 362.0], [657.5, 363.0], [657.5, 364.0], [657.5, 365.0], [657.0, 365.5], [656.5, 366.0], [656.5, 367.0], [656.5, 368.0], [656.0, 368.5], [655.5, 369.0], [655.0, 369.5], [654.5, 370.0], [654.5, 371.0], [654.0, 371.5], [653.5, 372.0], [653.5, 373.0], [653.0, 373.5], [652.5, 374.0], [652.0, 374.5], [651.5, 375.0], [651.0, 375.5], [650.5, 376.0], [650.0, 376.5], [649.5, 377.0], [649.0, 377.5], [648.0, 377.5], [647.5, 378.0], [647.0, 378.5], [646.0, 378.5], [645.5, 379.0], [645.0, 379.5], [645.0, 379.5]]]}, "properties": {"image": "d7ll5p9to508i1hsifrl_al_3_si_5_af_10.png", "iceberg_id": 5, "confidence": 0.6405988931655884}}, {"type": "Feature", "geometry": {"type": "Polygon", "coordinates": [[[245.0, 380.5], [244.0, 380.5], [243.0, 380.5], [242.0, 380.5], [241.5, 380.0], [241.0, 379.5], [240.5, 379.0], [240.0, 378.5], [239.5, 378.0], [239.5, 377.0], [239.5, 376.0], [240.0, 375.5], [240.5, 375.0], [241.0, 374.5], [241.5, 374.0], [242.0, 373.5], [242.5, 373.0], [243.0, 372.5], [243.5, 372.0], [244.0, 371.5], [245.0, 371.5], [246.0, 371.5], [246.5, 372.0], [247.0, 372.5], [247.5, 373.0], [248.0, 373.5], [248.5, 374.0], [248.5, 375.0], [248.5, 376.0], [248.5, 377.0], [248.0, 377.5], [247.5, 378.0], [247.5, 379.0], [247.0, 379.5], [246.0, 379.5], [245.5, 380.0], [245.0, 380.5], [245.0, 380.5]]]}, "properties": {"image": "d7ll5p9to508i1hsifrl_al_3_si_5_af_10.png", "iceberg_id": 6, "confidence": 0.6405988931655884}}, {"type": "Feature", "geometry": {"type": "Polygon", "coordinates": [[[304.0, 442.5], [303.0, 442.5], [302.0, 442.5], [301.0, 442.5], [300.0, 442.5], [299.0, 442.5], [298.5, 442.0], [298.0, 441.5], [297.0, 441.5], [296.0, 441.5], [295.0, 441.5], [294.5, 441.0], [294.0, 440.5], [293.0, 440.5], [292.0, 440.5], [291.5, 440.0], [291.0, 439.5], [290.0, 439.5], [289.0, 439.5], [288.5, 439.0], [288.0, 438.5], [287.5, 438.0], [287.0, 437.5], [286.0, 437.5], [285.5, 437.0], [285.5, 436.0], [285.0, 435.5], [284.5, 435.0], [284.0, 434.5], [283.5, 434.0], [283.5, 433.0], [283.5, 432.0], [283.5, 431.0], [283.5, 430.0], [284.0, 429.5], [284.5, 429.0], [284.5, 428.0], [285.0, 427.5], [286.0, 427.5], [286.5, 427.0], [287.0, 426.5], [287.5, 426.0], [288.0, 425.5], [289.0, 425.5], [290.0, 425.5], [291.0, 425.5], [291.5, 425.0], [292.0, 424.5], [293.0, 424.5], [293.5, 424.0], [294.0, 423.5], [294.5, 423.0], [294.5, 422.0], [294.5, 421.0], [294.5, 420.0], [294.5, 419.0], [294.5, 418.0], [295.0, 417.5], [295.5, 417.0], [295.5, 416.0], [296.0, 415.5], [297.0, 415.5], [297.5, 415.0], [298.0, 414.5], [298.5, 414.0], [299.0, 413.5], [299.5, 413.0], [300.0, 412.5], [301.0, 412.5], [301.5, 412.0], [302.0, 411.5], [302.5, 411.0], [303.0, 410.5], [304.0, 410.5], [305.0, 410.5], [305.5, 410.0], [306.0, 409.5], [307.0, 409.5], [308.0, 409.5], [308.5, 409.0], [309.0, 408.5], [310.0, 408.5], [311.0, 408.5], [312.0, 408.5], [313.0, 408.5], [314.0, 408.5], [314.5, 409.0], [315.0, 409.5], [316.0, 409.5], [316.5, 410.0], [317.0, 410.5], [317.5, 411.0], [318.0, 411.5], [318.5, 412.0], [319.0, 412.5], [319.5, 413.0], [319.5, 414.0], [319.5, 415.0], [320.0, 415.5], [320.5, 416.0], [320.5, 417.0], [320.5, 418.0], [320.5, 419.0], [320.5, 420.0], [321.0, 420.5], [321.5, 421.0], [321.5, 422.0], [321.5, 423.0], [322.0, 423.5], [322.5, 424.0], [322.5, 425.0], [322.5, 426.0], [322.5, 427.0], [322.5, 428.0], [322.5, 429.0], [322.5, 430.0], [322.5, 431.0], [322.0, 431.5], [321.5, 432.0], [321.5, 433.0], [321.0, 433.5], [320.5, 434.0], [320.0, 434.5], [319.5, 435.0], [319.0, 435.5], [318.5, 436.0], [318.0, 436.5], [317.5, 437.0], [317.0, 437.5], [316.0, 437.5], [315.5, 438.0], [315.0, 438.5], [314.0, 438.5], [313.5, 439.0], [313.0, 439.5], [312.0, 439.5], [311.0, 439.5], [310.5, 440.0], [310.0, 440.5], [309.0, 440.5], [308.0, 440.5], [307.5, 441.0], [307.0, 441.5], [306.0, 441.5], [305.0, 441.5], [304.5, 442.0], [304.0, 442.5], [304.0, 442.5]]]}, "properties": {"image": "d7ll5p9to508i1hsifrl_al_3_si_5_af_10.png", "iceberg_id": 7, "confidence": 0.6405988931655884}}, {"type": "Feature", "geometry": {"type": "Polygon", "coordinates": [[[378.0, 440.5], [377.0, 440.5], [376.0, 440.5], [375.5, 440.0], [375.0, 439.5], [374.0, 439.5], [373.5, 439.0], [373.0, 438.5], [372.5, 438.0], [372.0, 437.5], [371.5, 437.0], [371.5, 436.0], [371.0, 435.5], [370.5, 435.0], [370.5, 434.0], [370.5, 433.0], [370.5, 432.0], [371.0, 431.5], [371.5, 431.0], [371.5, 430.0], [372.0, 429.5], [373.0, 429.5], [373.5, 429.0], [374.0, 428.5], [375.0, 428.5], [376.0, 428.5], [377.0, 428.5], [378.0, 428.5], [379.0, 428.5], [380.0, 428.5], [380.5, 429.0], [381.0, 429.5], [382.0, 429.5], [382.5, 430.0], [383.0, 430.5], [383.5, 431.0], [383.5, 432.0], [383.5, 433.0], [383.5, 434.0], [383.5, 435.0], [383.0, 435.5], [382.5, 436.0], [382.5, 437.0], [382.0, 437.5], [381.5, 438.0], [381.0, 438.5], [380.5, 439.0], [380.0, 439.5], [379.0, 439.5], [378.5, 440.0], [378.0, 440.5], [378.0, 440.5]]]}, "properties": {"image": "d7ll5p9to508i1hsifrl_al_3_si_5_af_10.png", "iceberg_id": 8, "confidence": 0.6405988931655884}}, {"type": "Feature", "geometry": {"type": "Polygon", "coordinates": [[[138.0, 526.5], [137.0, 526.5], [136.0, 526.5], [135.0, 526.5], [134.0, 526.5], [133.0, 526.5], [132.0, 526.5], [131.0, 526.5], [130.5, 526.0], [130.0, 525.5], [129.0, 525.5], [128.0, 525.5], [127.5, 525.0], [127.0, 524.5], [126.5, 524.0], [126.5, 523.0], [126.0, 522.5], [125.5, 522.0], [125.5, 521.0], [125.5, 520.0], [126.0, 519.5], [126.5, 519.0], [126.5, 518.0], [126.5, 517.0], [126.5, 516.0], [126.0, 515.5], [125.5, 515.0], [125.5, 514.0], [125.0, 513.5], [124.5, 513.0], [124.5, 512.0], [124.5, 511.0], [125.0, 510.5], [125.5, 510.0], [126.0, 509.5], [126.5, 509.0], [127.0, 508.5], [128.0, 508.5], [129.0, 508.5], [129.5, 508.0], [130.0, 507.5], [130.5, 508.0], [131.0, 508.5], [131.5, 508.0], [132.0, 507.5], [132.5, 508.0], [133.0, 508.5], [134.0, 508.5], [135.0, 508.5], [135.5, 509.0], [136.0, 509.5], [137.0, 509.5], [138.0, 509.5], [138.5, 510.0], [139.0, 510.5], [139.5, 511.0], [140.0, 511.5], [140.5, 512.0], [140.5, 513.0], [141.0, 513.5], [141.5, 514.0], [141.5, 515.0], [142.0, 515.5], [142.5, 516.0], [142.5, 517.0], [143.0, 517.5], [143.5, 518.0], [143.5, 519.0], [143.5, 520.0], [143.5, 521.0], [143.5, 522.0], [143.0, 522.5], [142.5, 523.0], [142.5, 524.0], [142.0, 524.5], [141.0, 524.5], [140.5, 525.0], [140.0, 525.5], [139.0, 525.5], [138.5, 526.0], [138.0, 526.5], [138.0, 526.5]]]}, "properties": {"image": "d7ll5p9to508i1hsifrl_al_3_si_5_af_10.png", "iceberg_id": 9, "confidence": 0.6405988931655884}}, {"type": "Feature", "geometry": {"type": "Polygon", "coordinates": [[[449.0, 513.5], [448.0, 513.5], [447.0, 513.5], [446.5, 513.0], [446.5, 512.0], [447.0, 511.5], [447.5, 511.0], [448.0, 510.5], [449.0, 510.5], [449.5, 510.0], [450.0, 509.5], [450.5, 510.0], [450.5, 511.0], [450.5, 512.0], [450.0, 512.5], [449.5, 513.0], [449.0, 513.5], [449.0, 513.5]]]}, "properties": {"image": "d7ll5p9to508i1hsifrl_al_3_si_5_af_10.png", "iceberg_id": 10, "confidence": 0.6405988931655884}}, {"type": "Feature", "geometry": {"type": "Polygon", "coordinates": [[[645.0, 549.5], [644.5, 549.0], [644.0, 548.5], [643.0, 548.5], [642.0, 548.5], [641.0, 548.5], [640.0, 548.5], [639.5, 548.0], [639.0, 547.5], [638.5, 547.0], [638.0, 546.5], [637.0, 546.5], [636.5, 546.0], [636.0, 545.5], [635.5, 545.0], [635.0, 544.5], [634.5, 544.0], [634.0, 543.5], [633.5, 543.0], [633.0, 542.5], [632.5, 542.0], [632.0, 541.5], [631.5, 541.0], [631.5, 540.0], [631.0, 539.5], [630.5, 539.0], [630.5, 538.0], [630.5, 537.0], [630.0, 536.5], [629.5, 536.0], [629.5, 535.0], [629.5, 534.0], [629.0, 533.5], [628.5, 533.0], [628.5, 532.0], [628.5, 531.0], [628.0, 530.5], [627.5, 530.0], [627.5, 529.0], [627.5, 528.0], [627.5, 527.0], [627.5, 526.0], [628.0, 525.5], [628.5, 525.0], [628.5, 524.0], [629.0, 523.5], [629.5, 523.0], [630.0, 522.5], [630.5, 522.0], [631.0, 521.5], [631.5, 521.0], [632.0, 520.5], [632.5, 520.0], [633.0, 519.5], [634.0, 519.5], [634.5, 519.0], [635.0, 518.5], [636.0, 518.5], [636.5, 518.0], [637.0, 517.5], [638.0, 517.5], [638.5, 517.0], [639.0, 516.5], [640.0, 516.5], [641.0, 516.5], [641.5, 516.0], [642.0, 515.5], [642.5, 516.0], [643.0, 516.5], [643.5, 516.0], [644.0, 515.5], [644.5, 516.0], [645.0, 516.5], [646.0, 516.5], [647.0, 516.5], [648.0, 516.5], [648.5, 517.0], [649.0, 517.5], [650.0, 517.5], [651.0, 517.5], [651.5, 518.0], [652.0, 518.5], [653.0, 518.5], [654.0, 518.5], [654.5, 519.0], [655.0, 519.5], [656.0, 519.5], [656.5, 520.0], [657.0, 520.5], [658.0, 520.5], [658.5, 521.0], [659.0, 521.5], [659.5, 522.0], [660.0, 522.5], [661.0, 522.5], [661.5, 523.0], [662.0, 523.5], [662.5, 524.0], [662.5, 525.0], [663.0, 525.5], [663.5, 526.0], [664.0, 526.5], [664.5, 527.0], [664.5, 528.0], [664.5, 529.0], [665.0, 529.5], [665.5, 530.0], [665.5, 531.0], [665.0, 531.5], [664.5, 532.0], [664.5, 533.0], [664.5, 534.0], [664.0, 534.5], [663.5, 535.0], [663.5, 536.0], [663.0, 536.5], [662.5, 537.0], [662.5, 538.0], [662.0, 538.5], [661.5, 539.0], [661.0, 539.5], [660.5, 540.0], [660.5, 541.0], [660.0, 541.5], [659.5, 542.0], [659.0, 542.5], [658.5, 543.0], [658.0, 543.5], [657.5, 544.0], [657.0, 544.5], [656.5, 545.0], [656.0, 545.5], [655.5, 546.0], [655.0, 546.5], [654.0, 546.5], [653.5, 547.0], [653.0, 547.5], [652.0, 547.5], [651.0, 547.5], [650.5, 548.0], [650.0, 548.5], [649.0, 548.5], [648.0, 548.5], [647.0, 548.5], [646.0, 548.5], [645.5, 549.0], [645.0, 549.5], [645.0, 549.5]]]}, "properties": {"image": "d7ll5p9to508i1hsifrl_al_3_si_5_af_10.png", "iceberg_id": 11, "confidence": 0.6405988931655884}}, {"type": "Feature", "geometry": {"type": "Polygon", "coordinates": [[[456.0, 558.5], [455.5, 558.0], [455.0, 557.5], [454.0, 557.5], [453.5, 557.0], [453.0, 556.5], [452.5, 556.0], [452.0, 555.5], [451.5, 555.0], [451.5, 554.0], [451.0, 553.5], [450.5, 553.0], [450.5, 552.0], [450.5, 551.0], [450.0, 550.5], [449.5, 550.0], [449.5, 549.0], [449.5, 548.0], [450.0, 547.5], [450.5, 547.0], [450.5, 546.0], [450.5, 545.0], [451.0, 544.5], [451.5, 544.0], [452.0, 543.5], [452.5, 543.0], [453.0, 542.5], [453.5, 542.0], [454.0, 541.5], [454.5, 541.0], [455.0, 540.5], [455.5, 540.0], [456.0, 539.5], [456.5, 539.0], [457.0, 538.5], [457.5, 538.0], [458.0, 537.5], [458.5, 538.0], [459.0, 538.5], [459.5, 538.0], [460.0, 537.5], [460.5, 538.0], [461.0, 538.5], [462.0, 538.5], [463.0, 538.5], [463.5, 539.0], [464.0, 539.5], [464.5, 540.0], [465.0, 540.5], [465.5, 541.0], [465.5, 542.0], [465.5, 543.0], [465.5, 544.0], [465.5, 545.0], [465.5, 546.0], [465.5, 547.0], [465.0, 547.5], [464.5, 548.0], [464.5, 549.0], [464.5, 550.0], [464.0, 550.5], [463.5, 551.0], [463.5, 552.0], [463.0, 552.5], [462.5, 553.0], [462.5, 554.0], [462.0, 554.5], [461.5, 555.0], [461.0, 555.5], [460.5, 556.0], [460.0, 556.5], [459.5, 557.0], [459.0, 557.5], [458.0, 557.5], [457.0, 557.5], [456.5, 558.0], [456.0, 558.5], [456.0, 558.5]]]}, "properties": {"image": "d7ll5p9to508i1hsifrl_al_3_si_5_af_10.png", "iceberg_id": 12, "confidence": 0.6405988931655884}}, {"type": "Feature", "geometry": {"type": "Polygon", "coordinates": [[[335.0, 543.5], [334.5, 543.0], [334.0, 542.5], [333.0, 542.5], [332.5, 542.0], [332.5, 541.0], [333.0, 540.5], [333.5, 540.0], [334.0, 539.5], [334.5, 539.0], [335.0, 538.5], [335.5, 539.0], [336.0, 539.5], [336.5, 540.0], [337.0, 540.5], [337.5, 541.0], [337.0, 541.5], [336.5, 542.0], [336.0, 542.5], [335.5, 543.0], [335.0, 543.5], [335.0, 543.5]]]}, "properties": {"image": "d7ll5p9to508i1hsifrl_al_3_si_5_af_10.png", "iceberg_id": 13, "confidence": 0.6405988931655884}}, {"type": "Feature", "geometry": {"type": "Polygon", "coordinates": [[[580.0, 564.5], [579.0, 564.5], [578.0, 564.5], [577.0, 564.5], [576.0, 564.5], [575.0, 564.5], [574.0, 564.5], [573.5, 564.0], [573.0, 563.5], [572.0, 563.5], [571.0, 563.5], [570.5, 563.0], [570.0, 562.5], [569.5, 562.0], [569.0, 561.5], [568.5, 561.0], [568.0, 560.5], [567.5, 560.0], [567.0, 559.5], [566.5, 559.0], [566.0, 558.5], [565.5, 558.0], [565.0, 557.5], [564.5, 557.0], [564.5, 556.0], [564.5, 555.0], [564.0, 554.5], [563.5, 554.0], [563.5, 553.0], [563.5, 552.0], [564.0, 551.5], [564.5, 551.0], [565.0, 550.5], [565.5, 550.0], [566.0, 549.5], [566.5, 549.0], [567.0, 548.5], [568.0, 548.5], [569.0, 548.5], [570.0, 548.5], [571.0, 548.5], [571.5, 549.0], [572.0, 549.5], [573.0, 549.5], [574.0, 549.5], [574.5, 550.0], [575.0, 550.5], [576.0, 550.5], [577.0, 550.5], [578.0, 550.5], [578.5, 551.0], [579.0, 551.5], [580.0, 551.5], [581.0, 551.5], [582.0, 551.5], [582.5, 552.0], [583.0, 552.5], [584.0, 552.5], [584.5, 553.0], [585.0, 553.5], [585.5, 554.0], [586.0, 554.5], [586.5, 555.0], [586.5, 556.0], [587.0, 556.5], [587.5, 557.0], [587.5, 558.0], [587.0, 558.5], [586.5, 559.0], [586.5, 560.0], [586.0, 560.5], [585.5, 561.0], [585.0, 561.5], [584.5, 562.0], [584.0, 562.5], [583.5, 563.0], [583.0, 563.5], [582.0, 563.5], [581.0, 563.5], [580.5, 564.0], [580.0, 564.5], [580.0, 564.5]]]}, "properties": {"image": "d7ll5p9to508i1hsifrl_al_3_si_5_af_10.png", "iceberg_id": 14, "confidence": 0.6405988931655884}}, {"type": "Feature", "geometry": {"type": "Polygon", "coordinates": [[[347.0, 567.5], [346.5, 567.0], [347.0, 566.5], [347.5, 566.0], [348.0, 565.5], [348.5, 566.0], [348.0, 566.5], [347.5, 567.0], [347.0, 567.5], [347.0, 567.5]]]}, "properties": {"image": "d7ll5p9to508i1hsifrl_al_3_si_5_af_10.png", "iceberg_id": 15, "confidence": 0.6405988931655884}}, {"type": "Feature", "geometry": {"type": "Polygon", "coordinates": [[[125.0, 607.5], [124.0, 607.5], [123.0, 607.5], [122.0, 607.5], [121.0, 607.5], [120.0, 607.5], [119.0, 607.5], [118.0, 607.5], [117.0, 607.5], [116.0, 607.5], [115.0, 607.5], [114.5, 607.0], [114.0, 606.5], [113.0, 606.5], [112.5, 606.0], [112.0, 605.5], [111.0, 605.5], [110.5, 605.0], [110.0, 604.5], [109.5, 604.0], [109.5, 603.0], [109.5, 602.0], [109.5, 601.0], [109.5, 600.0], [110.0, 599.5], [110.5, 599.0], [111.0, 598.5], [111.5, 598.0], [112.0, 597.5], [112.5, 597.0], [113.0, 596.5], [113.5, 596.0], [114.0, 595.5], [115.0, 595.5], [115.5, 595.0], [116.0, 594.5], [116.5, 594.0], [117.0, 593.5], [118.0, 593.5], [118.5, 593.0], [119.0, 592.5], [120.0, 592.5], [121.0, 592.5], [122.0, 592.5], [123.0, 592.5], [124.0, 592.5], [125.0, 592.5], [125.5, 593.0], [126.0, 593.5], [127.0, 593.5], [128.0, 593.5], [128.5, 594.0], [129.0, 594.5], [129.5, 595.0], [130.0, 595.5], [130.5, 596.0], [131.0, 596.5], [131.5, 597.0], [132.0, 597.5], [132.5, 598.0], [132.5, 599.0], [132.5, 600.0], [132.5, 601.0], [132.0, 601.5], [131.5, 602.0], [131.5, 603.0], [131.0, 603.5], [130.5, 604.0], [130.0, 604.5], [129.5, 605.0], [129.0, 605.5], [128.5, 606.0], [128.0, 606.5], [127.0, 606.5], [126.0, 606.5], [125.5, 607.0], [125.0, 607.5], [125.0, 607.5]]]}, "properties": {"image": "d7ll5p9to508i1hsifrl_al_3_si_5_af_10.png", "iceberg_id": 16, "confidence": 0.6405988931655884}}, {"type": "Feature", "geometry": {"type": "Polygon", "coordinates": [[[224.0, 622.5], [223.0, 622.5], [222.0, 622.5], [221.0, 622.5], [220.5, 622.0], [220.0, 621.5], [219.5, 621.0], [219.0, 620.5], [218.5, 620.0], [218.5, 619.0], [218.5, 618.0], [218.5, 617.0], [219.0, 616.5], [219.5, 616.0], [219.5, 615.0], [219.5, 614.0], [220.0, 613.5], [220.5, 613.0], [221.0, 612.5], [221.5, 612.0], [221.5, 611.0], [222.0, 610.5], [222.5, 610.0], [223.0, 609.5], [223.5, 609.0], [224.0, 608.5], [224.5, 608.0], [225.0, 607.5], [226.0, 607.5], [226.5, 607.0], [227.0, 606.5], [228.0, 606.5], [229.0, 606.5], [230.0, 606.5], [231.0, 606.5], [232.0, 606.5], [233.0, 606.5], [234.0, 606.5], [235.0, 606.5], [236.0, 606.5], [237.0, 606.5], [238.0, 606.5], [239.0, 606.5], [239.5, 607.0], [240.0, 607.5], [241.0, 607.5], [241.5, 608.0], [241.5, 609.0], [242.0, 609.5], [242.5, 610.0], [242.0, 610.5], [241.5, 611.0], [241.5, 612.0], [241.0, 612.5], [240.5, 613.0], [240.0, 613.5], [239.5, 614.0], [239.0, 614.5], [238.5, 615.0], [238.0, 615.5], [237.0, 615.5], [236.5, 616.0], [236.0, 616.5], [235.5, 617.0], [235.0, 617.5], [234.0, 617.5], [233.0, 617.5], [232.5, 618.0], [232.0, 618.5], [231.5, 619.0], [231.0, 619.5], [230.0, 619.5], [229.0, 619.5], [228.5, 620.0], [228.0, 620.5], [227.5, 621.0], [227.0, 621.5], [226.0, 621.5], [225.0, 621.5], [224.5, 622.0], [224.0, 622.5], [224.0, 622.5]]]}, "properties": {"image": "d7ll5p9to508i1hsifrl_al_3_si_5_af_10.png", "iceberg_id": 17, "confidence": 0.6405988931655884}}, {"type": "Feature", "geometry": {"type": "Polygon", "coordinates": [[[617.0, 33.5], [616.0, 33.5], [615.0, 33.5], [614.0, 33.5], [613.0, 33.5], [612.0, 33.5], [611.0, 33.5], [610.5, 33.0], [610.0, 32.5], [609.5, 32.0], [610.0, 31.5], [610.5, 31.0], [611.0, 30.5], [611.5, 30.0], [612.0, 29.5], [613.0, 29.5], [614.0, 29.5], [614.5, 29.0], [615.0, 28.5], [616.0, 28.5], [617.0, 28.5], [617.5, 28.0], [618.0, 27.5], [618.5, 28.0], [619.0, 28.5], [619.5, 28.0], [620.0, 27.5], [620.5, 28.0], [621.0, 28.5], [621.5, 29.0], [621.5, 30.0], [621.5, 31.0], [621.0, 31.5], [620.0, 31.5], [619.5, 32.0], [619.0, 32.5], [618.0, 32.5], [617.5, 33.0], [617.0, 33.5], [617.0, 33.5]]]}, "properties": {"image": "d7ll5p9to508i1hsifrl_al_3_si_5_af_20.png", "iceberg_id": 0, "confidence": 0.640500009059906}}, {"type": "Feature", "geometry": {"type": "Polygon", "coordinates": [[[599.0, 81.5], [598.5, 81.0], [598.0, 80.5], [597.5, 81.0], [597.0, 81.5], [596.5, 81.0], [596.0, 80.5], [595.0, 80.5], [594.5, 80.0], [594.0, 79.5], [593.5, 79.0], [593.5, 78.0], [593.0, 77.5], [592.0, 77.5], [591.5, 77.0], [591.0, 76.5], [590.0, 76.5], [589.0, 76.5], [588.0, 76.5], [587.5, 76.0], [587.0, 75.5], [586.0, 75.5], [585.5, 75.0], [585.0, 74.5], [584.5, 74.0], [584.5, 73.0], [584.5, 72.0], [585.0, 71.5], [585.5, 71.0], [585.5, 70.0], [586.0, 69.5], [587.0, 69.5], [587.5, 69.0], [588.0, 68.5], [588.5, 68.0], [589.0, 67.5], [590.0, 67.5], [590.5, 67.0], [591.0, 66.5], [592.0, 66.5], [593.0, 66.5], [593.5, 66.0], [594.0, 65.5], [595.0, 65.5], [596.0, 65.5], [597.0, 65.5], [598.0, 65.5], [599.0, 65.5], [600.0, 65.5], [600.5, 66.0], [601.0, 66.5], [601.5, 67.0], [602.0, 67.5], [602.5, 68.0], [602.5, 69.0], [602.5, 70.0], [602.0, 70.5], [601.5, 71.0], [601.5, 72.0], [601.5, 73.0], [602.0, 73.5], [602.5, 74.0], [603.0, 74.5], [603.5, 74.0], [604.0, 73.5], [604.5, 74.0], [605.0, 74.5], [605.5, 74.0], [606.0, 73.5], [606.5, 74.0], [607.0, 74.5], [607.5, 74.0], [608.0, 73.5], [608.5, 74.0], [609.0, 74.5], [609.5, 75.0], [610.0, 75.5], [610.5, 76.0], [610.0, 76.5], [609.0, 76.5], [608.5, 77.0], [608.0, 77.5], [607.0, 77.5], [606.5, 78.0], [606.0, 78.5], [605.5, 79.0], [605.0, 79.5], [604.0, 79.5], [603.0, 79.5], [602.5, 80.0], [602.0, 80.5], [601.0, 80.5], [600.0, 80.5], [599.5, 81.0], [599.0, 81.5], [599.0, 81.5]]]}, "properties": {"image": "d7ll5p9to508i1hsifrl_al_3_si_5_af_20.png", "iceberg_id": 1, "confidence": 0.640500009059906}}, {"type": "Feature", "geometry": {"type": "Polygon", "coordinates": [[[536.0, 259.5], [535.0, 259.5], [534.0, 259.5], [533.0, 259.5], [532.0, 259.5], [531.0, 259.5], [530.0, 259.5], [529.0, 259.5], [528.0, 259.5], [527.0, 259.5], [526.0, 259.5], [525.0, 259.5], [524.5, 259.0], [524.0, 258.5], [523.5, 258.0], [523.0, 257.5], [522.5, 257.0], [522.0, 256.5], [521.5, 256.0], [521.5, 255.0], [522.0, 254.5], [522.5, 254.0], [523.0, 253.5], [523.5, 253.0], [524.0, 252.5], [525.0, 252.5], [526.0, 252.5], [527.0, 252.5], [527.5, 252.0], [528.0, 251.5], [528.5, 252.0], [529.0, 252.5], [529.5, 252.0], [530.0, 251.5], [530.5, 252.0], [531.0, 252.5], [532.0, 252.5], [533.0, 252.5], [534.0, 252.5], [535.0, 252.5], [536.0, 252.5], [537.0, 252.5], [537.5, 252.0], [537.5, 251.0], [537.5, 250.0], [538.0, 249.5], [539.0, 249.5], [539.5, 249.0], [540.0, 248.5], [541.0, 248.5], [542.0, 248.5], [543.0, 248.5], [543.5, 249.0], [544.0, 249.5], [545.0, 249.5], [546.0, 249.5], [546.5, 250.0], [547.0, 250.5], [548.0, 250.5], [548.5, 251.0], [549.0, 251.5], [550.0, 251.5], [550.5, 252.0], [550.5, 253.0], [550.5, 254.0], [550.0, 254.5], [549.0, 254.5], [548.0, 254.5], [547.0, 254.5], [546.0, 254.5], [545.5, 254.0], [545.0, 253.5], [544.0, 253.5], [543.0, 253.5], [542.0, 253.5], [541.0, 253.5], [540.5, 253.0], [540.0, 252.5], [539.0, 252.5], [538.0, 252.5], [537.5, 253.0], [537.5, 254.0], [537.5, 255.0], [538.0, 255.5], [538.5, 256.0], [538.0, 256.5], [537.5, 257.0], [537.5, 258.0], [537.0, 258.5], [536.5, 259.0], [536.0, 259.5], [536.0, 259.5]]]}, "properties": {"image": "d7ll5p9to508i1hsifrl_al_3_si_5_af_20.png", "iceberg_id": 2, "confidence": 0.640500009059906}}, {"type": "Feature", "geometry": {"type": "Polygon", "coordinates": [[[524.0, 296.5], [523.0, 296.5], [522.0, 296.5], [521.0, 296.5], [520.0, 296.5], [519.0, 296.5], [518.0, 296.5], [517.5, 296.0], [517.0, 295.5], [516.0, 295.5], [515.0, 295.5], [514.5, 295.0], [514.0, 294.5], [513.0, 294.5], [512.5, 294.0], [512.0, 293.5], [511.0, 293.5], [510.5, 293.0], [510.0, 292.5], [509.5, 292.0], [510.0, 291.5], [510.5, 291.0], [510.5, 290.0], [511.0, 289.5], [512.0, 289.5], [512.5, 289.0], [513.0, 288.5], [514.0, 288.5], [515.0, 288.5], [516.0, 288.5], [517.0, 288.5], [518.0, 288.5], [519.0, 288.5], [519.5, 289.0], [520.0, 289.5], [521.0, 289.5], [522.0, 289.5], [522.5, 290.0], [523.0, 290.5], [524.0, 290.5], [524.5, 291.0], [525.0, 291.5], [525.5, 292.0], [526.0, 292.5], [526.5, 293.0], [526.5, 294.0], [526.0, 294.5], [525.5, 295.0], [525.0, 295.5], [524.5, 296.0], [524.0, 296.5], [524.0, 296.5]]]}, "properties": {"image": "d7ll5p9to508i1hsifrl_al_3_si_5_af_20.png", "iceberg_id": 3, "confidence": 0.640500009059906}}, {"type": "Feature", "geometry": {"type": "Polygon", "coordinates": [[[361.0, 349.5], [360.5, 349.0], [360.0, 348.5], [359.5, 349.0], [359.0, 349.5], [358.5, 349.0], [358.0, 348.5], [357.0, 348.5], [356.0, 348.5], [355.0, 348.5], [354.0, 348.5], [353.5, 348.0], [353.0, 347.5], [352.0, 347.5], [351.0, 347.5], [350.5, 347.0], [350.0, 346.5], [349.5, 346.0], [349.0, 345.5], [348.5, 345.0], [348.5, 344.0], [349.0, 343.5], [349.5, 343.0], [350.0, 342.5], [351.0, 342.5], [351.5, 342.0], [352.0, 341.5], [353.0, 341.5], [354.0, 341.5], [355.0, 341.5], [356.0, 341.5], [357.0, 341.5], [358.0, 341.5], [359.0, 341.5], [360.0, 341.5], [360.5, 342.0], [361.0, 342.5], [362.0, 342.5], [363.0, 342.5], [363.5, 343.0], [364.0, 343.5], [364.5, 344.0], [365.0, 344.5], [365.5, 345.0], [365.5, 346.0], [365.5, 347.0], [365.0, 347.5], [364.5, 348.0], [364.0, 348.5], [363.0, 348.5], [362.0, 348.5], [361.5, 349.0], [361.0, 349.5], [361.0, 349.5]]]}, "properties": {"image": "d7ll5p9to508i1hsifrl_al_3_si_5_af_20.png", "iceberg_id": 4, "confidence": 0.640500009059906}}, {"type": "Feature", "geometry": {"type": "Polygon", "coordinates": [[[128.0, 344.5], [127.0, 344.5], [126.0, 344.5], [125.5, 344.0], [126.0, 343.5], [126.5, 343.0], [127.0, 342.5], [127.5, 343.0], [128.0, 343.5], [128.5, 344.0], [128.0, 344.5], [128.0, 344.5]]]}, "properties": {"image": "d7ll5p9to508i1hsifrl_al_3_si_5_af_20.png", "iceberg_id": 5, "confidence": 0.640500009059906}}, {"type": "Feature", "geometry": {"type": "Polygon", "coordinates": [[[183.0, 387.5], [182.5, 387.0], [182.0, 386.5], [181.5, 387.0], [181.0, 387.5], [180.5, 387.0], [180.0, 386.5], [179.5, 387.0], [179.0, 387.5], [178.5, 387.0], [178.0, 386.5], [177.5, 387.0], [177.0, 387.5], [176.5, 387.0], [176.0, 386.5], [175.5, 387.0], [175.0, 387.5], [174.5, 387.0], [174.0, 386.5], [173.0, 386.5], [172.0, 386.5], [171.0, 386.5], [170.0, 386.5], [169.5, 386.0], [169.0, 385.5], [168.0, 385.5], [167.0, 385.5], [166.5, 385.0], [166.0, 384.5], [165.0, 384.5], [164.5, 384.0], [164.0, 383.5], [163.0, 383.5], [162.5, 383.0], [162.0, 382.5], [161.5, 382.0], [161.0, 381.5], [160.5, 381.0], [160.0, 380.5], [159.5, 380.0], [159.5, 379.0], [159.5, 378.0], [160.0, 377.5], [160.5, 377.0], [161.0, 376.5], [161.5, 376.0], [162.0, 375.5], [163.0, 375.5], [164.0, 375.5], [165.0, 375.5], [165.5, 375.0], [166.0, 374.5], [167.0, 374.5], [168.0, 374.5], [169.0, 374.5], [169.5, 374.0], [170.0, 373.5], [170.5, 373.0], [171.0, 372.5], [171.5, 372.0], [172.0, 371.5], [173.0, 371.5], [173.5, 371.0], [174.0, 370.5], [175.0, 370.5], [175.5, 370.0], [176.0, 369.5], [177.0, 369.5], [178.0, 369.5], [179.0, 369.5], [180.0, 369.5], [181.0, 369.5], [182.0, 369.5], [183.0, 369.5], [184.0, 369.5], [185.0, 369.5], [186.0, 369.5], [186.5, 370.0], [187.0, 370.5], [188.0, 370.5], [189.0, 370.5], [189.5, 371.0], [190.0, 371.5], [190.5, 372.0], [191.0, 372.5], [191.5, 373.0], [191.5, 374.0], [192.0, 374.5], [192.5, 375.0], [192.5, 376.0], [192.5, 377.0], [192.5, 378.0], [192.5, 379.0], [192.5, 380.0], [192.5, 381.0], [192.5, 382.0], [192.0, 382.5], [191.5, 383.0], [191.5, 384.0], [191.0, 384.5], [190.5, 385.0], [190.0, 385.5], [189.0, 385.5], [188.0, 385.5], [187.5, 386.0], [187.0, 386.5], [186.0, 386.5], [185.0, 386.5], [184.0, 386.5], [183.5, 387.0], [183.0, 387.5], [183.0, 387.5]]]}, "properties": {"image": "d7ll5p9to508i1hsifrl_al_3_si_5_af_20.png", "iceberg_id": 6, "confidence": 0.640500009059906}}, {"type": "Feature", "geometry": {"type": "Polygon", "coordinates": [[[247.0, 397.5], [246.0, 397.5], [245.0, 397.5], [244.0, 397.5], [243.0, 397.5], [242.5, 397.0], [242.0, 396.5], [241.0, 396.5], [240.0, 396.5], [239.5, 396.0], [239.0, 395.5], [238.5, 395.0], [238.5, 394.0], [238.5, 393.0], [239.0, 392.5], [239.5, 392.0], [240.0, 391.5], [241.0, 391.5], [242.0, 391.5], [243.0, 391.5], [244.0, 391.5], [245.0, 391.5], [246.0, 391.5], [247.0, 391.5], [248.0, 391.5], [249.0, 391.5], [250.0, 391.5], [251.0, 391.5], [251.5, 392.0], [252.0, 392.5], [252.5, 393.0], [252.5, 394.0], [252.5, 395.0], [252.0, 395.5], [251.0, 395.5], [250.5, 396.0], [250.0, 396.5], [249.0, 396.5], [248.0, 396.5], [247.5, 397.0], [247.0, 397.5], [247.0, 397.5]]]}, "properties": {"image": "d7ll5p9to508i1hsifrl_al_3_si_5_af_20.png", "iceberg_id": 7, "confidence": 0.640500009059906}}, {"type": "Feature", "geometry": {"type": "Polygon", "coordinates": [[[545.0, 419.5], [544.5, 419.0], [544.0, 418.5], [543.5, 419.0], [543.0, 419.5], [542.5, 419.0], [542.0, 418.5], [541.5, 419.0], [541.0, 419.5], [540.5, 419.0], [540.0, 418.5], [539.0, 418.5], [538.0, 418.5], [537.0, 418.5], [536.0, 418.5], [535.5, 418.0], [535.0, 417.5], [534.5, 417.0], [534.0, 416.5], [533.5, 416.0], [534.0, 415.5], [534.5, 415.0], [534.5, 414.0], [535.0, 413.5], [535.5, 413.0], [536.0, 412.5], [537.0, 412.5], [537.5, 412.0], [538.0, 411.5], [539.0, 411.5], [540.0, 411.5], [540.5, 411.0], [541.0, 410.5], [542.0, 410.5], [543.0, 410.5], [543.5, 410.0], [544.0, 409.5], [545.0, 409.5], [545.5, 409.0], [546.0, 408.5], [546.5, 408.0], [547.0, 407.5], [548.0, 407.5], [548.5, 407.0], [549.0, 406.5], [549.5, 406.0], [550.0, 405.5], [551.0, 405.5], [552.0, 405.5], [552.5, 405.0], [553.0, 404.5], [554.0, 404.5], [555.0, 404.5], [555.5, 404.0], [556.0, 403.5], [557.0, 403.5], [558.0, 403.5], [559.0, 403.5], [560.0, 403.5], [560.5, 403.0], [561.0, 402.5], [562.0, 402.5], [563.0, 402.5], [564.0, 402.5], [565.0, 402.5], [566.0, 402.5], [567.0, 402.5], [568.0, 402.5], [569.0, 402.5], [570.0, 402.5], [571.0, 402.5], [571.5, 403.0], [572.0, 403.5], [572.5, 404.0], [573.0, 404.5], [573.5, 405.0], [573.0, 405.5], [572.5, 406.0], [572.0, 406.5], [571.5, 407.0], [571.5, 408.0], [571.0, 408.5], [570.5, 409.0], [570.0, 409.5], [569.0, 409.5], [568.5, 410.0], [568.0, 410.5], [567.5, 411.0], [567.0, 411.5], [566.0, 411.5], [565.5, 412.0], [565.0, 412.5], [564.5, 413.0], [564.0, 413.5], [563.0, 413.5], [562.5, 414.0], [562.0, 414.5], [561.0, 414.5], [560.5, 415.0], [560.0, 415.5], [559.0, 415.5], [558.5, 416.0], [558.0, 416.5], [557.0, 416.5], [556.0, 416.5], [555.5, 417.0], [555.0, 417.5], [554.0, 417.5], [553.0, 417.5], [552.5, 418.0], [552.0, 418.5], [551.0, 418.5], [550.0, 418.5], [549.0, 418.5], [548.0, 418.5], [547.0, 418.5], [546.0, 418.5], [545.5, 419.0], [545.0, 419.5], [545.0, 419.5]]]}, "properties": {"image": "d7ll5p9to508i1hsifrl_al_3_si_5_af_20.png", "iceberg_id": 8, "confidence": 0.640500009059906}}, {"type": "Feature", "geometry": {"type": "Polygon", "coordinates": [[[331.0, 476.5], [330.0, 476.5], [329.0, 476.5], [328.0, 476.5], [327.0, 476.5], [326.0, 476.5], [325.0, 476.5], [324.0, 476.5], [323.5, 476.0], [323.0, 475.5], [322.5, 475.0], [322.0, 474.5], [321.5, 474.0], [321.0, 473.5], [320.5, 473.0], [320.0, 472.5], [319.5, 472.0], [319.5, 471.0], [319.5, 470.0], [320.0, 469.5], [320.5, 469.0], [321.0, 468.5], [321.5, 468.0], [322.0, 467.5], [322.5, 467.0], [323.0, 466.5], [324.0, 466.5], [325.0, 466.5], [325.5, 466.0], [326.0, 465.5], [327.0, 465.5], [328.0, 465.5], [329.0, 465.5], [330.0, 465.5], [331.0, 465.5], [332.0, 465.5], [332.5, 466.0], [333.0, 466.5], [334.0, 466.5], [335.0, 466.5], [335.5, 467.0], [336.0, 467.5], [336.5, 468.0], [337.0, 468.5], [337.5, 469.0], [337.5, 470.0], [337.5, 471.0], [337.5, 472.0], [337.0, 472.5], [336.5, 473.0], [336.0, 473.5], [335.5, 474.0], [335.0, 474.5], [334.5, 475.0], [334.0, 475.5], [333.0, 475.5], [332.0, 475.5], [331.5, 476.0], [331.0, 476.5], [331.0, 476.5]]]}, "properties": {"image": "d7ll5p9to508i1hsifrl_al_3_si_5_af_20.png", "iceberg_id": 9, "confidence": 0.640500009059906}}, {"type": "Feature", "geometry": {"type": "Polygon", "coordinates": [[[42.0, 476.5], [41.5, 476.0], [41.0, 475.5], [40.5, 476.0], [40.0, 476.5], [39.5, 476.0], [39.0, 475.5], [38.0, 475.5], [37.0, 475.5], [36.5, 475.0], [36.0, 474.5], [35.5, 474.0], [35.5, 473.0], [35.5, 472.0], [36.0, 471.5], [36.5, 471.0], [37.0, 470.5], [37.5, 470.0], [38.0, 469.5], [39.0, 469.5], [40.0, 469.5], [40.5, 469.0], [41.0, 468.5], [42.0, 468.5], [43.0, 468.5], [43.5, 468.0], [44.0, 467.5], [44.5, 468.0], [45.0, 468.5], [45.5, 468.0], [46.0, 467.5], [46.5, 468.0], [47.0, 468.5], [47.5, 468.0], [48.0, 467.5], [48.5, 468.0], [49.0, 468.5], [50.0, 468.5], [51.0, 468.5], [52.0, 468.5], [53.0, 468.5], [53.5, 469.0], [54.0, 469.5], [55.0, 469.5], [56.0, 469.5], [57.0, 469.5], [58.0, 469.5], [58.5, 470.0], [59.0, 470.5], [60.0, 470.5], [61.0, 470.5], [62.0, 470.5], [62.5, 471.0], [63.0, 471.5], [64.0, 471.5], [64.5, 472.0], [64.5, 473.0], [64.0, 473.5], [63.5, 474.0], [63.0, 474.5], [62.0, 474.5], [61.0, 474.5], [60.0, 474.5], [59.5, 475.0], [59.0, 475.5], [58.0, 475.5], [57.0, 475.5], [56.0, 475.5], [55.0, 475.5], [54.0, 475.5], [53.0, 475.5], [52.0, 475.5], [51.0, 475.5], [50.0, 475.5], [49.0, 475.5], [48.0, 475.5], [47.0, 475.5], [46.0, 475.5], [45.0, 475.5], [44.0, 475.5], [43.0, 475.5], [42.5, 476.0], [42.0, 476.5], [42.0, 476.5]]]}, "properties": {"image": "d7ll5p9to508i1hsifrl_al_3_si_5_af_20.png", "iceberg_id": 10, "confidence": 0.640500009059906}}, {"type": "Feature", "geometry": {"type": "Polygon", "coordinates": [[[533.0, 497.5], [532.0, 497.5], [531.0, 497.5], [530.0, 497.5], [529.0, 497.5], [528.0, 497.5], [527.0, 497.5], [526.0, 497.5], [525.0, 497.5], [524.0, 497.5], [523.0, 497.5], [522.0, 497.5], [521.5, 497.0], [521.0, 496.5], [520.0, 496.5], [519.5, 496.0], [519.0, 495.5], [518.0, 495.5], [517.5, 495.0], [517.0, 494.5], [516.5, 494.0], [516.0, 493.5], [515.5, 493.0], [515.0, 492.5], [514.5, 492.0], [514.5, 491.0], [514.0, 490.5], [513.5, 490.0], [513.5, 489.0], [513.5, 488.0], [513.5, 487.0], [514.0, 486.5], [514.5, 486.0], [515.0, 485.5], [515.5, 485.0], [516.0, 484.5], [517.0, 484.5], [517.5, 484.0], [518.0, 483.5], [519.0, 483.5], [520.0, 483.5], [520.5, 483.0], [521.0, 482.5], [522.0, 482.5], [523.0, 482.5], [523.5, 482.0], [524.0, 481.5], [525.0, 481.5], [526.0, 481.5], [527.0, 481.5], [528.0, 481.5], [529.0, 481.5], [530.0, 481.5], [531.0, 481.5], [532.0, 481.5], [533.0, 481.5], [534.0, 481.5], [535.0, 481.5], [536.0, 481.5], [537.0, 481.5], [538.0, 481.5], [538.5, 482.0], [539.0, 482.5], [540.0, 482.5], [541.0, 482.5], [542.0, 482.5], [543.0, 482.5], [543.5, 483.0], [544.0, 483.5], [545.0, 483.5], [546.0, 483.5], [546.5, 484.0], [547.0, 484.5], [547.5, 485.0], [548.0, 485.5], [548.5, 486.0], [548.5, 487.0], [548.5, 488.0], [548.0, 488.5], [547.5, 489.0], [547.0, 489.5], [546.5, 490.0], [546.0, 490.5], [545.5, 491.0], [545.0, 491.5], [544.5, 492.0], [544.0, 492.5], [543.5, 493.0], [543.0, 493.5], [542.5, 494.0], [542.0, 494.5], [541.0, 494.5], [540.5, 495.0], [540.0, 495.5], [539.0, 495.5], [538.0, 495.5], [537.5, 496.0], [537.0, 496.5], [536.0, 496.5], [535.0, 496.5], [534.0, 496.5], [533.5, 497.0], [533.0, 497.5], [533.0, 497.5]]]}, "properties": {"image": "d7ll5p9to508i1hsifrl_al_3_si_5_af_20.png", "iceberg_id": 11, "confidence": 0.640500009059906}}, {"type": "Feature", "geometry": {"type": "Polygon", "coordinates": [[[449.0, 493.5], [448.0, 493.5], [447.0, 493.5], [446.0, 493.5], [445.0, 493.5], [444.5, 493.0], [444.0, 492.5], [443.5, 493.0], [443.0, 493.5], [442.5, 493.0], [442.0, 492.5], [441.0, 492.5], [440.0, 492.5], [439.0, 492.5], [438.0, 492.5], [437.5, 492.0], [437.0, 491.5], [436.0, 491.5], [435.0, 491.5], [434.0, 491.5], [433.5, 491.0], [433.0, 490.5], [432.0, 490.5], [431.5, 490.0], [431.0, 489.5], [430.0, 489.5], [429.5, 489.0], [429.0, 488.5], [428.5, 488.0], [428.5, 487.0], [428.0, 486.5], [427.5, 486.0], [428.0, 485.5], [428.5, 485.0], [429.0, 484.5], [429.5, 484.0], [430.0, 483.5], [431.0, 483.5], [432.0, 483.5], [433.0, 483.5], [434.0, 483.5], [435.0, 483.5], [436.0, 483.5], [436.5, 484.0], [437.0, 484.5], [438.0, 484.5], [439.0, 484.5], [439.5, 485.0], [440.0, 485.5], [441.0, 485.5], [442.0, 485.5], [442.5, 486.0], [443.0, 486.5], [444.0, 486.5], [445.0, 486.5], [446.0, 486.5], [446.5, 487.0], [447.0, 487.5], [448.0, 487.5], [448.5, 488.0], [449.0, 488.5], [450.0, 488.5], [451.0, 488.5], [451.5, 489.0], [452.0, 489.5], [452.5, 490.0], [453.0, 490.5], [453.5, 491.0], [453.0, 491.5], [452.5, 492.0], [452.0, 492.5], [451.0, 492.5], [450.0, 492.5], [449.5, 493.0], [449.0, 493.5], [449.0, 493.5]]]}, "properties": {"image": "d7ll5p9to508i1hsifrl_al_3_si_5_af_20.png", "iceberg_id": 12, "confidence": 0.640500009059906}}, {"type": "Feature", "geometry": {"type": "Polygon", "coordinates": [[[23.0, 563.5], [22.0, 563.5], [21.0, 563.5], [20.0, 563.5], [19.0, 563.5], [18.0, 563.5], [17.0, 563.5], [16.5, 563.0], [16.0, 562.5], [15.0, 562.5], [14.5, 562.0], [14.0, 561.5], [13.0, 561.5], [12.5, 561.0], [12.0, 560.5], [11.5, 560.0], [11.5, 559.0], [11.5, 558.0], [11.5, 557.0], [11.5, 556.0], [12.0, 555.5], [12.5, 555.0], [13.0, 554.5], [14.0, 554.5], [15.0, 554.5], [15.5, 554.0], [16.0, 553.5], [16.5, 554.0], [17.0, 554.5], [17.5, 554.0], [18.0, 553.5], [18.5, 554.0], [19.0, 554.5], [20.0, 554.5], [21.0, 554.5], [22.0, 554.5], [23.0, 554.5], [23.5, 555.0], [24.0, 555.5], [25.0, 555.5], [26.0, 555.5], [27.0, 555.5], [28.0, 555.5], [28.5, 556.0], [29.0, 556.5], [30.0, 556.5], [31.0, 556.5], [31.5, 557.0], [32.0, 557.5], [33.0, 557.5], [33.5, 558.0], [34.0, 558.5], [34.5, 559.0], [34.5, 560.0], [34.5, 561.0], [34.0, 561.5], [33.0, 561.5], [32.5, 562.0], [32.0, 562.5], [31.0, 562.5], [30.0, 562.5], [29.0, 562.5], [28.0, 562.5], [27.0, 562.5], [26.0, 562.5], [25.0, 562.5], [24.0, 562.5], [23.5, 563.0], [23.0, 563.5], [23.0, 563.5]]]}, "properties": {"image": "d7ll5p9to508i1hsifrl_al_3_si_5_af_20.png", "iceberg_id": 13, "confidence": 0.640500009059906}}, {"type": "Feature", "geometry": {"type": "Polygon", "coordinates": [[[419.0, 577.5], [418.0, 577.5], [417.0, 577.5], [416.0, 577.5], [415.0, 577.5], [414.0, 577.5], [413.0, 577.5], [412.0, 577.5], [411.0, 577.5], [410.0, 577.5], [409.0, 577.5], [408.0, 577.5], [407.0, 577.5], [406.0, 577.5], [405.0, 577.5], [404.0, 577.5], [403.0, 577.5], [402.0, 577.5], [401.0, 577.5], [400.0, 577.5], [399.0, 577.5], [398.0, 577.5], [397.0, 577.5], [396.0, 577.5], [395.0, 577.5], [394.0, 577.5], [393.0, 577.5], [392.5, 577.0], [392.0, 576.5], [391.0, 576.5], [390.5, 576.0], [390.0, 575.5], [389.5, 575.0], [389.5, 574.0], [389.5, 573.0], [389.5, 572.0], [390.0, 571.5], [391.0, 571.5], [391.5, 571.0], [392.0, 570.5], [393.0, 570.5], [393.5, 570.0], [394.0, 569.5], [395.0, 569.5], [396.0, 569.5], [397.0, 569.5], [398.0, 569.5], [399.0, 569.5], [400.0, 569.5], [401.0, 569.5], [402.0, 569.5], [403.0, 569.5], [404.0, 569.5], [405.0, 569.5], [406.0, 569.5], [407.0, 569.5], [408.0, 569.5], [409.0, 569.5], [410.0, 569.5], [410.5, 570.0], [411.0, 570.5], [412.0, 570.5], [413.0, 570.5], [413.5, 571.0], [414.0, 571.5], [415.0, 571.5], [415.5, 572.0], [416.0, 572.5], [417.0, 572.5], [417.5, 573.0], [418.0, 573.5], [418.5, 574.0], [419.0, 574.5], [419.5, 575.0], [419.5, 576.0], [419.5, 577.0], [419.0, 577.5], [419.0, 577.5]]]}, "properties": {"image": "d7ll5p9to508i1hsifrl_al_3_si_5_af_20.png", "iceberg_id": 14, "confidence": 0.640500009059906}}, {"type": "Feature", "geometry": {"type": "Polygon", "coordinates": [[[279.0, 595.5], [278.5, 595.0], [278.0, 594.5], [277.5, 595.0], [277.0, 595.5], [276.5, 595.0], [276.0, 594.5], [275.0, 594.5], [274.0, 594.5], [273.5, 594.0], [273.0, 593.5], [272.0, 593.5], [271.5, 593.0], [271.5, 592.0], [271.0, 591.5], [270.5, 591.0], [271.0, 590.5], [271.5, 590.0], [271.5, 589.0], [272.0, 588.5], [272.5, 588.0], [273.0, 587.5], [274.0, 587.5], [274.5, 587.0], [275.0, 586.5], [276.0, 586.5], [277.0, 586.5], [277.5, 586.0], [278.0, 585.5], [279.0, 585.5], [280.0, 585.5], [281.0, 585.5], [282.0, 585.5], [282.5, 586.0], [283.0, 586.5], [284.0, 586.5], [284.5, 587.0], [285.0, 587.5], [285.5, 588.0], [286.0, 588.5], [286.5, 589.0], [286.5, 590.0], [286.5, 591.0], [286.5, 592.0], [286.0, 592.5], [285.5, 593.0], [285.0, 593.5], [284.0, 593.5], [283.0, 593.5], [282.5, 594.0], [282.0, 594.5], [281.0, 594.5], [280.0, 594.5], [279.5, 595.0], [279.0, 595.5], [279.0, 595.5]]]}, "properties": {"image": "d7ll5p9to508i1hsifrl_al_3_si_5_af_20.png", "iceberg_id": 15, "confidence": 0.640500009059906}}, {"type": "Feature", "geometry": {"type": "Polygon", "coordinates": [[[488.0, 608.5], [487.5, 608.0], [487.0, 607.5], [486.5, 608.0], [486.0, 608.5], [485.0, 608.5], [484.0, 608.5], [483.5, 608.0], [483.0, 607.5], [482.0, 607.5], [481.0, 607.5], [480.0, 607.5], [479.0, 607.5], [478.5, 607.0], [478.0, 606.5], [477.0, 606.5], [476.5, 606.0], [476.0, 605.5], [475.0, 605.5], [474.5, 605.0], [474.0, 604.5], [473.5, 604.0], [473.0, 603.5], [472.5, 603.0], [472.5, 602.0], [472.5, 601.0], [473.0, 600.5], [473.5, 600.0], [474.0, 599.5], [474.5, 599.0], [475.0, 598.5], [475.5, 598.0], [476.0, 597.5], [476.5, 597.0], [477.0, 596.5], [477.5, 596.0], [478.0, 595.5], [479.0, 595.5], [479.5, 595.0], [480.0, 594.5], [481.0, 594.5], [481.5, 594.0], [482.0, 593.5], [483.0, 593.5], [484.0, 593.5], [485.0, 593.5], [485.5, 593.0], [486.0, 592.5], [487.0, 592.5], [488.0, 592.5], [489.0, 592.5], [489.5, 592.0], [490.0, 591.5], [490.5, 592.0], [491.0, 592.5], [491.5, 592.0], [492.0, 591.5], [493.0, 591.5], [494.0, 591.5], [495.0, 591.5], [496.0, 591.5], [496.5, 592.0], [497.0, 592.5], [497.5, 592.0], [498.0, 591.5], [498.5, 592.0], [499.0, 592.5], [500.0, 592.5], [501.0, 592.5], [502.0, 592.5], [503.0, 592.5], [503.5, 593.0], [504.0, 593.5], [505.0, 593.5], [506.0, 593.5], [506.5, 594.0], [507.0, 594.5], [507.5, 595.0], [508.0, 595.5], [508.5, 596.0], [508.5, 597.0], [509.0, 597.5], [509.5, 598.0], [509.5, 599.0], [509.5, 600.0], [509.5, 601.0], [509.0, 601.5], [508.5, 602.0], [508.0, 602.5], [507.5, 603.0], [507.0, 603.5], [506.0, 603.5], [505.5, 604.0], [505.0, 604.5], [504.0, 604.5], [503.5, 605.0], [503.0, 605.5], [502.0, 605.5], [501.0, 605.5], [500.0, 605.5], [499.5, 606.0], [499.0, 606.5], [498.0, 606.5], [497.0, 606.5], [496.0, 606.5], [495.5, 607.0], [495.0, 607.5], [494.0, 607.5], [493.0, 607.5], [492.0, 607.5], [491.0, 607.5], [490.0, 607.5], [489.0, 607.5], [488.5, 608.0], [488.0, 608.5], [488.0, 608.5]]]}, "properties": {"image": "d7ll5p9to508i1hsifrl_al_3_si_5_af_20.png", "iceberg_id": 16, "confidence": 0.640500009059906}}, {"type": "Feature", "geometry": {"type": "Polygon", "coordinates": [[[89.0, 662.5], [88.0, 662.5], [87.0, 662.5], [86.0, 662.5], [85.0, 662.5], [84.0, 662.5], [83.0, 662.5], [82.0, 662.5], [81.0, 662.5], [80.0, 662.5], [79.5, 662.0], [79.0, 661.5], [78.0, 661.5], [77.0, 661.5], [76.0, 661.5], [75.5, 661.0], [75.0, 660.5], [74.0, 660.5], [73.0, 660.5], [72.5, 660.0], [72.0, 659.5], [71.0, 659.5], [70.0, 659.5], [69.0, 659.5], [68.5, 659.0], [68.0, 658.5], [67.5, 658.0], [67.0, 657.5], [66.0, 657.5], [65.0, 657.5], [64.5, 657.0], [64.0, 656.5], [63.5, 656.0], [63.0, 655.5], [62.0, 655.5], [61.5, 655.0], [61.0, 654.5], [60.5, 654.0], [60.0, 653.5], [59.0, 653.5], [58.5, 653.0], [58.0, 652.5], [57.0, 652.5], [56.0, 652.5], [55.0, 652.5], [54.0, 652.5], [53.0, 652.5], [52.5, 652.0], [52.0, 651.5], [51.0, 651.5], [50.0, 651.5], [49.5, 651.0], [49.0, 650.5], [48.5, 650.0], [48.5, 649.0], [48.5, 648.0], [49.0, 647.5], [49.5, 647.0], [50.0, 646.5], [51.0, 646.5], [51.5, 646.0], [52.0, 645.5], [53.0, 645.5], [53.5, 645.0], [54.0, 644.5], [55.0, 644.5], [56.0, 644.5], [57.0, 644.5], [57.5, 644.0], [58.0, 643.5], [59.0, 643.5], [60.0, 643.5], [61.0, 643.5], [61.5, 643.0], [62.0, 642.5], [63.0, 642.5], [64.0, 642.5], [65.0, 642.5], [66.0, 642.5], [67.0, 642.5], [67.5, 642.0], [68.0, 641.5], [69.0, 641.5], [70.0, 641.5], [71.0, 641.5], [72.0, 641.5], [73.0, 641.5], [74.0, 641.5], [75.0, 641.5], [76.0, 641.5], [77.0, 641.5], [78.0, 641.5], [79.0, 641.5], [80.0, 641.5], [81.0, 641.5], [82.0, 641.5], [82.5, 642.0], [83.0, 642.5], [84.0, 642.5], [85.0, 642.5], [86.0, 642.5], [87.0, 642.5], [87.5, 643.0], [88.0, 643.5], [89.0, 643.5], [90.0, 643.5], [91.0, 643.5], [91.5, 644.0], [92.0, 644.5], [93.0, 644.5], [94.0, 644.5], [94.5, 645.0], [95.0, 645.5], [96.0, 645.5], [96.5, 646.0], [97.0, 646.5], [97.5, 647.0], [98.0, 647.5], [98.5, 648.0], [99.0, 648.5], [99.5, 649.0], [99.5, 650.0], [99.5, 651.0], [100.0, 651.5], [100.5, 652.0], [100.0, 652.5], [99.5, 653.0], [99.5, 654.0], [99.0, 654.5], [98.5, 655.0], [98.0, 655.5], [97.5, 656.0], [97.0, 656.5], [96.5, 657.0], [96.0, 657.5], [95.0, 657.5], [94.5, 658.0], [94.0, 658.5], [93.5, 659.0], [93.0, 659.5], [92.5, 660.0], [92.0, 660.5], [91.5, 661.0], [91.0, 661.5], [90.0, 661.5], [89.5, 662.0], [89.0, 662.5], [89.0, 662.5]]]}, "properties": {"image": "d7ll5p9to508i1hsifrl_al_3_si_5_af_20.png", "iceberg_id": 17, "confidence": 0.640500009059906}}, {"type": "Feature", "geometry": {"type": "Polygon", "coordinates": [[[163.0, 657.5], [162.5, 657.0], [162.0, 656.5], [161.0, 656.5], [160.0, 656.5], [159.5, 656.0], [159.0, 655.5], [158.0, 655.5], [157.5, 655.0], [157.5, 654.0], [157.5, 653.0], [157.5, 652.0], [158.0, 651.5], [158.5, 651.0], [159.0, 650.5], [159.5, 650.0], [160.0, 649.5], [161.0, 649.5], [162.0, 649.5], [163.0, 649.5], [164.0, 649.5], [165.0, 649.5], [166.0, 649.5], [167.0, 649.5], [168.0, 649.5], [168.5, 650.0], [169.0, 650.5], [170.0, 650.5], [170.5, 651.0], [171.0, 651.5], [171.5, 652.0], [171.5, 653.0], [171.5, 654.0], [171.5, 655.0], [171.0, 655.5], [170.0, 655.5], [169.0, 655.5], [168.5, 656.0], [168.0, 656.5], [167.0, 656.5], [166.0, 656.5], [165.0, 656.5], [164.0, 656.5], [163.5, 657.0], [163.0, 657.5], [163.0, 657.5]]]}, "properties": {"image": "d7ll5p9to508i1hsifrl_al_3_si_5_af_20.png", "iceberg_id": 18, "confidence": 0.640500009059906}}, {"type": "Feature", "geometry": {"type": "Polygon", "coordinates": [[[105.0, 15.5], [104.0, 15.5], [103.0, 15.5], [102.5, 15.0], [102.5, 14.0], [103.0, 13.5], [103.5, 13.0], [103.5, 12.0], [104.0, 11.5], [105.0, 11.5], [106.0, 11.5], [106.5, 12.0], [106.5, 13.0], [106.5, 14.0], [106.0, 14.5], [105.5, 15.0], [105.0, 15.5], [105.0, 15.5]]]}, "properties": {"image": "gotyy7utg6e8vhk53ta3_al_4_si_4_af_20.png", "iceberg_id": 0, "confidence": 0.638961672782898}}, {"type": "Feature", "geometry": {"type": "Polygon", "coordinates": [[[125.0, 60.5], [124.0, 60.5], [123.0, 60.5], [122.0, 60.5], [121.0, 60.5], [120.5, 60.0], [120.0, 59.5], [119.5, 59.0], [119.0, 58.5], [118.5, 58.0], [118.5, 57.0], [118.0, 56.5], [117.5, 56.0], [117.5, 55.0], [117.5, 54.0], [117.5, 53.0], [117.5, 52.0], [117.5, 51.0], [117.5, 50.0], [118.0, 49.5], [118.5, 49.0], [118.5, 48.0], [119.0, 47.5], [119.5, 47.0], [120.0, 46.5], [120.5, 46.0], [121.0, 45.5], [122.0, 45.5], [123.0, 45.5], [124.0, 45.5], [124.5, 45.0], [125.0, 44.5], [126.0, 44.5], [127.0, 44.5], [127.5, 45.0], [128.0, 45.5], [129.0, 45.5], [130.0, 45.5], [130.5, 46.0], [131.0, 46.5], [131.5, 47.0], [132.0, 47.5], [132.5, 48.0], [132.5, 49.0], [132.5, 50.0], [133.0, 50.5], [133.5, 51.0], [133.0, 51.5], [132.5, 52.0], [132.5, 53.0], [132.5, 54.0], [132.0, 54.5], [131.5, 55.0], [131.0, 55.5], [130.5, 56.0], [130.0, 56.5], [129.5, 57.0], [129.0, 57.5], [128.5, 58.0], [128.0, 58.5], [127.5, 59.0], [127.0, 59.5], [126.0, 59.5], [125.5, 60.0], [125.0, 60.5], [125.0, 60.5]]]}, "properties": {"image": "gotyy7utg6e8vhk53ta3_al_4_si_4_af_20.png", "iceberg_id": 1, "confidence": 0.638961672782898}}, {"type": "Feature", "geometry": {"type": "Polygon", "coordinates": [[[459.0, 75.5], [458.0, 75.5], [457.0, 75.5], [456.5, 75.0], [456.0, 74.5], [455.0, 74.5], [454.5, 74.0], [454.0, 73.5], [453.5, 73.0], [453.5, 72.0], [453.0, 71.5], [452.5, 71.0], [452.0, 70.5], [451.5, 70.0], [451.5, 69.0], [451.5, 68.0], [451.5, 67.0], [451.5, 66.0], [452.0, 65.5], [452.5, 65.0], [452.5, 64.0], [453.0, 63.5], [453.5, 63.0], [454.0, 62.5], [455.0, 62.5], [456.0, 62.5], [457.0, 62.5], [458.0, 62.5], [458.5, 63.0], [459.0, 63.5], [460.0, 63.5], [460.5, 64.0], [460.5, 65.0], [461.0, 65.5], [461.5, 66.0], [461.5, 67.0], [462.0, 67.5], [462.5, 68.0], [462.0, 68.5], [461.5, 69.0], [462.0, 69.5], [462.5, 70.0], [462.0, 70.5], [461.5, 71.0], [461.5, 72.0], [461.5, 73.0], [461.0, 73.5], [460.5, 74.0], [460.0, 74.5], [459.5, 75.0], [459.0, 75.5], [459.0, 75.5]]]}, "properties": {"image": "gotyy7utg6e8vhk53ta3_al_4_si_4_af_20.png", "iceberg_id": 2, "confidence": 0.638961672782898}}, {"type": "Feature", "geometry": {"type": "Polygon", "coordinates": [[[553.0, 169.5], [552.0, 169.5], [551.0, 169.5], [550.0, 169.5], [549.5, 169.0], [549.0, 168.5], [548.5, 168.0], [548.0, 167.5], [547.5, 167.0], [547.5, 166.0], [547.5, 165.0], [548.0, 164.5], [548.5, 164.0], [549.0, 163.5], [550.0, 163.5], [550.5, 163.0], [551.0, 162.5], [551.5, 163.0], [552.0, 163.5], [553.0, 163.5], [553.5, 164.0], [554.0, 164.5], [554.5, 165.0], [554.5, 166.0], [554.5, 167.0], [554.5, 168.0], [554.0, 168.5], [553.5, 169.0], [553.0, 169.5], [553.0, 169.5]]]}, "properties": {"image": "gotyy7utg6e8vhk53ta3_al_4_si_4_af_20.png", "iceberg_id": 3, "confidence": 0.638961672782898}}, {"type": "Feature", "geometry": {"type": "Polygon", "coordinates": [[[291.0, 284.5], [290.0, 284.5], [289.0, 284.5], [288.0, 284.5], [287.0, 284.5], [286.0, 284.5], [285.5, 284.0], [285.0, 283.5], [284.0, 283.5], [283.5, 283.0], [283.5, 282.0], [283.0, 281.5], [282.5, 281.0], [282.0, 280.5], [281.5, 280.0], [281.5, 279.0], [281.5, 278.0], [281.0, 277.5], [280.5, 277.0], [280.5, 276.0], [280.5, 275.0], [281.0, 274.5], [281.5, 274.0], [281.5, 273.0], [281.5, 272.0], [281.5, 271.0], [281.5, 270.0], [282.0, 269.5], [282.5, 269.0], [283.0, 268.5], [283.5, 268.0], [283.5, 267.0], [284.0, 266.5], [284.5, 266.0], [285.0, 265.5], [285.5, 265.0], [286.0, 264.5], [287.0, 264.5], [288.0, 264.5], [289.0, 264.5], [290.0, 264.5], [290.5, 265.0], [291.0, 265.5], [292.0, 265.5], [292.5, 266.0], [293.0, 266.5], [293.5, 267.0], [293.5, 268.0], [294.0, 268.5], [294.5, 269.0], [294.5, 270.0], [294.5, 271.0], [295.0, 271.5], [295.5, 272.0], [295.5, 273.0], [295.5, 274.0], [295.5, 275.0], [295.5, 276.0], [295.5, 277.0], [295.5, 278.0], [295.5, 279.0], [295.0, 279.5], [294.5, 280.0], [294.5, 281.0], [294.0, 281.5], [293.5, 282.0], [293.5, 283.0], [293.0, 283.5], [292.0, 283.5], [291.5, 284.0], [291.0, 284.5], [291.0, 284.5]]]}, "properties": {"image": "gotyy7utg6e8vhk53ta3_al_4_si_4_af_20.png", "iceberg_id": 4, "confidence": 0.638961672782898}}, {"type": "Feature", "geometry": {"type": "Polygon", "coordinates": [[[320.0, 357.5], [319.0, 357.5], [318.5, 357.0], [318.0, 356.5], [317.5, 356.0], [317.0, 355.5], [316.5, 355.0], [316.5, 354.0], [316.5, 353.0], [316.5, 352.0], [317.0, 351.5], [317.5, 351.0], [317.5, 350.0], [318.0, 349.5], [318.5, 349.0], [318.5, 348.0], [319.0, 347.5], [319.5, 347.0], [319.5, 346.0], [320.0, 345.5], [321.0, 345.5], [321.5, 345.0], [322.0, 344.5], [323.0, 344.5], [324.0, 344.5], [324.5, 345.0], [325.0, 345.5], [325.5, 346.0], [325.5, 347.0], [325.5, 348.0], [325.5, 349.0], [325.5, 350.0], [325.5, 351.0], [325.0, 351.5], [324.5, 352.0], [324.5, 353.0], [324.0, 353.5], [323.5, 354.0], [323.0, 354.5], [322.5, 355.0], [322.0, 355.5], [321.5, 356.0], [321.0, 356.5], [320.5, 357.0], [320.0, 357.5], [320.0, 357.5]]]}, "properties": {"image": "gotyy7utg6e8vhk53ta3_al_4_si_4_af_20.png", "iceberg_id": 5, "confidence": 0.638961672782898}}, {"type": "Feature", "geometry": {"type": "Polygon", "coordinates": [[[493.0, 387.5], [492.5, 387.0], [492.0, 386.5], [491.5, 387.0], [491.0, 387.5], [490.5, 387.0], [490.0, 386.5], [489.0, 386.5], [488.0, 386.5], [487.5, 386.0], [487.0, 385.5], [486.0, 385.5], [485.0, 385.5], [484.5, 385.0], [484.0, 384.5], [483.5, 384.0], [483.0, 383.5], [482.0, 383.5], [481.5, 383.0], [481.0, 382.5], [480.5, 382.0], [480.0, 381.5], [479.5, 381.0], [479.0, 380.5], [478.5, 380.0], [478.5, 379.0], [478.0, 378.5], [477.5, 378.0], [477.5, 377.0], [477.5, 376.0], [478.0, 375.5], [478.5, 375.0], [479.0, 374.5], [480.0, 374.5], [481.0, 374.5], [482.0, 374.5], [483.0, 374.5], [484.0, 374.5], [485.0, 374.5], [486.0, 374.5], [487.0, 374.5], [488.0, 374.5], [489.0, 374.5], [490.0, 374.5], [490.5, 375.0], [491.0, 375.5], [492.0, 375.5], [492.5, 376.0], [493.0, 376.5], [493.5, 377.0], [494.0, 377.5], [494.5, 378.0], [495.0, 378.5], [495.5, 379.0], [496.0, 379.5], [496.5, 380.0], [496.5, 381.0], [496.5, 382.0], [496.5, 383.0], [496.5, 384.0], [496.0, 384.5], [495.5, 385.0], [495.5, 386.0], [495.0, 386.5], [494.0, 386.5], [493.5, 387.0], [493.0, 387.5], [493.0, 387.5]]]}, "properties": {"image": "gotyy7utg6e8vhk53ta3_al_4_si_4_af_20.png", "iceberg_id": 6, "confidence": 0.638961672782898}}, {"type": "Feature", "geometry": {"type": "Polygon", "coordinates": [[[229.0, 395.5], [228.0, 395.5], [227.0, 395.5], [226.5, 395.0], [226.0, 394.5], [225.5, 394.0], [225.0, 393.5], [224.5, 393.0], [224.0, 392.5], [223.5, 392.0], [223.5, 391.0], [223.5, 390.0], [223.0, 389.5], [222.5, 389.0], [222.5, 388.0], [222.5, 387.0], [222.5, 386.0], [223.0, 385.5], [223.5, 385.0], [223.5, 384.0], [224.0, 383.5], [225.0, 383.5], [226.0, 383.5], [226.5, 384.0], [227.0, 384.5], [228.0, 384.5], [228.5, 385.0], [228.5, 386.0], [229.0, 386.5], [229.5, 387.0], [230.0, 387.5], [230.5, 388.0], [230.5, 389.0], [230.5, 390.0], [230.5, 391.0], [230.5, 392.0], [230.5, 393.0], [230.5, 394.0], [230.0, 394.5], [229.5, 395.0], [229.0, 395.5], [229.0, 395.5]]]}, "properties": {"image": "gotyy7utg6e8vhk53ta3_al_4_si_4_af_20.png", "iceberg_id": 7, "confidence": 0.638961672782898}}, {"type": "Feature", "geometry": {"type": "Polygon", "coordinates": [[[327.0, 421.5], [326.0, 421.5], [325.0, 421.5], [324.0, 421.5], [323.0, 421.5], [322.0, 421.5], [321.5, 421.0], [321.0, 420.5], [320.5, 420.0], [320.0, 419.5], [319.5, 419.0], [319.5, 418.0], [319.5, 417.0], [319.5, 416.0], [320.0, 415.5], [320.5, 415.0], [321.0, 414.5], [321.5, 414.0], [322.0, 413.5], [322.5, 414.0], [323.0, 414.5], [323.5, 414.0], [324.0, 413.5], [324.5, 414.0], [325.0, 414.5], [326.0, 414.5], [326.5, 415.0], [327.0, 415.5], [327.5, 416.0], [328.0, 416.5], [328.5, 417.0], [328.5, 418.0], [328.5, 419.0], [328.5, 420.0], [328.0, 420.5], [327.5, 421.0], [327.0, 421.5], [327.0, 421.5]]]}, "properties": {"image": "gotyy7utg6e8vhk53ta3_al_4_si_4_af_20.png", "iceberg_id": 8, "confidence": 0.638961672782898}}, {"type": "Feature", "geometry": {"type": "Polygon", "coordinates": [[[329.0, 105.5], [328.0, 105.5], [327.0, 105.5], [326.0, 105.5], [325.0, 105.5], [324.0, 105.5], [323.0, 105.5], [322.5, 105.0], [322.0, 104.5], [321.0, 104.5], [320.5, 104.0], [320.0, 103.5], [319.0, 103.5], [318.0, 103.5], [317.0, 103.5], [316.5, 103.0], [316.0, 102.5], [315.0, 102.5], [314.0, 102.5], [313.5, 102.0], [313.0, 101.5], [312.0, 101.5], [311.0, 101.5], [310.5, 101.0], [310.0, 100.5], [309.0, 100.5], [308.5, 100.0], [308.0, 99.5], [307.5, 99.0], [307.0, 98.5], [306.5, 98.0], [306.0, 97.5], [305.5, 97.0], [305.0, 96.5], [304.5, 96.0], [304.0, 95.5], [303.5, 95.0], [303.5, 94.0], [303.0, 93.5], [302.5, 93.0], [302.0, 92.5], [301.5, 92.0], [301.5, 91.0], [301.5, 90.0], [302.0, 89.5], [303.0, 89.5], [304.0, 89.5], [305.0, 89.5], [306.0, 89.5], [307.0, 89.5], [308.0, 89.5], [309.0, 89.5], [310.0, 89.5], [311.0, 89.5], [312.0, 89.5], [313.0, 89.5], [314.0, 89.5], [315.0, 89.5], [316.0, 89.5], [316.5, 90.0], [317.0, 90.5], [318.0, 90.5], [319.0, 90.5], [320.0, 90.5], [321.0, 90.5], [322.0, 90.5], [323.0, 90.5], [323.5, 91.0], [324.0, 91.5], [325.0, 91.5], [326.0, 91.5], [327.0, 91.5], [327.5, 92.0], [328.0, 92.5], [328.5, 93.0], [329.0, 93.5], [329.5, 94.0], [329.5, 95.0], [330.0, 95.5], [330.5, 96.0], [330.5, 97.0], [331.0, 97.5], [331.5, 98.0], [331.5, 99.0], [331.5, 100.0], [331.5, 101.0], [331.5, 102.0], [331.5, 103.0], [331.0, 103.5], [330.5, 104.0], [330.0, 104.5], [329.5, 105.0], [329.0, 105.5], [329.0, 105.5]]]}, "properties": {"image": "gotyy7utg6e8vhk53ta3_al_4_si_5_af_10.png", "iceberg_id": 0, "confidence": 0.6401714086532593}}, {"type": "Feature", "geometry": {"type": "Polygon", "coordinates": [[[584.0, 106.5], [583.0, 106.5], [582.0, 106.5], [581.5, 106.0], [581.0, 105.5], [580.0, 105.5], [579.5, 105.0], [579.5, 104.0], [579.0, 103.5], [578.5, 103.0], [578.5, 102.0], [578.5, 101.0], [579.0, 100.5], [579.5, 100.0], [580.0, 99.5], [581.0, 99.5], [582.0, 99.5], [583.0, 99.5], [584.0, 99.5], [584.5, 100.0], [585.0, 100.5], [585.5, 101.0], [586.0, 101.5], [586.5, 102.0], [586.5, 103.0], [586.5, 104.0], [586.0, 104.5], [585.5, 105.0], [585.0, 105.5], [584.5, 106.0], [584.0, 106.5], [584.0, 106.5]]]}, "properties": {"image": "gotyy7utg6e8vhk53ta3_al_4_si_5_af_10.png", "iceberg_id": 1, "confidence": 0.6401714086532593}}, {"type": "Feature", "geometry": {"type": "Polygon", "coordinates": [[[441.0, 121.5], [440.0, 121.5], [439.5, 121.0], [439.5, 120.0], [440.0, 119.5], [440.5, 120.0], [441.0, 120.5], [441.5, 121.0], [441.0, 121.5], [441.0, 121.5]]]}, "properties": {"image": "gotyy7utg6e8vhk53ta3_al_4_si_5_af_10.png", "iceberg_id": 2, "confidence": 0.6401714086532593}}, {"type": "Feature", "geometry": {"type": "Polygon", "coordinates": [[[124.0, 162.5], [123.0, 162.5], [122.0, 162.5], [121.0, 162.5], [120.0, 162.5], [119.0, 162.5], [118.0, 162.5], [117.0, 162.5], [116.0, 162.5], [115.0, 162.5], [114.5, 162.0], [114.0, 161.5], [113.5, 161.0], [113.5, 160.0], [113.5, 159.0], [113.5, 158.0], [114.0, 157.5], [115.0, 157.5], [115.5, 157.0], [116.0, 156.5], [117.0, 156.5], [117.5, 156.0], [118.0, 155.5], [119.0, 155.5], [120.0, 155.5], [121.0, 155.5], [122.0, 155.5], [123.0, 155.5], [124.0, 155.5], [124.5, 156.0], [125.0, 156.5], [125.5, 157.0], [126.0, 157.5], [126.5, 158.0], [126.5, 159.0], [126.5, 160.0], [126.0, 160.5], [125.5, 161.0], [125.0, 161.5], [124.5, 162.0], [124.0, 162.5], [124.0, 162.5]]]}, "properties": {"image": "gotyy7utg6e8vhk53ta3_al_4_si_5_af_10.png", "iceberg_id": 3, "confidence": 0.6401714086532593}}, {"type": "Feature", "geometry": {"type": "Polygon", "coordinates": [[[231.0, 176.5], [230.0, 176.5], [229.0, 176.5], [228.5, 176.0], [228.0, 175.5], [227.0, 175.5], [226.5, 175.0], [226.5, 174.0], [226.5, 173.0], [226.5, 172.0], [226.5, 171.0], [227.0, 170.5], [227.5, 170.0], [228.0, 169.5], [229.0, 169.5], [230.0, 169.5], [230.5, 169.0], [230.5, 168.0], [230.5, 167.0], [230.5, 166.0], [231.0, 165.5], [231.5, 165.0], [231.5, 164.0], [231.5, 163.0], [232.0, 162.5], [232.5, 162.0], [233.0, 161.5], [233.5, 161.0], [233.5, 160.0], [234.0, 159.5], [235.0, 159.5], [236.0, 159.5], [237.0, 159.5], [238.0, 159.5], [239.0, 159.5], [240.0, 159.5], [240.5, 160.0], [241.0, 160.5], [241.5, 161.0], [241.5, 162.0], [242.0, 162.5], [242.5, 163.0], [242.5, 164.0], [242.0, 164.5], [241.5, 165.0], [241.5, 166.0], [241.0, 166.5], [240.0, 166.5], [239.5, 167.0], [239.0, 167.5], [238.0, 167.5], [237.0, 167.5], [236.5, 168.0], [236.0, 168.5], [235.0, 168.5], [234.0, 168.5], [233.5, 169.0], [233.0, 169.5], [232.5, 170.0], [232.5, 171.0], [232.5, 172.0], [233.0, 172.5], [233.5, 173.0], [233.0, 173.5], [232.5, 174.0], [232.5, 175.0], [232.0, 175.5], [231.5, 176.0], [231.0, 176.5], [231.0, 176.5]]]}, "properties": {"image": "gotyy7utg6e8vhk53ta3_al_4_si_5_af_10.png", "iceberg_id": 4, "confidence": 0.6401714086532593}}, {"type": "Feature", "geometry": {"type": "Polygon", "coordinates": [[[212.0, 184.5], [211.5, 184.0], [212.0, 183.5], [212.5, 184.0], [212.0, 184.5], [212.0, 184.5]]]}, "properties": {"image": "gotyy7utg6e8vhk53ta3_al_4_si_5_af_10.png", "iceberg_id": 5, "confidence": 0.6401714086532593}}, {"type": "Feature", "geometry": {"type": "Polygon", "coordinates": [[[509.0, 200.5], [508.0, 200.5], [507.0, 200.5], [506.5, 200.0], [506.0, 199.5], [505.5, 199.0], [505.5, 198.0], [505.5, 197.0], [505.5, 196.0], [506.0, 195.5], [507.0, 195.5], [508.0, 195.5], [509.0, 195.5], [510.0, 195.5], [510.5, 196.0], [510.5, 197.0], [510.5, 198.0], [510.5, 199.0], [510.0, 199.5], [509.5, 200.0], [509.0, 200.5], [509.0, 200.5]]]}, "properties": {"image": "gotyy7utg6e8vhk53ta3_al_4_si_5_af_10.png", "iceberg_id": 6, "confidence": 0.6401714086532593}}, {"type": "Feature", "geometry": {"type": "Polygon", "coordinates": [[[242.0, 215.5], [241.0, 215.5], [240.0, 215.5], [239.0, 215.5], [238.0, 215.5], [237.0, 215.5], [236.0, 215.5], [235.0, 215.5], [234.5, 215.0], [234.0, 214.5], [233.5, 214.0], [233.0, 213.5], [232.5, 213.0], [232.0, 212.5], [231.5, 212.0], [232.0, 211.5], [232.5, 211.0], [232.5, 210.0], [233.0, 209.5], [233.5, 209.0], [234.0, 208.5], [235.0, 208.5], [235.5, 208.0], [236.0, 207.5], [237.0, 207.5], [238.0, 207.5], [239.0, 207.5], [240.0, 207.5], [241.0, 207.5], [242.0, 207.5], [243.0, 207.5], [244.0, 207.5], [244.5, 208.0], [245.0, 208.5], [246.0, 208.5], [246.5, 209.0], [247.0, 209.5], [247.5, 210.0], [247.5, 211.0], [247.5, 212.0], [247.5, 213.0], [247.0, 213.5], [246.0, 213.5], [245.5, 214.0], [245.0, 214.5], [244.0, 214.5], [243.0, 214.5], [242.5, 215.0], [242.0, 215.5], [242.0, 215.5]]]}, "properties": {"image": "gotyy7utg6e8vhk53ta3_al_4_si_5_af_10.png", "iceberg_id": 7, "confidence": 0.6401714086532593}}, {"type": "Feature", "geometry": {"type": "Polygon", "coordinates": [[[359.0, 335.5], [358.0, 335.5], [357.0, 335.5], [356.0, 335.5], [355.0, 335.5], [354.0, 335.5], [353.0, 335.5], [352.5, 335.0], [352.0, 334.5], [351.5, 334.0], [351.0, 333.5], [350.5, 333.0], [350.5, 332.0], [351.0, 331.5], [351.5, 331.0], [352.0, 330.5], [352.5, 330.0], [353.0, 329.5], [354.0, 329.5], [354.5, 329.0], [355.0, 328.5], [356.0, 328.5], [357.0, 328.5], [358.0, 328.5], [359.0, 328.5], [359.5, 329.0], [360.0, 329.5], [361.0, 329.5], [361.5, 330.0], [361.5, 331.0], [362.0, 331.5], [362.5, 332.0], [362.0, 332.5], [361.5, 333.0], [361.5, 334.0], [361.0, 334.5], [360.0, 334.5], [359.5, 335.0], [359.0, 335.5], [359.0, 335.5]]]}, "properties": {"image": "gotyy7utg6e8vhk53ta3_al_4_si_5_af_10.png", "iceberg_id": 8, "confidence": 0.6401714086532593}}, {"type": "Feature", "geometry": {"type": "Polygon", "coordinates": [[[402.0, 377.5], [401.0, 377.5], [400.0, 377.5], [399.0, 377.5], [398.5, 377.0], [398.0, 376.5], [397.5, 376.0], [397.5, 375.0], [397.5, 374.0], [398.0, 373.5], [398.5, 373.0], [399.0, 372.5], [400.0, 372.5], [401.0, 372.5], [401.5, 373.0], [402.0, 373.5], [402.5, 374.0], [403.0, 374.5], [403.5, 375.0], [403.5, 376.0], [403.0, 376.5], [402.5, 377.0], [402.0, 377.5], [402.0, 377.5]]]}, "properties": {"image": "gotyy7utg6e8vhk53ta3_al_4_si_5_af_10.png", "iceberg_id": 9, "confidence": 0.6401714086532593}}, {"type": "Feature", "geometry": {"type": "Polygon", "coordinates": [[[526.0, 392.5], [525.0, 392.5], [524.0, 392.5], [523.0, 392.5], [522.0, 392.5], [521.0, 392.5], [520.0, 392.5], [519.5, 392.0], [519.0, 391.5], [518.0, 391.5], [517.5, 391.0], [517.0, 390.5], [516.5, 390.0], [516.5, 389.0], [516.0, 388.5], [515.5, 388.0], [516.0, 387.5], [516.5, 387.0], [517.0, 386.5], [517.5, 386.0], [518.0, 385.5], [519.0, 385.5], [519.5, 385.0], [520.0, 384.5], [521.0, 384.5], [522.0, 384.5], [523.0, 384.5], [524.0, 384.5], [524.5, 385.0], [525.0, 385.5], [526.0, 385.5], [526.5, 386.0], [527.0, 386.5], [527.5, 387.0], [527.5, 388.0], [527.5, 389.0], [527.5, 390.0], [527.5, 391.0], [527.0, 391.5], [526.5, 392.0], [526.0, 392.5], [526.0, 392.5]]]}, "properties": {"image": "gotyy7utg6e8vhk53ta3_al_4_si_5_af_10.png", "iceberg_id": 10, "confidence": 0.6401714086532593}}, {"type": "Feature", "geometry": {"type": "Polygon", "coordinates": [[[291.0, 407.5], [290.0, 407.5], [289.0, 407.5], [288.0, 407.5], [287.5, 407.0], [287.5, 406.0], [287.0, 405.5], [286.5, 405.0], [287.0, 404.5], [287.5, 404.0], [288.0, 403.5], [288.5, 404.0], [289.0, 404.5], [290.0, 404.5], [290.5, 405.0], [291.0, 405.5], [291.5, 406.0], [291.5, 407.0], [291.0, 407.5], [291.0, 407.5]]]}, "properties": {"image": "gotyy7utg6e8vhk53ta3_al_4_si_5_af_10.png", "iceberg_id": 11, "confidence": 0.6401714086532593}}, {"type": "Feature", "geometry": {"type": "Polygon", "coordinates": [[[410.0, 418.5], [409.5, 418.0], [409.0, 417.5], [408.5, 417.0], [409.0, 416.5], [409.5, 416.0], [410.0, 415.5], [410.5, 416.0], [410.5, 417.0], [410.5, 418.0], [410.0, 418.5], [410.0, 418.5]]]}, "properties": {"image": "gotyy7utg6e8vhk53ta3_al_4_si_5_af_10.png", "iceberg_id": 12, "confidence": 0.6401714086532593}}, {"type": "Feature", "geometry": {"type": "Polygon", "coordinates": [[[63.0, 588.5], [62.0, 588.5], [61.0, 588.5], [60.0, 588.5], [59.0, 588.5], [58.5, 588.0], [58.0, 587.5], [57.5, 587.0], [57.0, 586.5], [56.5, 586.0], [56.5, 585.0], [56.0, 584.5], [55.5, 584.0], [55.5, 583.0], [55.5, 582.0], [55.0, 581.5], [54.5, 581.0], [54.5, 580.0], [54.5, 579.0], [54.0, 578.5], [53.5, 578.0], [53.5, 577.0], [53.5, 576.0], [53.5, 575.0], [53.5, 574.0], [53.5, 573.0], [54.0, 572.5], [54.5, 572.0], [55.0, 571.5], [56.0, 571.5], [57.0, 571.5], [58.0, 571.5], [59.0, 571.5], [60.0, 571.5], [61.0, 571.5], [62.0, 571.5], [62.5, 572.0], [63.0, 572.5], [64.0, 572.5], [65.0, 572.5], [66.0, 572.5], [66.5, 573.0], [67.0, 573.5], [68.0, 573.5], [68.5, 574.0], [69.0, 574.5], [70.0, 574.5], [70.5, 575.0], [70.5, 576.0], [71.0, 576.5], [71.5, 577.0], [71.5, 578.0], [71.5, 579.0], [71.5, 580.0], [71.5, 581.0], [71.5, 582.0], [71.0, 582.5], [70.5, 583.0], [70.5, 584.0], [70.0, 584.5], [69.5, 585.0], [69.0, 585.5], [68.5, 586.0], [68.0, 586.5], [67.0, 586.5], [66.5, 587.0], [66.0, 587.5], [65.0, 587.5], [64.0, 587.5], [63.5, 588.0], [63.0, 588.5], [63.0, 588.5]]]}, "properties": {"image": "gotyy7utg6e8vhk53ta3_al_4_si_5_af_10.png", "iceberg_id": 13, "confidence": 0.6401714086532593}}]}